Shop Name,Address 1,Address 2,City,State/Province,Zip/Postcode,Country,Website,Phone,Email,Added,Updated,CBD,Biz Type,MJ,Kratom,Buyer name ,Title 
D & D Cigar & Cigarette Emporium,2591 PA-903,,Albrightsville,PA,18210,US,,5707224665,,2020-08-11,,,T,,,,
Purely CBD,2061 Broadhead St,,Aliquippa,PA,15001,US,https://www.purelycbd.net/,7249201520,,2020-11-03,,Yes,C,CBD,,,
Tobacco 4 Less,2719 Brodhead Rd,,Aliquippa,PA,15001,US,http://www.t4lstores.com/,7247881398,,2018-08-17,2020-04-11,Yes,S,CBD,Yes,,
Allentown Smoke Shop,4787 Tilghman St,,Allentown,PA,18104,US,http://www.allentownsmokeshop.com/,4842219355,,2019-07-17,2019-07-17,,T,,Yes,,
"Barraco Flavour ""La Cuevita""",113 N 9th St,,Allentown,PA,18102,US,,6103514154,barracoflavour@gmail.com,2019-09-08,2019-09-08,Yes,S,CBD,,,
"Condoms Galore - Allentown, PA",1980 Catasauqua Rd,,Allentown,PA,18109,US,http://www.condomsgalore.com,6102667710,,2018-11-21,,,H,,,,
Express Smoke Shop Drive Thru,943 Union Blvd,,Allentown,PA,18109,US,,4843503159,expresssmokeshopdrivethru@gmail.com,2020-02-18,,Yes,S,CBD,Yes,,
F5 Variety Store,1401 Union Blvd,,Allentown,PA,18109,US,http://f5varietystore.com/,6103511809,f5varietystore@live.com,2018-12-25,2018-12-25,Yes,C,CBD,Yes,,
G & R Cigarette & Cigar Outlet,1730 S 4th St,,Allentown,PA,18103,US,,6107975930,,2019-11-12,2019-11-12,,T,,,,
Smoker's Express,1910 Catasauqua Rd,,Allentown,PA,18109,US,,6102649411,,2019-05-14,,,T,,,,
Smokin' Zone,1091 Mill Creek Rd #121,,Allentown,PA,18106,US,http://smokinzone.vpweb.com/,6104819368,,2018-08-16,2019-12-11,Yes,T,CBD,,,
Smooth Roots CBD,911 Hamilton St,,Allentown,PA,18101,US,https://smoothroots.co/,6106758740,info@smoothroots.co,2020-07-17,2020-07-17,Yes,C,CBD,,,
Tobacco Shop,1595 Lehigh St,,Allentown,PA,18103,US,,6107976862,,2019-05-24,,,S,,,,
Vapor Galleria,4672 Broadway,,Allentown,PA,18104,US,https://vaporgalleria.com/,6103958273,info@vaporgalleria.com,2018-08-17,2020-02-16,Yes,V,CBD,,,
Your CBD Store,4680 Broadway,,Allentown,PA,18104,US,https://cbdrx4u.com,4848603061,allentown589@cbdrx4u.com,2020-12-07,,Yes,C,CBD,,,
Cool Vapes,4960 William Flinn Hwy,,Allison Park,PA,15101,US,https://www.coolvapes.com/,7249393275,info@coolvapes.com,2018-08-06,2022-02-14,Yes,V,CBD,,,
Herbal Equipment and Distribution,222 W Plank Rd,,Altoona,PA,16602,US,https://herbal-equipment-and-distribution.business.site/,8149412111,herbalequipmentanddistribution@gmail.com,2018-12-13,2021-08-24,Yes,H,CBD,Yes,,
Puff Super Value,706 N 4th Ave,,Altoona,PA,16601,US,http://puffsv.com/,8149415625,,2020-07-24,,,T,,,,
Puff Super Value,3005 Walnut Ave,,Altoona,PA,16601,US,http://puffsv.com/,8142012153,,2020-02-06,,Yes,T,CBD,,,
Smokers Express,400 S Logan Blvd,,Altoona,PA,16602,US,,8149402071,,2020-03-11,,,S,,Yes,,
Smokers Square,3014 Pleasant Valley Blvd,,Altoona,PA,16602,US,,8142012067,smokesquareusa@gmail.com,2021-08-24,,,S,,,,
Vape Vibe,415 Orchard Ave #C,,Altoona,PA,16602,US,http://www.vape-vibe.com/,8142012327,vapevibe@gmail.com,2018-08-17,2021-08-24,,V,,,,
Vapor Expressions,1801 20th Ave,,Altoona,PA,16601,US,https://www.vaporexpressions.net/,8149461900,rus@vaporexpressions.com,2018-08-17,2020-02-16,Yes,V,CBD,,,
"Your CBD Store - Altoona, PA",415 Orchard Ave,,Altoona,PA,16601,US,https://cbdrx4u.com/,8149240240,cbd3507@gmail.com,2019-09-16,2019-09-16,Yes,C,CBD,,,
The Local Vapor,5 N Main St,,Ambler,PA,19002,US,http://www.thelocalvapor.com/,2156468273,thelocalvapor@gmail.com,2018-08-16,2020-02-14,Yes,V,CBD,,,
CBD Store - Ambridge,1221 Merchant St,,Ambridge,PA,15003,US,,7242660508,,2020-12-01,,Yes,C,CBD,,,
Roll With It,909 Merchant St,,Ambridge,PA,15003,US,https://rollwithittobaccooutlet.com/,7242667655,,2019-05-09,2019-05-09,Yes,S,CBD,,,
Vape & Roll With It,751 Merchant St,,Ambridge,PA,15003,US,https://vapeandrollwithit.business.site/,7242667655,vapewithit@gmail.com,2018-08-17,2022-04-21,Yes,S,CBD,,,
Puff Discount Tobacco,1908 River Rd,,Apollo,PA,15613,US,,7244781376,,2020-02-05,,,T,,,,
Smoke Rings,7 Kennedy Dr #2,,Archbald,PA,18403,US,,5703978966,,2020-02-20,,,S,,,,
Free Will Collective,8 Cricket Ave,,Ardmore,PA,19003,US,https://free-will-art-collective.shoplightspeed.com/,6106126092,will@freewillglass.com,2021-09-06,,Yes,H,CBD,,,
Smokin' Joe's Tobacco Shop,706 Centre St,,Ashland,PA,17921,US,http://www.gotojoes.info/,5708754828,,2019-10-16,,,T,,,,
Aston Smoke Shop,4752 Pennell Rd,,Aston,PA,19014,US,,4848160541,astonsmokeshop1@gmail.com,2019-07-19,2019-07-19,,S,,Yes,,
Super Loa,301 Montgomery Ave,,Bala Cynwyd,PA,19004,US,,6102270331,info@superloa.com,2021-12-06,2021-12-06,Yes,C,CBD,,,
Cigarette & Cigar Outlet,3573 PA-611,,Bartonsville,PA,18321,US,,5702130262,,2020-08-10,,Yes,S,CBD,Yes,,
Liquid Coils,3410 4th Ave Ste D,,Beaver Falls,PA,15010,US,,7245814955,liquidcoils@gmail.com,2018-08-06,2019-12-28,Yes,V,CBD,,,
Mom N Pop CBD And Wellness Shop,828 PA-100 #A,,Bechtelsville,PA,19505,US,https://drbrownscbd.com/,4844155037,raybrownjr3@aol.com,2021-03-12,,Yes,C,CBD,,,
C & S Vapors,116 W Pitt St,,Bedford,PA,15522,US,https://csvapors.weebly.com/,8149792591,csvapors@yahoo.com,2015-12-30,2019-03-08,Yes,V,CBD,,,
Puff Super Value,442 E Pitt St,,Bedford,PA,15522,US,http://puffsv.com/,8146235281,,2020-02-06,,,T,,,,
America's CBD Store,158 Tri County Lane Ste 2,,Belle Vernon,PA,15012,US,https://www.mazcocbd.com/,7246787148,mazcocbd@gmail.com,2020-11-17,2020-11-17,Yes,C,CBD,,,
Hey Juicy,540 Broad Ave Ste 2,,Belle Vernon,PA,15012,US,http://heyjuicyeliquid.com/,7243179360,heyjuicyeliquid@gmail.com,2018-08-06,2019-12-25,Yes,V,CBD,,,
Tobacco World,172 Finley Rd,,Belle Vernon,PA,15012,US,https://www.tobaccoworldpa.com/,7249300112,tobaccoworldbellevernon@gmail.com,2018-08-17,2020-04-15,Yes,S,CBD,,,
Vape On Tap,4916 PA-51 S,,Belle Vernon,PA,15012,US,https://vapeontap.net/,7248238192,,2017-09-22,2019-01-18,,V,,,,
Smokers Express,141 Bishop St,,Bellefonte,PA,16823,US,,8143536454,,2020-03-11,,,T,,,,
Bellevue Tobacco,615 Lincoln Ave,,Bellevue,PA,15202,US,,4127619717,,2021-08-02,,Yes,S,CBD,Yes,,
"Your CBD Store - Bellevue, PA",512 Lincoln Ave,,Bellevue,PA,15202,US,https://cbdrx4u.com/,4123079257,bellevue360@cbdrx4u.com,2019-09-16,2019-09-16,Yes,C,CBD,,,
Casual Vapes,2078 Street Rd,,Bensalem,PA,19020,US,,2675235132,casualvapes@gmail.com,2015-07-23,2019-03-07,,V,,,,
First Stop Tobacco Shop,919 Bristol Pike,,Bensalem,PA,19020,US,https://firststoptobacco.com/,2152441441,fstsbensalem@gmail.com,2021-09-16,,Yes,T,CBD,Yes,,
First Stop Tobacco Shop,1606 Street Rd,,Bensalem,PA,19020,US,,2152441616,,2019-11-29,,Yes,T,CBD,Yes,,
Fog City Vapor,3563 Hulmeville Rd,,Bensalem,PA,19020,US,,2154478683,info@fogcityvapor.com,2015-04-15,2018-12-28,Yes,V,CBD,,,
Good Vibes Vape & Smoke,1564 Bristol Pike,,Bensalem,PA,19020,US,https://good-vibes-vape-smoke-shop.business.site/,2675228239,goodvibesphilly@outlook.com,2020-07-25,,Yes,S,CBD,Yes,,
Smoker's Hut,1648 Hulmeville Rd,,Bensalem,PA,19020,US,,2152446005,,2021-09-20,,,T,,,,
Tobacco Express,4201 Neshaminy Blvd,,Bensalem,PA,19020,US,,2154855091,,2021-09-21,,Yes,S,CBD,Yes,,
The Juice Vaporium,337 W Front St,,Berwick,PA,18603,US,,5705207115,,2018-04-09,2019-06-18,,V,,,,
The Mystery Box,201 E 2nd St,,Berwick,PA,18603,US,,5705204053,themysteryboxrocks@hotmail.com,2018-10-28,2018-10-28,,H,,,,
88 Tobacco Discount,5815 Library Rd,,Bethel Park,PA,15102,US,,4125958358,,2019-07-14,,,T,,,,
CBD Wellness Store,101 Stuart St,,Bethel Park,PA,15102,US,http://www.cbdwellnessstorepa.com,4123472478,info@cbdwellnessstorepa.com,2020-02-04,2020-02-04,Yes,C,CBD,,,
Choice Tobacco,5129 Brightwood Rd,,Bethel Park,PA,15102,US,,4128544202,drivecr@gmail.com,2021-08-02,2021-08-02,Yes,S,CBD,Yes,,
Smoke Connection,4982 Library Rd,,Bethel Park,PA,15102,US,https://smokeconnection.business.site/,4125957273,,2020-03-10,,Yes,S,CBD,Yes,,
Cigar & Cigarette Outlet,2158 Stefko Blvd,,Bethlehem,PA,18017,US,http://cigarcigaretteoutlet.business.site/,6108492008,,2019-08-06,,,T,,,,
"Good Guy Vapes, Glass & CBD",1525 Easton Ave,,Bethlehem,PA,18018,US,https://goodguyvapes.com/,4848930802,info@goodguyvapes.com,2021-09-16,,Yes,V,CBD,,,
Primal Glass Smoke & Vape,311 W Broad St,,Bethlehem,PA,18018,US,https://myprimal.com/,6108824252,primalglass@gmail.com,2018-10-09,,,S,,,,
Puff Pass Glass,11 E 4th St,,Bethlehem,PA,18105,US,,4842727833,ppgwholesale@gmail.com,2018-12-26,,Yes,H,CBD,Yes,,
The Vaping Oasis,224 Nazareth Pike #1,,Bethlehem,PA,18020,US,http://thevapingoasis.com/,6103652363,thevapingoasis@yahoo.com,2018-08-17,2020-02-16,Yes,V,CBD,,,
Watts Tobacco Outlet,44 W Market St,,Blairsville,PA,15717,US,,7244595880,,2019-09-13,,,T,,,,
Tobacco & Vapor Smoke Shop,8537 Allentown Pike #1,,Blandon,PA,19510,US,https://tobacco-vapor-shop.business.site/,4843345678,,2020-08-10,,Yes,S,CBD,Yes,,
Allegheny Smokeworks,217 Freeport Rd,,Blawnox,PA,15238,US,https://www.alleghenysmokeworks.com/,4128286653,info@alleghenysmokeworks.com,2018-09-17,2019-02-02,,T,,,,
Vapor Connection,610 Center Ave,,Blawnox,PA,15238,US,http://www.vaporconnectionllc.com/,4128283191,yourvaporcvonnection@gmail.com,2018-08-17,2020-02-16,Yes,V,CBD,Yes,,
Althea's Imaginarium,40 E Main St,,Bloomsburg,PA,17815,US,http://altheasimaginarium.com/,5707840444,altheasimaginarium@yahoo.com,2019-01-01,,Yes,H,CBD,,,
Reflections Redux,120 E Main St,,Bloomsburg,PA,17815,US,,5707842614,reflectionzbloomsburgpa@gmail.com,2018-08-06,2019-09-01,Yes,H,CBD,Yes,,
The Juice Vaporium,1933 Columbia Blvd,,Bloomsburg,PA,17815,US,http://thejuicevaporium.com,5702458886,thejuicevaporium@gmail.com,2018-09-30,2018-11-13,,V,,,,
Boogaloo Vape Shop,2611 Chichester Ave,,Boothwyn,PA,19061,US,http://www.boogaloovapeshop.com/,4844837770,,2018-08-14,2020-02-10,Yes,V,CBD,,,
JSS Vape Shop,57 Main St,,Bradford,PA,16701,US,https://jss-vape-shop.business.site/,8145960082,jssvapeshop@gmail.com,2021-08-23,,Yes,V,CBD,,,
Vape Crusades,522 Washington Ave,,Bridgeville,PA,15017,US,http://www.vapecrusades.com/,4123197087,vapecrusades@gmail.com,2018-08-06,2020-01-05,Yes,V,CBD,,,
BP Smoke Shop,212 Commerce Cir,,Bristol,PA,19007,US,,2157881767,bp.smokeshop@gmail.com,2018-08-16,2020-02-13,Yes,S,CBD,Yes,,
Smoke Shop,823 Veteran Hwy,,Bristol,PA,19007,US,,2157880683,,2020-02-25,,,S,,,,
Smokin' Joe's Tobacco Shop,228 Bristol Pike Ste A,,Bristol,PA,19007,US,http://www.gotojoes.com/,2158268420,customerservice@gotojoes.com,2018-08-16,2019-06-16,,S,,,,
Kim's Tobacco Stop,110 Shafer Dr #103,,Brodheadsville,PA,18322,US,,5704020102,,2021-02-24,2021-02-24,,S,,,,
Pocono Cloud Company,1636 US-209 Ste 108,,Brodheadsville,PA,18322,US,http://www.poconocloudcompanyvapeshop.com/,5706640356,poconoclouco@gmail.com,2018-09-30,2019-11-24,Yes,V,CBD,,,
Burman's Health Shop,3409 Edgmont Ave,,Brookhaven,PA,19015,US,https://www.burmanshealthshop.com/,6108748418,marty@burmanshealthshop.com,2019-11-12,,Yes,C,CBD,,,
Prime Tobacco Outlet,3219 Edgmont Ave,,Brookhaven,PA,19015,US,,4844808685,primetobacco3219@gmail.com,2019-06-19,,Yes,S,CBD,Yes,,
Rebel Indian Smoke Shop,4101 Edgmont Ave,,Brookhaven,PA,19015,US,,6104991711,,2020-02-08,2020-02-08,Yes,S,CBD,Yes,,
AT Vapors,30 S Sproul Rd,,Broomall,PA,19008,US,https://atvapors.com/,4844206750,info@atvapors.com,2020-11-18,,Yes,V,CBD,,,
Illadelph By All in One Smoke Shop,1012 W Lancaster Ave,,Bryn Mawr,PA,19010,US,https://allin1smokeshop.com/smoke-shop-bryn-mawr/,6105258100,support@allin1smokeshop.com,2021-09-06,,,H,,,,
Vegas Vapes,876 W Lancaster Ave,,Bryn Mawr,PA,19010,US,https://www.vegasvapesshop.com/,4842226159,vegasvapes876@gmail.com,2018-08-17,2020-02-14,Yes,V,CBD,Yes,,
3B's Tobacco & Brew,118 Point Plaza,,Butler,PA,16001,US,,7242871935,brew3bstobacco@aol.com,2019-07-13,,,T,,,,
Benjamin Beetle,106 N Main St,,Butler,PA,16001,US,,7248410049,benjaminbeetle@gmail.com,2018-12-12,2018-12-12,,H,,,,
Cloud 9 Vapor,186 New Castle Rd,,Butler,PA,16001,US,http://thecloud9vapor.com,7242820897,,2016-06-01,2019-03-07,Yes,V,CBD,,,
Godfather Vapors,109 W New Castle St,,Butler,PA,16001,US,http://www.godfathervapors.com/,7242849678,bobbybats@godfathervapors.com,2014-12-19,2018-12-24,Yes,V,CBD,Yes,,
Island Tobacco,108 Pillow St,,Butler,PA,16001,US,,7242822114,,2019-12-17,,Yes,S,CBD,,,
Rollies Tobacco & Vaping Supplies,1640 N Main St Ext Ste 8,,Butler,PA,16001,US,,7242569336,,2019-05-09,2020-02-11,Yes,S,CBD,,,
"Your CBD Store - Butler, PA",540 Evans City Rd,,Butler,PA,16001,US,https://cbdrx4u.com/,7244826540,cbd3507@gmail.com,2019-09-16,2019-09-16,Yes,C,CBD,,,
Ace of Vapes,3401 Hartzdale Dr Ste 128,,Camp Hill,PA,17011,US,https://aovcamphill.com/,7176596802,retail@aceofvapes.us,2015-03-02,2020-11-16,Yes,V,CBD,,,
CBD American Shaman of New Cumberland,1104 Carlisle Rd,,Camp Hill,PA,17011,US,,7175773697,shamanofyorkcedarcliff@gmail.com,2019-11-08,,Yes,C,CBD,,,
Deep Six CBD,3506 Capital City Mall Dr,,Camp Hill,PA,19020,US,https://www.deepsixcbd.com/,7176786674,customerservice@deepsixcbd.com,2019-12-28,2019-12-28,Yes,C,CBD,,,
Excitement Smokin Camp Hill,3401 Hartzdale Dr Ste 134,,Camp Hill,PA,17011,US,https://www.iloveexcitementsmokin.com/,7175106384,smokin@excitementemail.com,2019-11-10,2019-11-10,Yes,H,CBD,,,
LifeSmoke Vapors,3300 Hartzdale Dr Ste 103,,Camp Hill,PA,17011,US,https://shop.lifesmokevapors.com/,7172103123,info@lifesmokevapors.com,2018-09-30,2018-11-11,,V,,,,
Quit That Grit Vape Shop and Lounge,2206 Gettysburg Rd,,Camp Hill,PA,17011,US,https://www.quitthatgrit.com/,7179827848,support@quitthatgrit.com,2018-08-06,2019-12-31,Yes,V,CBD,,,
Guntown Vape,125 W Pike St,,Canonsburg,PA,15317,US,,7247458696,guntownboards@gmail.com,2018-08-06,2021-01-20,Yes,V,CBD,,,
Your CBD Store,110 W McMurray Rd,,Canonsburg,PA,15317,US,https://cbdrx4u.com,7248204823,canonsburg555@cbdrx4u.com,2020-12-07,,Yes,C,CBD,,,
Endless Mountain Glass Gallery,45 S Main St,,Carbondale,PA,18407,US,https://endless-mountain-glass-gallery.business.site/,5703976035,endlessmountainsglass@gmail.com,2021-01-01,,Yes,H,CBD,,,
Mr B's Tobacco Shop,27 Salem Ave #2,,Carbondale,PA,18407,US,,5702819199,mrbtobaccoshop@icontech.com,2020-01-21,,,S,,,,
"CBD American Shaman of Carlisle, PA",404 E High St Ste 300,,Carlisle,PA,17013,US,https://cbdamericanshaman.com/,7172546643,michaelreisinger@vitalityorganics.org,2019-11-11,,Yes,C,CBD,,,
Puff & Bean Inc.,950 Walnut Bottom Rd Ste 6,,Carlisle,PA,17015,US,,7177018822,puffbeaninc@gmail.com,2018-10-31,,Yes,S,CBD,Yes,,
Red Devil Vapor,680 N Hanover St,,Carlisle,PA,17013,US,,7174225197,680reddevil@gmail.com,2015-07-19,2019-05-09,Yes,V,CBD,,,
Smoker's Express,200 S Spring Garden St Ste 4,,Carlisle,PA,17013,US,http://www.smokersexpress.net/,7172459281,,2020-03-08,2020-03-08,Yes,T,CBD,,,
Wicked Vaporz Carlisle,1156 Walnut Bottom Rd Ste 5,,Carlisle,PA,17013,US,,7177018089,wickedvaporz@gmail.com,2020-12-07,,Yes,V,CBD,,,
Cigarettes 4 Less,2100 Washington Pike,,Carnegie,PA,15106,US,,4124294767,,2019-09-13,,Yes,S,CBD,,,
Neal's Convenience & Tobacco,3251 Black Gap Rd,,Chambersburg,PA,17202,US,http://nealpetro1640.wix.com/nealsc-storetobacco,7175522886,,2020-01-27,2020-01-27,Yes,S,CBD,Yes,,
Neals Tobacco & Vape,1752 Lincoln Way E Ste 6,,Chambersburg,PA,17202,US,,7172640303,,2018-08-16,2019-06-11,Yes,S,CBD,Yes,,
Sam's Smoke Shop & Grocery,80 S Main St,,Chambersburg,PA,17201,US,,7172640400,,2018-08-06,2019-11-05,,S,,,,
Vast Vapor,85 N Main St,,Chambersburg,PA,17201,US,http://www.vastvapor.com/,7174915456,support@vastvapor.com,2018-08-17,2020-02-14,Yes,V,CBD,,,
H Smoke Shop,51 Cheltenham Ave,,Cheltenham,PA,19012,US,,2674373796,,2019-11-20,,,S,,,,
Black Bear Hemp Dispensary,400 Main St,,Clarion,PA,16214,US,https://www.blackbeardispensary.com/,8143936941,,2022-03-21,2022-03-21,Yes,C,CBD,,,
Shick's Gifts & Tobacco Shoppe,752 Main St,,Clarion,PA,16214,US,,8142268100,,2019-09-09,,,V,,,,
Smoke 4 Less,226 S 5th Ave #2,,Clarion,PA,16214,US,,8142978374,,2018-10-16,2019-03-20,,S,,,,
Just Vapor & CBD Oil,1000 S State St,,Clarks Summit,PA,18411,US,http://justvapor570.com/,5703196086,,2018-08-06,2019-12-26,Yes,V,CBD,,,
Puff Super Value,1800 Daisy St,,Clearfield,PA,16830,US,http://puffsv.com/,8142054033,,2020-02-06,,Yes,T,CBD,,,
Big Mike's Beer N Cigars,465 W Penn Ave,,Cleona,PA,17042,US,,7172775893,bigmikesbeer@gmail.com,2021-08-26,,,T,,,,
Puff Super Value,652 E Penn Ave,,Cleona,PA,17042,US,http://puffsv.com/,7172709733,,2020-02-06,,,T,,,,
Smooth Vape,453 W Penn Ave,,Cleona,PA,17042,US,https://www.smoothvapepa.com/,7179648866,info@smooth-vape.com,2018-09-30,,Yes,V,CBD,,,
Dave's Smoke Shop,1866 Main St #2,,Clifford,PA,18413,US,,5702223744,,2019-09-05,,,T,,,,
"Mr. Puff Tobacco, CBD & Kratom",102 E Baltimore Ave Ste 2,,Clifton Heights,PA,19018,US,,4844665102,mr.puff.tobacco@gmail.com,2019-01-24,2021-03-10,Yes,S,CBD,Yes,,
Cigar Box Tobacconist and Vape Center,9321 PA-61,,Coal Township,PA,17866,US,http://www.cigarboxpa.com/,5705092010,info@cigarboxpa.com,2018-08-06,2019-09-01,Yes,T,CBD,,,
Smoker Bruce,201 2nd Ave Ste 202,,Collegeville,PA,19426,US,,4849736635,,2019-05-13,,,S,,,,
Vegas Vapes,130 W Main St #122,,Collegeville,PA,19426,US,https://vegasvapes.com,4849618172,vegasvapes876@gmail.com,2020-12-12,,Yes,V,CBD,,,
Goose Vapes,50 N 4th St,,Columbia,PA,17512,US,,7174495766,goosevapes@gmail.com,2018-08-06,2019-12-22,Yes,V,CBD,,,
Tobacco World Plus,1042 Morrell Ave,,Connellsville,PA,15425,US,,7246280702,tobaccoworldplus@gmail.com,2020-01-14,2020-01-14,Yes,S,CBD,Yes,,
Conshohocken Smoke Shop,412 W Ridge Pike,,Conshohocken,PA,19428,US,http://conshohockensmokeshop.com/,4842436185,info@conshohockensmokeshop.com,2019-08-29,2019-08-29,,T,,,,
Stogie's Smoke Shop,544 PA-196 Ste 10,,Coolbaugh Township,PA,18466,US,,5708949855,,2020-04-11,,,S,,,,
Becalm Herbal Solutions,1300 Brodhead Rd #B,,Coraopolis,PA,15108,US,http://www.coraopolisnaturalhealing.com/,4123019162,becalmsmoke@gmail.com,2018-12-25,,Yes,H,CBD,Yes,,
Smoke Stack,7305 University Blvd,,Coraopolis,PA,15108,US,http://smokestackpgh.com/,4123757627,thesmokestackpgh@gmail.com,2020-03-01,,,T,,,,
Cool Vapes Cranberry,20232 US-19,,Cranberry,PA,15237,US,https://www.coolvapes.com/,7247792040,info@coolvapes.com,2015-07-22,2022-02-14,Yes,V,CBD,,,
East Coast Vapes,1075 Freedom Rd Ste 101,,Cranberry Township,PA,16066,US,https://www.eastcoastpgh.com/,7247792202,eastcoastvapespgh@gmail.com,2015-11-16,2019-07-04,Yes,V,CBD,Yes,,
"Your CBD Store - Cranberry Township, PA",20411 US-19 #4,,Cranberry Township,PA,16066,US,https://cbdrx4u.com/,8772001686,cbd3507@gmail.com,2019-09-16,2019-09-16,Yes,C,CBD,,,
Glass Gone Wow - Glass Gallery & Wellness,20550 Perry Hwy #17,,Cranberry Twp,PA,16066,US,http://www.glassgonewow.com/,7245918071,critter@glassgonewow.com,2018-08-06,2021-01-12,,H,,Yes,,
Smoker Friendly,20880 US-19,,Cranberry Twp,PA,16066,US,http://smokerfriendly.com/,7244531044,,2020-03-04,2020-03-04,Yes,S,CBD,,,
Croydon News,703 Bristol Pike,,Croydon,PA,19021,US,,2157852919,,2020-12-02,,Yes,S,CBD,Yes,,
Preferred Vapor,719 Bristol Pike,,Croydon,PA,19021,US,https://www.preferredvapor.com/,2157881145,preferredvapor@gmail.com,2018-08-06,2019-12-31,Yes,V,CBD,,,
All-In Custom Vapes,1 Tunkhannock Hwy,,Dallas,PA,18612,US,https://www.allincustomvapes.com/,5702554051,,2018-10-27,,Yes,V,CBD,,,
Back Mountain Tobacco & Glass,2418 Memorial Hwy,,Dallas,PA,18612,US,,5706752663,bmtinc@frontier.com,2019-02-15,,Yes,T,CBD,,,
Euphorec,65 Dallas Shopping Center,,Dallas,PA,18612,US,https://www.euphorec.com,5702554929,euphorec@euphorec.com,2021-10-07,,Yes,C,CBD,,,
Nepa Hemp Co,2653 Memorial Hwy,,Dallas,PA,18612,US,https://nepahempco.com/,5704069554,nepahempco@gmail.com,2020-02-05,,Yes,C,CBD,,,
Your CBD Store,3700 PA-118 #300,,Dallas,PA,18612,US,https://cbdrx4u.com,5703101225,dallas523@cbdrx4u.com,2020-12-07,,Yes,C,CBD,,,
Iron Vapor,828 Walnut St,,Danville,PA,17821,US,,5702844276,ironvaporweb@gmail.com,2016-08-01,2019-01-29,Yes,V,CBD,,,
Purple Hippo - Danville,348 Mill St,,Danville,PA,17821,US,,5703362719,purplehippotees@yahoo.com,2019-02-28,,Yes,H,CBD,Yes,,
Darby's Quick Mart,437 Main St,,Darby,PA,19023,US,,4157746664,,2021-09-05,,Yes,S,CBD,,,
Vapeoholix Vape Bar,6518 PA-22 Ste 454,,Delmont,PA,15626,US,,7247877991,vvbdelmont@gmail.com,2018-08-17,2020-02-16,,V,,,,
Smokers Express,834 US-15,,Dillsburg,PA,17019,US,http://www.smokersexpress.net/,7174325200,,2020-03-12,,,T,,,,
Nibbana Life CBD,2900 Carlisle Rd,,Dover,PA,17315,US,http://www.nibbana.life,7173240179,nibbana.life@gmail.com,2020-07-14,,Yes,C,CBD,,,
Chesco Hemp Co.,21 E Lancaster Ave Ste B,,Downingtown,PA,19335,US,https://www.chescohempco.com/,4845932307,chescohempco@gmail.com,2020-12-01,2021-05-07,Yes,C,CBD,,,
Rollies Tobacco & Vape,3943 Lincoln Hwy,,Downingtown,PA,19335,US,,6102695600,rolliestobacco@yahoo.com,2020-02-11,,Yes,S,CBD,,,
Vapor Crux,4317 W Lincoln Hwy,,Downingtown,PA,19335,US,,6102696739,support@vaporcrux.com,2018-08-17,2020-02-16,Yes,V,CBD,,,
First Stop Tobacco Shop,4165 E Swamp Rd,,Doylestown,PA,18902,US,,2153451370,firststoptobaccoshop@gmail.com,2020-07-25,2020-07-25,Yes,T,CBD,,,
Lotus 8 - CBD Apothecary,51 W State St,,Doylestown,PA,18901,US,https://www.lotus8.com/,2678844784,lotus8info@gmail.com,2021-03-19,,Yes,C,CBD,,,
Miles City Vape & Smoke Shop,1776 S Easton Rd Unit C,,Doylestown,PA,18901,US,https://www.milescityvape.com/,2674064979,sales@milescityvape.com,2021-09-16,2021-09-16,Yes,S,CBD,,,
Smok Shack,152 W State St,,Doylestown,PA,18901,US,,2678733399,smoksback152@gmail.com,2022-04-06,2022-04-06,Yes,S,CBD,,,
The Local Vapor,46 E State St Ste K,,Doylestown,PA,18901,US,http://www.thelocalvapor.com/,2152308273,thelocalvapor@gmail.com,2018-08-16,2020-02-14,Yes,V,CBD,,,
Smoke Connection,506 Richland Ave,,Dravosburg,PA,15034,US,,4125438273,manager.smokeconnection@gmail.com,2018-08-06,2019-11-16,Yes,S,CBD,Yes,,
Make It Vapor,1711 Limekiln Pike,,Dresher,PA,19025,US,https://www.makeitvapor.com/,2153675913,sales@makeitvapor.com,2018-09-30,2020-01-06,Yes,V,CBD,,,
Puff N Stuff,522 Burmont Rd,,Drexel Hill,PA,19026,US,https://puffnstuff522.business.site/,4844614233,nithin@akgroupllc.biz,2021-09-06,,Yes,S,CBD,Yes,,
HS Variety Shoppe,158 W Long Ave,,DuBois,PA,15801,US,,8146618796,its.hippie@gmail.com,2019-01-01,,Yes,H,CBD,,,
Vape Vibe,308 Commons Dr,,DuBois,PA,15801,US,http://www.vape-vibe.com/,8142997052,vapevibe@gmail.com,2018-08-17,2020-02-16,Yes,V,CBD,,,
Castle Smoke Shop,1119 Wheeler Ave,,Dunmore,PA,18510,US,,5703417011,castle.smoke1@gmail.com,2018-09-17,,,S,,,,
The Cloud House Vape Lounge,992 5th Ave,,East McKeesport,PA,15035,US,https://the-cloud-house-vape-lounge.business.site/,4126464593,,2018-08-16,2020-02-14,Yes,V,CBD,,,
Ecigs International,221 W Germantown Pike,,East Norriton,PA,19401,US,http://www.ecigg.org/,8886627163,support@ecigg.org,2018-10-21,,,V,,,,
Cigarette Outlet,5126 Milford Rd Suite 800,,East Stroudsburg,PA,18302,US,,5702239900,,2019-08-28,,,S,,,,
Discount Tobacco Outlet & Cigar World,831 Seven Bridges Rd,,East Stroudsburg,PA,18301,US,,5704241671,,2019-10-18,,,S,,,,
Pipe Dreams,37 S Courtland St,,East Stroudsburg,PA,18301,US,,5703695143,pipedreamsgifts@gmail.com,2018-08-06,2019-10-31,Yes,H,CBD,Yes,,
Tobacco & Gift Shop,730 Milford Rd,,East Stroudsburg,PA,18301,US,,5704269074,,2019-11-05,,Yes,S,CBD,Yes,,
Tobacco Stop,2610 Milford Rd #8,,East Stroudsburg,PA,18301,US,,5702238704,,2020-02-28,,,S,,,,
CBD American Shaman York,2480 E Market St,,East York,PA,17402,US,https://cbdamericanshaman.com/,7175773703,shamanofyork@gmail.com,2019-11-11,,Yes,C,CBD,,,
420 CBD Lounge & Cafe,436 Northhampton St,,Easton,PA,18042,US,https://420cbdlounge.com/,4845481408,theteam@420cbdlounge.com,2021-09-17,2021-09-17,Yes,C,CBD,,,
Carrie's Smoke Shop,1303 Northampton St,,Easton,PA,18042,US,,6102521461,,2018-08-06,2019-09-01,Yes,S,CBD,Yes,,
Ismokenvape,3136 William Penn Hwy,,Easton,PA,18045,US,,6104382223,smoke@isnv.info,2021-12-27,,Yes,S,CBD,,,
JS Tobacco & Vapes,2495 Freemansburg Ave Ste 2,,Easton,PA,18042,US,http://www.jstobaccovapes.com/,6104388475,jstobacco.vapes@gmail.com,2018-09-30,2018-10-10,,T,,,,
"Lu-Co Tobacco, Beer & Wine",204 Northampton St,,Easton,PA,18042,US,http://lu-co-tobacco-outlet.business.site/,6102583561,dvdesai@gmail.com,2020-01-05,,,T,,,,
Mindleaf CBD,213 Cattell St,,Easton,PA,18042,US,https://mindleafcbd.com/,6104380626,info@mindleafcbd.com,2021-03-13,,Yes,C,CBD,,,
Mom N Pop CBD And Wellness Shop,312 Town Center Blvd,,Easton,PA,18040,US,https://drbrownscbd.com/,6104382349,raybrownjr3@aol.com,2021-03-12,,Yes,C,CBD,,,
Smokin' Joe's Tobacco Shop,2429 Nazareth Rd,,Easton,PA,18045,US,https://www.gotojoes.com/,6105593880,,2020-03-23,2020-03-23,,T,,,,
Smokin' Lane,2437 Butler St,,Easton,PA,18042,US,,6104381913,,2019-10-17,,,T,,,,
Smooth Roots CBD,2455 Park Ave,,Easton,PA,18045,US,https://smoothroots.co/,6104174077,info@smoothroots.co,2020-07-17,,Yes,C,CBD,,,
The Vaping Oasis,2429 Nazareth Rd 25th St,,Easton,PA,18045,US,https://www.vapingoasis.com/,6103606615,thevapingoasis@yahoo.com,2021-09-07,,Yes,V,CBD,,,
Utopia,404 Northampton St,,Easton,PA,18042,US,,6102537966,,2019-01-01,,Yes,H,CBD,,,
"Your CBD Store - Easton, PA",430 Northampton St,,Easton,PA,18042,US,https://cbdrx4u.com/,4845444771,eastonpa@cbdrx4u.com,2019-09-16,2019-09-16,Yes,C,CBD,,,
Complete Vapors,101 W High St,,Ebensburg,PA,15931,US,https://www.completevapors.com/,8148465975,info@completevapors.com,2018-08-06,2019-12-15,Yes,V,CBD,Yes,,
710 Glass And Vapor,116 Meadville St,,Edinboro,PA,16412,US,,8447108273,,2018-08-17,2018-10-16,Yes,V,CBD,,,
Effortless Vapes,3160 PA-115 Ste 101,,Effort,PA,18330,US,https://www.effortlessvapes.com/,5704848569,effortlessvapes@gmail.com,2018-06-06,2019-06-20,,V,,,,
Tesla's,1638 S Market St,,Elizabethtown,PA,17022,US,,7173618254,teslavaping@gmail.com,2015-02-26,2021-08-30,Yes,V,CBD,Yes,,
TK's Convenient Smoke Shop,18 E High St,,Elizabethtown,PA,17022,US,,7176893099,,2019-08-29,,,S,,,,
Ace Tobacco Town,419 W Cheltenham Ave,,Elkins Park,PA,19027,US,https://olivetreelounge.weebly.com/,2157828055,acetobacco1@gmail.com,2018-06-06,2019-06-10,,S,,,,
J Smoke Shop,425 Township Line Rd,,Elkins Park,PA,19027,US,,2156638400,,2021-09-16,,,T,,,,
Habitual Glass Vape & Skate,505 Lawrence Ave,,Ellwood City,PA,16117,US,,7242010202,habitualglass@gmail.com,2021-01-20,,Yes,H,CBD,,,
Pipers Smoke Shop in Elverson,2510 Ridge Rd,,Elverson,PA,19520,US,http://www.piperssmokeshop.com,4842690476,piperssmokeshop@gmail.com,2018-11-23,,Yes,H,CBD,,,
Emmaus Smoke Shop,1245 Chestnut St Ste 101,,Emmaus,PA,18049,US,,6109653096,,2018-08-06,2019-09-16,Yes,S,CBD,Yes,,
"Your CBD Store - Lehigh County, PA",344 Main St,,Emmaus,PA,18049,US,https://cbdrx4u.com/,6104216195,cbetterdaysinc@gmail.com,2019-09-16,2019-09-16,Yes,C,CBD,,,
Smokers Express,457 N Enola Rd,,Enola,PA,17025,US,http://www.smokersexpress.net/,7177320100,,2020-03-11,,,S,,,,
Smokers Tobacco Shop,33 W Main St,,Ephrata,PA,17522,US,https://smokers-tobacco-shop.business.site/,7177330220,,2020-03-15,,Yes,S,CBD,Yes,,
710 Glass & Vapor Millcreek,3208 Pittsburgh Ave,,Erie,PA,16508,US,,8447108273,,2020-04-09,2020-04-09,Yes,V,CBD,,,
Dees News,1705 State St,,Erie,PA,16501,US,,8144568695,,2019-08-21,,,T,,,,
ERi CBD,3856 Peach St,,Erie,PA,16509,US,https://www.eri-cbd.com/,8147224101,contact@eri-cbd.com,2021-04-25,,Yes,C,CBD,,,
Erie Vapor Cabana,5067 Peach St,,Erie,PA,16509,US,,8148732407,,2014-08-31,2019-05-14,,V,,,,
Farmulated CBD,5800 Peach St,Millcreek Mall,Erie,PA,16565,US,https://www.farmulatedcbd.com/,,info@farmulatedcbd.com,2021-04-25,,Yes,C,CBD,,,
Full Melt Exotic Glass,1648 W 8th St,,Erie,PA,16505,US,https://fullmeltexotics.business.site,8145206749,fullmeltexotics@gmail.com,2019-11-06,2019-11-06,Yes,H,CBD,,,
Hippie and the Hound,2412 Peach St,,Erie,PA,16502,US,http://hippieandthehound.com/,8144030336,hippieandthehound@gmail.com,2018-09-13,2018-10-16,Yes,V,CBD,Yes,,
Ozzys,1212 E 38th St,,Erie,PA,16504,US,,8148254730,,2018-10-28,2019-09-14,Yes,H,CBD,Yes,,
Scoundrels,1216 E 38th St,,Erie,PA,16428,US,,8148254730,,2018-12-11,,,H,,,,
Smoke Buddys Smoke Shop,4504 Peach St,,Erie,PA,16509,US,,8143156619,smokebuddyserie@yahoo.com,2021-01-09,,Yes,S,CBD,Yes,,
Smoker Friendly,1210 W 26th St #5,,Erie,PA,16508,US,http://www.cigarexpress.com/,8144559846,,2018-10-28,2018-10-28,Yes,S,CBD,,,
Smoker Friendly,2663 W 8th St,,Erie,PA,16505,US,,8148337444,,2018-10-28,2018-10-28,Yes,S,CBD,,,
Smoker Friendly,4478 Buffalo Rd,,Erie,PA,16510,US,,8148992447,,2018-10-28,2018-10-28,Yes,S,CBD,,,
Vapor Friendly,2661 W 8th St,,Erie,PA,16505,US,,8148368273,info@klafters.com,2019-08-11,,,V,,,,
Yeti Vape,3311 Liberty St,,Erie,PA,16508,US,http://yetivape.com/,8559384827,info@yetivape.com,2018-08-17,2019-03-29,Yes,V,CBD,,,
"Your CBD Store - Erie, PA",5158 Peach St #100,,Erie,PA,16509,US,https://cbdrx4u.com/,8149205004,eriepa@cbdrx4u.com,2019-09-16,2019-09-16,Yes,C,CBD,,,
Blue Door Vaping,1590 Robinhood Dr,,Etters,PA,17319,US,https://bluedoorvaping.com/,7176202425,bluedoorvaping@gmail.com,2018-01-20,2019-01-22,,V,,,,
Freedom Cigars & Tobacco,116 Newberry Pkwy,,Etters,PA,17319,US,http://freedomcigars.com/,7179388860,etters@freedomcigars.com,2018-12-17,2020-11-30,Yes,S,CBD,Yes,,
Puff Super Value,20 S Hopewell St,,Everett,PA,15537,US,http://puffsv.com/,8146523952,,2020-02-06,,Yes,T,CBD,,,
Wyoming Valley CBD,1701 Wyoming Ave,,Exeter,PA,18643,US,http://www.wyomingvalleycbd.com,5708914279,jonslocum1975@outlook.com,2020-08-04,2020-08-04,Yes,C,CBD,,,
PA Vapor,5652 William Penn Hwy,,Export,PA,15632,US,http://www.pavapor.com/,7245198820,sales@pavapor.com,2016-11-16,2018-10-28,Yes,V,CBD,,,
Frolic of Exton,325 E Lincoln Hwy,,Exton,PA,19341,US,http://www.frolicglass.com/,6103638890,frolicexton@gmail.com,2018-08-06,2019-09-17,Yes,H,CBD,,,
Ace Ventures Smoke Shop,108 Trenton Rd,,Fairless Hills,PA,19030,US,https://ace-ventures-smoke-shop.business.site/,2675833216,,2021-09-12,,Yes,S,CBD,,,
RR Vapes,198 Lincoln Hwy Ste 3,,Fairless Hills,PA,19030,US,https://www.rrvapes.net/,2674954306,rrvapors@yahoo.com,2019-06-24,,Yes,V,CBD,,,
Mega Outlet Cigarette Store,200 Bustleton Pike,,Feasterville-Trevose,PA,19053,US,https://www.megacigaretteoutlet.com/,2154949019,,2021-09-17,2021-09-17,Yes,S,CBD,Yes,,
Smoker's Zone,252 E Street Rd #A,,Feasterville-Trevose,PA,19053,US,http://smokers-zone.com/,2153966666,,2021-09-07,,Yes,S,CBD,,,
Smokers Valley,1806 Brownsville Rd,,Feasterville-Trevose,PA,19053,US,,2677789439,smokersvalleyllc@gmail.com,2019-12-17,2019-12-17,Yes,S,CBD,Yes,,
Deep Six CBD,243 MacDade Blvd,,Folsom,PA,19033,US,https://www.deepsixcbd.com/,6105224554,customerservice@deepsixcbd.com,2021-09-15,,Yes,C,CBD,,,
Vegas Vapes,1009 MacDade Blvd,,Folsom,PA,19033,US,https://vegasvapes.com,4845403114,vegasvapes876@gmail.com,2020-12-12,,Yes,V,CBD,,,
Vape Dragons,119 Welles St,,Forty Fort,PA,18704,US,http://www.vapedragons.com/,5703382904,info@vapedragons.com,2018-08-06,2020-01-16,Yes,V,CBD,Yes,,
Spanky's Tobacco World,1219 Liberty St,,Franklin,PA,16323,US,,8144372427,,2018-08-16,2019-06-16,,S,,,,
"Smokin' Joe's Tobacco Shop, Inc #05",28044 PA-267,,Friendsville,PA,18818,US,http://www.gotojoes.com/,5705532990,,2019-12-11,,,S,,,,
Gettysburg Vapes,102 Chambersburg St,,Gettysburg,PA,17325,US,http://www.gettysburgvapes.com/,7173345152,gettysburgvapes@yahoo.com,2018-08-06,2019-12-22,Yes,V,CBD,,,
Mother Vapors,244 Steinwehr Ave,,Gettysburg,PA,17325,US,,7174208273,mothervapors@gmail.com,2019-07-15,,Yes,V,CBD,,,
Planet RYO Gettysburg,1895 York Rd,,Gettysburg,PA,17325,US,http://www.planetryo.com,7173389300,,2018-12-17,,Yes,S,CBD,Yes,,
Iron City Vapor Lounge,5562 William Flynn Hwy,,Gibsonia,PA,15044,US,http://ironcityvaporlounge.com/,7245024765,contact@ironcityvaporlounge.com,2018-08-06,2019-04-26,Yes,V,CBD,Yes,,
Smoker Friendly,5325 William Flinn Hwy,,Gibsonia,PA,15044,US,http://smokerfriendly.com/,7244499070,,2020-03-05,,,S,,,,
"Your CBD Store - Gibsonia, PA",5321 PA-8,,Gibsonia,PA,15044,US,https://cbdrx4u.com/,8772001629,cbdofpitt@hotmail.com,2019-09-16,2019-09-16,Yes,C,CBD,,,
Liberty Vapor Gilbertsville,1050 E Philadelphia Ave #15,,Gilbertsville,PA,19525,US,https://libertyvapor.net/,4844159120,customerservice@libertyvapor.net,2018-08-06,2019-12-28,,V,,,,
Smokin Joe's Tobacco,37020 PA-14,,Gillett,PA,16925,US,http://www.gotojoes.com/,5705967500,,2019-10-10,,,T,,,,
Smokin' Joe's Tobacco Shop,13658 Molly Pitcher Hwy,,Greencastle,PA,17225,US,http://www.gotojoes.com/,7175976908,customerservice@gotojoes.com,2018-08-16,2019-06-16,,S,,,,
Hi Tech Vapors,114 W Pittsburgh St,,Greensburg,PA,15601,US,,7246910246,hitechvape@yahoo.com,2018-08-06,2019-11-25,Yes,V,CBD,,,
Premier Glass & Vape,1500 Broad St,,Greensburg,PA,15601,US,http://premierglassgreensburg.business.site/,7244107135,premierglassvape@gmail.com,2018-08-06,2019-11-01,Yes,H,CBD,Yes,,
Rick's Tobacco Outlet,5024 US-30 Ste 1,,Greensburg,PA,15601,US,,7248507703,,2019-12-06,,,T,,,,
Rick's Tobacco Outlet,857 S Main St,,Greensburg,PA,15601,US,,7248509350,,2019-12-06,,,T,,,,
Tobacco Village,5256 US-30 Ste 132,,Greensburg,PA,15601,US,http://inwestmoreland.com/tobaccovillage/,7248381090,jim@tobacco-village.com,2018-08-17,2019-01-08,Yes,T,CBD,Yes,,
UIS Vapes Greensburg,121 W Pittsburgh St Ste 3,,Greensburg,PA,15601,US,https://www.uisvapes.com/,7242193766,upinsmokevapors@yahoo.com,2018-08-17,2019-10-24,,V,,,,
Black Bear Hemp Dispensary,106 Garrett Dr,,Grove City,PA,16214,US,https://www.blackbeardispensary.com/,7247486051,,2022-03-21,2022-03-21,Yes,C,CBD,,,
Iron City Vapour Lounge,1911 Leesburg Grove City Rd Ste 1155,,Grove City,PA,16127,US,http://ironcityvaporlounge.com/,7247486054,ironcityvaporlounge@yahoo.com,2019-04-26,,Yes,V,CBD,Yes,,
The Lucky 7 Smoke Shop & Lounge,614 W Main St,,Grove City,PA,16127,US,http://thelucky7smokeshop.com/,7242644778,thelucky7smokeshop@gmail.com,2018-10-23,2018-10-23,Yes,S,CBD,,,
Your CBD Store,26 Pine Grove Village Dr,,Grove City,PA,16127,US,https://cbdrx4u.com,7242357971,grovecity519@cbdrx4u.com,2020-12-06,,Yes,C,CBD,,,
Global Tobacco Outlet,1042 Mountain View Plaza,,Hallstead,PA,18822,US,,5708794221,,2019-11-14,2019-11-14,,S,,,,
Smokin' Joe's Tobacco Shop,800 Hallstead Plaza,,Hallstead,PA,18822,US,http://www.gotojoes.com/,5708798059,customerservice@gotojoes.com,2018-08-16,2019-06-16,,S,,,,
Sabor Vapors,41 S 4th St,,Hamburg,PA,19526,US,http://saborvapors.com/,4846653445,arivera@saborvapors.com,2016-02-15,2019-01-08,Yes,V,CBD,,,
Dabber's Glassware and Smoking Accessories,16 York St,,Hanover,PA,17331,US,https://www.dabberspa.com/,4105966546,,2018-10-31,2018-10-31,,H,,,,
Freedom Cigars & Tobacco Hanover,1055 Carlisle St,,Hanover,PA,17331,US,http://freedomcigars.com/,7176981767,,2018-12-25,2021-01-03,,S,,Yes,,
Infused Naturals,56 Frederick St,,Hanover,PA,17331,US,https://www.infused-naturals.com/,7177975761,infusednaturalsllc@gmail.com,2021-02-11,,Yes,C,CBD,,,
LifeSmoke Vapors,1155 Carlisle St,,Hanover,PA,17331,US,https://shop.lifesmokevapors.com/,8004448271,info@lifesmokevapors.com,2018-09-30,,,V,,,,
Smoker's Outlet,824 York St,,Hanover,PA,17331,US,http://smokersoutletonline.com/,8776033070,customerservice@smokersoutletonline.com,2020-03-10,,Yes,S,CBD,,,
Smokers Express,398 York St Ste 2,,Hanover,PA,17331,US,http://www.smokersexpress.net/,7176460366,,2020-03-11,,,S,,,,
Smokin Joe's,1418 Baltimore St Ste 9,,Hanover,PA,17331,US,http://www.gotojoes.info/,7176302535,,2019-10-10,2019-10-10,,S,,,,
South Hanover Vapes,1446 Baltimore St,,Hanover,PA,17331,US,,7176981702,southhanovervapes@outlook.com,2018-08-16,2020-02-13,Yes,V,CBD,,,
SS Vape,493 Eisenhower Dr,,Hanover,PA,17331,US,http://www.ssvape.com/,7176370015,support@ssvape.com,2018-08-16,2018-11-13,Yes,V,CBD,,,
Vapor's Paradise,1000 Carlisle St,,Hanover,PA,17331,US,,7176309958,kelly@vaporsparadisepa.com,2018-08-17,2020-02-16,Yes,V,CBD,,,
Victory Vaporz,805 Baltimore St #295,,Hanover,PA,17331,US,,7176370015,,2018-08-17,2020-02-16,,V,,,,
Ace of Vapes,6301 Grayson Rd Ste A114,,Harrisburg,PA,17111,US,https://aovharrisburg.com/,7174877743,retail@aceofvapes.us,2014-09-27,2020-11-16,Yes,V,CBD,,,
Blue Door Vaping,704 Colonial Rd,,Harrisburg,PA,17112,US,,7174560251,,2021-08-26,,,V,,,,
CBD American Shaman of Harrisburg,2300 Linglestown Rd Ste 2250,,Harrisburg,PA,17110,US,https://hempishealth.com/,7175106686,asfs0702g@gmail.com,2019-11-08,2019-11-08,Yes,C,CBD,,,
Choice Cigarette Discount Outlet,1327 N Mountain Rd,,Harrisburg,PA,17112,US,,7176524106,,2019-08-05,,,S,,,,
East Coast Vapor,3809 Paxton St Ste F,,Harrisburg,PA,17111,US,http://www.eastcoastvapor.com/,7178889247,,2015-08-10,2019-04-08,Yes,V,CBD,,,
Harrisburg Smoke Shop,3914 Jonestown Rd,,Harrisburg,PA,17109,US,,7175455500,,2019-12-02,,,S,,Yes,,
Old Iron Tattoo Company,4810 Jonestown Rd,,Harrisburg,PA,17109,US,http://oldirontattoocompany.com/,7178316555,oldirontattoocompany@gmail.com,2015-09-05,2021-03-17,,V,,,,
Quit That Grit Vape Shop,7011 Allentown Blvd Ste 6,,Harrisburg,PA,17112,US,https://www.quitthatgrit.com/,7176956194,support@quitthatgrit.com,2018-08-06,2019-12-31,Yes,V,CBD,,,
Smoker's Stop,11 S 25th St #A,,Harrisburg,PA,17104,US,http://mysmokinglounge.blogspot.com/,7172325206,smokerstop@gmail.com,2020-03-10,,,T,,,,
Smokes 2 Go,3901 Jonestown Rd,,Harrisburg,PA,17109,US,http://smokes2go.wixsite.com/site,7172887677,suggest2smoke@gmail.com,2019-05-17,2019-05-17,Yes,S,CBD,Yes,,
Smooth Vape,3200 Paxton St Ste B,,Harrisburg,PA,17111,US,https://www.smoothvapepa.com/,7175580308,,2018-08-16,2020-02-13,Yes,V,CBD,,,
Stashbox,217 N 2nd St,,Harrisburg,PA,17101,US,https://www.stashboxpa.com,7172327166,stashboxharrisburg@gmail.com,2018-11-17,2021-08-30,Yes,H,CBD,Yes,,
Hemp Spot,105 N York Rd,,Hatboro,PA,19040,US,https://thegreenerinstitute.com/,2159719569,info@thegreenerinstitute.com,2018-09-30,2021-01-27,Yes,C,CBD,,,
Roll Your Own,207 N York Rd,,Hatboro,PA,19040,US,,2154207441,,2020-08-11,,,S,,,,
Smoke Shop,1015 W County Line Rd,,Hatboro,PA,19040,US,https://tobaccosmoke.shop/,2154435644,jigarjavia@gmail.com,2020-02-21,,Yes,S,CBD,Yes,,
VaporPhoxxe,35 S York Rd,,Hatboro,PA,19040,US,http://www.vaporphoxxe.com/,2157894353,vaporphoxxe@vaporphoxxe.com,2014-09-13,2019-03-07,Yes,V,CBD,,,
Love Vape 309,2501 N Bethlehem Pike,,Hatfield,PA,19440,US,,2674771545,lovevape309@gmail.com,2018-09-08,2020-03-18,Yes,V,CBD,,,
Mr. Smoke,120 Main Ave,,Hawley,PA,18428,US,,5702269700,,2019-12-30,,Yes,S,CBD,,,
Alluring Vapors,992 N Sherman Ct,,Hazleton,PA,18201,US,https://www.alluringvapors.com/,5704592509,,2018-08-06,2020-01-11,Yes,V,CBD,,,
Cigar Box Tobacconist and Vape Center,218 Laurel Mall Dr,,Hazleton,PA,18202,US,http://www.cigarboxpa.com/,5704593099,info@cigarboxpa.com,2018-08-06,2018-11-10,,T,,,,
Grand Smoke Shop,231 W Mine St,,Hazleton,PA,18201,US,,5704542202,,2019-11-18,,Yes,T,CBD,Yes,,
Inhale Good Vibes,305 S Church St Ste 190,,Hazleton,PA,18201,US,http://inhalegoodvibesllc.business.site/,5708618133,,2018-08-06,2019-10-02,Yes,S,CBD,,,
Puffs N Pics,802 W 15th St,,Hazleton,PA,18201,US,,5704557695,,2021-09-06,,Yes,S,CBD,Yes,,
Cigarette Outlet,837 Main St,,Hellertown,PA,18055,US,,6108384950,,2021-09-02,,,S,,Yes,,
DUBZ Smoke & Vapor,2550 E State St,,Hermitage,PA,16148,US,https://dubzsv.com/,7243087249,,2022-04-18,2022-04-18,,S,,,,
Tightwad Tobacco,3004 E State St,,Hermitage,PA,16148,US,http://www.tightwadtobacco.com/,7243423889,,2020-05-01,,,S,,,,
That Smoke Shop,301 2nd St,,Highspire,PA,17034,US,,7177040268,,2020-08-11,,Yes,S,CBD,,,
Empire Cigars,4950 York Rd,,Holicong,PA,18928,US,,2157945414,,2018-12-25,,,T,,,,
Euphoria Integrated Health and Wellness,2211 MacDade Boulevard,,Holmes,PA,19043,US,https://euphoriaintegratedhw.com/,4844943224,euphoriaintegratedhw@gmail.com,2022-01-26,2022-01-26,Yes,C,CBD,,,
Royal Tobacco Outlet,2106 MacDade Blvd,,Holmes,PA,19043,US,https://www.royaltobaccooutlet.com/,4845408774,royaltobacco2106@gmail.com,2019-06-20,,Yes,S,CBD,Yes,,
Superior Smoke Shoppes,2199 W Run Rd,,Homestead,PA,15120,US,http://superiorsmokeshoppes.com/,4124626525,d.carr@superiorsmokeshoppes.com,2019-05-19,,,T,,,,
Cigarette Outlet,1098 Texas Palmyra Hwy,,Honesdale,PA,18431,US,,5702538051,,2019-08-25,,,T,,,,
Smokin' Joe's Tobacco Shop,263 Willow Ave,,Honesdale,PA,18431,US,http://www.gotojoes.com/,5702518284,customerservice@gotojoes.com,2018-08-16,2019-06-16,,S,,,,
Tri State Tobacco,250 Grandview Ave,,Honesdale,PA,18431,US,,5702538074,,2020-01-16,2020-01-16,,S,,Yes,,
Mirage Smoke Shop,801 County Line Rd #1,,Horsham,PA,19044,US,https://www.miragesmokes.com/,2153234270,miragesmoke@gmail.com,2019-01-01,,Yes,H,CBD,Yes,,
Amodio's Vapore,10 S Main St,,Houston,PA,15342,US,https://amodios-vapore.business.site/,7244138097,amodiokirk@gmail.com,2015-02-15,2018-11-11,Yes,V,CBD,,,
Puff Super Value,677 Spring St,,Houtzdale,PA,16651,US,http://puffsv.com/,8143787541,,2020-02-06,,,T,,,,
Puff Super Value,321 7th St,,Huntingdon,PA,16652,US,,8146446788,,2020-02-06,,,T,,,,
Vape Vibe Huntingdon,9048 William Penn Hwy Ste 9,,Huntingdon,PA,16652,US,http://www.vape-vibe.com/,8145068164,vapevibe@gmail.com,2018-08-17,2019-05-31,,V,,,,
Smoke Connection,710 Philadelphia St,,Indiana,PA,15701,US,,7248018810,smokeconnectionpa@gmail.com,2019-05-12,,,S,,,,
Top Shelf Unlimited,808 Wayne Ave,,Indiana,PA,15701,US,,7243498550,topshelfunlimited@gmail.com,2018-10-29,2019-06-26,,H,,Yes,,
Vapor Expressions,22 N 5th St,,Indiana,PA,15701,US,https://www.vaporexpressions.net/,7244631900,rus@vaporexpressions.com,2018-08-17,2020-02-16,Yes,V,CBD,,,
Mr Smokes,12120 US-30,,Irwin,PA,15642,US,,,,2020-01-22,,,S,,,,
Palm Beach Vapors,9385 US-30,,Irwin,PA,15642,US,http://www.palmbeachvapors.com/,7245152039,pbv@pbvaporsirwin.com,2018-08-06,2019-12-30,Yes,V,CBD,,,
Nomad Vapors,2090 US-130 Ste 1,,Jeannette,PA,15644,US,http://nomad-vapors.business.site/,7245225793,,2020-01-29,,Yes,V,CBD,,,
Rick's Tobacco Outlet,6488 Old Rte 30,,Jeannette,PA,15644,US,,7245235100,,2019-12-06,,Yes,T,CBD,,,
Your CBD Store - Greensburg,6466 US-30 #47,,Jeannette,PA,15644,US,https://cbdrx4u.com/find-us/pennsylvania/greensburg,7243745964,greensburg509@cbdrx4u.com,2020-02-01,2021-06-10,Yes,C,CBD,,,
AK Wellness & Supplements 2,809 Greenwood Ave #1A,,Jenkintown,PA,19046,US,,2152777596,,2020-11-16,,Yes,C,CBD,,,
Freedom Cloudz,328 Allegheny St,,Jersey Shore,PA,17740,US,https://freedomcloudz.com,2722318078,jherb.freedomcloudz@gmail.com,2022-04-19,2022-04-19,Yes,H,CBD,,,
Iconic Vape & Tobacco,252 Allegheny St,,Jersey Shore,PA,17740,US,,5707722550,ivatllc@gmail.com,2021-09-25,,,V,,,,
Smokers Express,350 Allegheny St,,Jersey Shore,PA,17740,US,,5703984200,,2020-08-11,,,T,,,,
Horizons,105 Race St,,Jim Thorpe,PA,18229,US,,5703252079,,2018-11-30,,Yes,H,CBD,,,
Complete Vapors,801 Scalp Ave Ste 110,,Johnstown,PA,15904,US,https://www.completevapors.com/,8142544551,info@completevapors.com,2018-06-06,2019-06-20,Yes,V,CBD,,,
Vape Vibe Johnstown,1513 Scalp Ave Unit 250,,Johnstown,PA,15904,US,http://www.vape-vibe.com/,8142544764,vapevibe@gmail.com,2018-08-17,2019-05-31,,V,,,,
Vapor Expressions,227 Market St,,Johnstown,PA,15901,US,https://www.vaporexpressions.net/,8149461900,rus@vaporexpressions.com,2018-08-17,2020-02-16,Yes,V,CBD,,,
Top Grade Vapors,625 E Cypress St Ste C,,Kennett Square,PA,19348,US,,6109252565,topgradevapors@gmail.com,2018-09-30,,Yes,V,CBD,,,
Deep Six CBD,160 N Gulph Rd,,King of Prussia,PA,19406,US,https://www.deepsixcbd.com/,6103377400,customerservice@deepsixcbd.com,2019-12-28,2019-12-28,Yes,C,CBD,,,
Puff Discount Tobacco,400 S Water St #4,,Kittanning,PA,16201,US,,7245459571,,2020-02-05,,,T,,,,
The Vape Lab,123 N McKean St,,Kittanning,PA,16201,US,,7249198039,thevapelab16201@gmail.com,2015-02-05,2018-12-25,Yes,V,CBD,,,
Althea's Imaginarium,261 W Main St,,Kutztown,PA,19530,US,,4846481474,altheasimaginarium@yahoo.com,2019-01-01,2020-06-18,Yes,H,CBD,,,
Ace Of Vapes,1767 Columbia Ave,,Lancaster,PA,17603,US,https://aovlancaster.com/,7178744183,,2020-06-17,,Yes,V,CBD,,,
CBD American Shaman of PA - Camp Hill,2355 Oregon Pike Ste 105,,Lancaster,PA,17601,US,http://shopcbdpa.com/,7478745146,,2020-03-25,,Yes,C,CBD,,,
Cigarette Outlet & Vapor Shop,2141 E Lincoln Hwy,,Lancaster,PA,17602,US,,7175179512,,2019-03-26,2019-08-29,Yes,S,CBD,Yes,,
Good Guy Vapes & CBD - Lancaster,104 W Chestnut St,,Lancaster,PA,17603,US,https://goodguyvapes.com/,7179846914,goodguylancaster@gmail.com,2018-08-06,2019-11-13,Yes,V,CBD,,,
"Josiah's Oils, LLC",8 Meadow Ln,,Lancaster,PA,17601,US,https://www.josiahsoils.com/,7178243222,customerservice@josiahsoils.com,2021-02-17,,Yes,O,CBD,,,
King's Vapor,1252 Millersville Pike Ste 17,,Lancaster,PA,17603,US,https://vapekvp.com/,7173998889,kingsvaporllc@gmail.com,2019-04-29,,,V,,,,
Planet RYO,114 S Centerville Rd,,Lancaster,PA,17603,US,https://www.planetryolancaster.com/,7173997676,centerville@planetryo.com,2018-10-29,,,S,,,,
Smokers Marina,1873 Lincoln Hwy Ste 1,,Lancaster,PA,17602,US,,7174495683,smokersmarina@gmail.com,2021-01-05,,Yes,C,CBD,,,
The Green Bee,30 E McGovern Ave #30,,Lancaster,PA,17602,US,https://www.thegreenbee.net/,7173305079,beezersbotanicals@gmail.com,2020-12-18,,Yes,C,CBD,,,
Tobacco Palace Inc,219 Park City Center,,Lancaster,PA,17601,US,https://www.tobaccopalace.net/,7173977569,tobaccopalaceinc@gmail.com,2018-08-17,2020-04-14,Yes,T,CBD,,,
Your CBD Store,1380 Columbia Ave,,Lancaster,PA,17603,US,https://cbdrx4u.com/find-us/pennsylvania/lancaster,7172097123,lancaster0108@cbdrx4u.com,2021-06-10,,Yes,C,CBD,,,
Infinity Smoke Shop,1236 Lincoln Hwy,,Langhorne,PA,19047,US,https://www.infinitysmokeshop.com/,2159705525,infinitysmokeshop@gmail.com,2020-08-30,2020-08-30,Yes,S,CBD,Yes,,
Liberty Vapor,306 N Madison Ave,,Lansdale,PA,19446,US,https://www.libertyvapor.net/,2676429902,sales@libertyvapor.net,2018-09-30,,,V,,,,
Your CBD Store,325 W Main St,,Lansdale,PA,19446,US,https://cbdrx4u.com,2676429535,,2020-12-07,2020-12-07,Yes,C,CBD,,,
Sunray Smoke Shop,5 N Lansdowne Ave,,Lansdowne,PA,19050,US,,6102591537,,2019-12-17,,,S,,,,
Puff N Snuff,1928 Dailey Ave,,Latrobe,PA,15650,US,,7245203088,,2020-02-05,,,T,,,,
Naturally CBD Store,53 Main St,,Lawrenceville,PA,16929,US,,5704190347,pagrumpy@live.com,2021-03-03,,Yes,C,CBD,Yes,,
Smokin' Joe's Tobacco Shop,24 Main St,,Lawrenceville,PA,16929,US,https://www.gotojoes.com/,5708273174,,2020-03-23,2020-03-23,,T,,,,
iSmoke Vape And Smoke Shop,47 S 8th St,,Lebanon,PA,17042,US,https://ismoke-vape-and-smoke-shop.business.site/,7176790095,,2020-08-11,,Yes,S,CBD,Yes,,
Puff Super Value,1033 Quentin Rd,,Lebanon,PA,17042,US,http://puffsv.com/,7174540432,,2020-02-06,2020-02-06,,T,,,,
Smokers Tobacco Outlet Inc,1224 Cumberland St Ste A,,Lebanon,PA,17042,US,,7173760808,,2018-08-16,2019-06-16,,T,,,,
Tesla Vape & Glass,20 N 9th St,,Lebanon,PA,17046,US,http://www.teslavaping.com,7172731952,teslavaping@gmail.com,2019-12-13,,Yes,S,CBD,Yes,,
Hi Def Vape Lehighton,1241 Blakeslee Blvd Ste 7,,Lehighton,PA,18235,US,http://www.hidefvape.com/,5703868273,management@hidefvape.com,2018-08-06,2019-12-25,Yes,V,CBD,,,
Lehighton Tobacco Outlet,101 N 1st St #3,,Lehighton,PA,18235,US,http://lehightontobacco.business.site/,6103773311,,2019-12-08,,,T,,,,
Cloud Jammer,326 Market St,,Lemoyne,PA,17043,US,https://www.cloud-jammervapes.com/,7179755152,support@cloud-jammervapes.com,2018-08-06,2019-12-15,Yes,V,CBD,,,
Empire Cigars Smoke Shop Vape Glass,1267 Woodbourne Rd,,Levittown,PA,19057,US,https://www.empirecigarsandvapes.com/,2675853873,empirebuckingham@yahoo.com,2021-03-15,2021-03-15,Yes,S,CBD,Yes,,
Fog City Vapor Levittown,8919 New Falls Rd Ste 7,,Levittown,PA,19054,US,,2159451900,fogcityvaporlevittown@gmail.com,2017-10-28,2019-01-19,Yes,V,CBD,,,
Hippy Mood,7024 Bristol Pike Ste B,,Levittown,PA,19057,US,https://www.hippymood.com/,2675899962,hippymoods@gmail.com,2021-02-04,2021-02-04,Yes,C,CBD,,,
Levittown Tobacco,5321 New Falls Rd,,Levittown,PA,19056,US,,2152692820,,2020-08-11,,,T,,,,
Modern Fog Vapor - Levittown,6906 Emilie Rd,,Levittown,PA,19057,US,,2154865363,modernfogvapor@gmail.com,2019-08-23,2019-10-07,Yes,V,CBD,,,
Rocky's Smoke & Coffee Shoppe,187 Levittown Pkwy,,Levittown,PA,19055,US,,2159458900,,2020-02-10,,Yes,T,CBD,Yes,,
Vivian Smoke And Vape,4350 New Falls Rd,,Levittown,PA,19056,US,,6096352883,viviansmokevape@gmail.com,2020-12-28,,Yes,S,CBD,Yes,,
Good Habits,123 Market St,,Lewisburg,PA,17837,US,http://goodxhabits.com,5705232585,goodxhabits@gmail.com,2019-01-01,,Yes,H,CBD,,,
Grasshopper Gift Shop,334 Market St Ste 1,,Lewisburg,PA,17837,US,,5702389639,grasshopperlewisburg@gmail.com,2018-11-17,,Yes,H,CBD,Yes,,
Puff 'n' Snuff,715 Electric Ave,,Lewistown,PA,17044,US,,7172470275,,2020-02-05,2020-08-11,,S,,,,
Puff N Snuff,910 W 4th St,,Lewistown,PA,17044,US,,7172472945,,2021-02-07,,Yes,S,CBD,,,
Ashworx,104 Bellefonte Ave,,Lock Haven,PA,17745,US,,5707480204,,2019-01-09,,,H,,,,
Main Smoke & Vape,14 E Main St Ste 1,,Lock Haven,PA,17745,US,,5708581812,mainsmoke.vape@gmail.com,2019-05-05,,Yes,L,CBD,Yes,,
Puff Discount Cigarette Store,200 Bellefonte Ave,,Lock Haven,PA,17745,US,http://puffdiscount.com/,5707488497,,2020-02-05,,Yes,T,CBD,,,
Vape Haven,134 E Main St,,Lock Haven,PA,17745,US,,5708585768,vapehaven@icloud.com,2018-09-21,2021-06-15,Yes,V,CBD,,,
New Air-a Vape Shop,3033 Leechburg Rd #1,,Lower Burrell,PA,15068,US,,7242127494,,2018-08-16,2020-02-13,,V,,,,
Loyal Vape Co,346 E King St,,Malvern,PA,19355,US,https://www.loyalvapeco.com/,4843288104,loyalvapeco@gmail.com,2018-08-06,2019-12-28,Yes,V,CBD,,,
Pipers Smoke Shop Malvern,81 Lancaster Ave,,Malvern,PA,19355,US,http://www.piperssmokeshop.com,4848683541,piperssmokeshop@gmail.com,2018-12-12,2018-12-12,Yes,H,CBD,,,
Smooth Vape,1223 Lancaster Rd Ste 102,,Manheim,PA,17545,US,https://smoothvapepa.com/manheim-pa,7178799590,resale@smoothvapepa.com,2021-09-07,,,V,,,,
Tobacco Super Store,337 S Main St,,Manheim,PA,17545,US,,7178789988,tobaccosuperstoremanheim@gmail.com,2018-11-05,2021-03-11,,S,,Yes,,
Nirvana Culture & Vapor Shop,42 N Main St,,Mansfield,PA,16933,US,,6073612478,nirvanacultureshop@gmail.com,2018-08-17,2021-06-13,Yes,H,CBD,,,
Sunshine Tobacco & Vape,649 E Welsh Rd,,Maple Glen,PA,19002,US,,2674704513,sunshinetobac@gmail.com,2018-10-24,2019-07-21,Yes,S,CBD,,,
Smokers Choice,1 Elizabeth St,,Matamoras,PA,18336,US,http://www.smokerschoiceusa.com/,5704915252,info@smokerschoiceusa.com,2018-08-16,2018-10-28,Yes,S,CBD,,,
Smokers Paradise,10 Stella St,,Matamoras,PA,18336,US,,5708322000,,2021-09-11,2021-09-11,Yes,S,CBD,,,
Tobacco Road,111 Hulst Dr Ste 705,,Matamoras,PA,18336,US,,5704915414,,2021-09-12,,,T,,,,
Tri State Tobacco,1059 Pennsylvania Ave,,Matamoras,PA,18336,US,,5704915249,,2021-09-12,2021-09-12,Yes,S,CBD,Yes,,
Express Vape,111a S McDonald St,,Mc Donald,PA,15057,US,https://expressvapelounge.shopsettings.com/,7246733157,expresslounge@outlook.com,2020-07-01,,Yes,V,CBD,,,
Politically Incorrect,27438 Great Cove Rd,,Mcconnellsburg,PA,17233,US,,7173150218,,2021-04-11,2021-04-11,Yes,H,CBD,,,
Glass Gallery,5536 Steubenville Pike,,McKees Rocks,PA,15136,US,http://www.glassgonewow.com/,4122002532,,2018-08-06,2020-06-18,Yes,H,CBD,,,
Smoker Friendly,6101 Steubenville Pike,,McKees Rocks,PA,15136,US,http://smokerfriendly.com/,4127872620,,2020-03-06,,Yes,S,CBD,,,
Xperience Vapes,3515 Washington Rd Ste 552,,McMurray,PA,15317,US,https://www.xperiencevapes.com/,7242600828,jordan@xperiencevapes.com,2018-09-30,2021-06-26,Yes,V,CBD,,,
Rollies Tobacco & Vaping Supplies,19001 Park Avenue Plaza,,Meadville,PA,16335,US,,8148071887,,2018-08-06,2019-06-11,,S,,,,
Smoker Friendly,17281 Conneaut Lake Rd,,Meadville,PA,16335,US,https://smokerfriendly.com/,8143362427,,2020-03-04,2021-08-02,Yes,S,CBD,,,
"Your CBD Store - Meadville, PA",1000 Park Ave,,Meadville,PA,16335,US,https://cbdrx4u.com/,8147247441,cbd3507@gmail.com,2019-09-16,2019-09-16,Yes,C,CBD,,,
Blue Door Vaping,5223 Simpson Ferry Rd Ste 3,,Mechanicsburg,PA,17055,US,https://bluedoorvaping.com/,7176202425,bluedoorvaping@gmail.com,2014-08-27,2019-02-02,,V,,,,
CBD American Shaman of PA,5224 Simpson Ferry Rd,,Mechanicsburg,PA,17050,US,https://hempishealth.com/,7176208532,asfs0702@gmail.com,2019-11-08,2019-11-08,Yes,C,CBD,,,
East Coast Vapor,4830 Carlisle Pike,,Mechanicsburg,PA,17050,US,http://www.eastcoastvapor.com/,7175258892,,2015-08-10,2019-04-08,Yes,V,CBD,,,
EZ Mart Discount Tobacco Outlet,4700 Carlisle Pike,,Mechanicsburg,PA,17050,US,https://ez-marts-tobacco-outlet-smoke-shop.business.site/,7175258047,mechanicsburgezmarts@yahoo.com,2018-11-14,2019-10-23,Yes,S,CBD,Yes,,
Hemp's Above,105 N Arch St,,Mechanicsburg,PA,17055,US,,7176978948,edmer68@hotmail.com,2018-11-15,,Yes,H,CBD,Yes,,
Smoker's Express,5236 Simpson Ferry Rd,,Mechanicsburg,PA,17050,US,http://www.smokersexpress.net/,7177951060,,2020-03-08,,Yes,T,CBD,,,
Media Smoke Shop,107 S Monroe St,,Media,PA,19063,US,,4844428649,,2020-04-24,2020-04-24,Yes,S,CBD,Yes,,
Natures Way Glass,3300 E Harrisburg Pike,,Middletown,PA,17057,US,http://natureswayglass.com/,7179441960,natureswayglass@hotmail.com,2019-01-01,,Yes,H,CBD,,,
Puff Super Value,428 E Main St,,Middletown,PA,17057,US,http://puffsv.com/,7179442792,,2020-02-06,,Yes,T,CBD,,,
Vapeology,2 S Union St #B,,Middletown,PA,17057,US,https://vapeologypa.com/,7178094222,info@vapeologypa.com,2015-12-06,2019-02-02,Yes,V,CBD,,,
Smoker's Express,1854 Butcher Shop Rd,,Mifflintown,PA,17059,US,http://www.smokersexpress.net/,7174366279,,2020-03-08,,,T,,,,
Cigar & Cigarette Outlet,601 W Harford St,,Milford,PA,18337,US,,5702961010,,2019-08-06,,,S,,,,
Smokers Choice,102 Milford Landing Dr Ste 9,,Milford,PA,18337,US,http://www.smokerschoiceusa.com/,5704915718,,2018-08-16,2020-03-11,Yes,S,CBD,Yes,,
The Shop In Milford,107 E Harford St,,Milford,PA,18337,US,https://www.shopinmilford.com/,15702961714,,2020-12-09,,Yes,H,CBD,,,
Smokers Express,12441 William Penn Hwy,,Mill Creek,PA,17060,US,,8146433935,,2020-03-11,,,T,,,,
Puff Discount Cigarette Store,103 Hogan Blvd,,Mill Hall,PA,17751,US,http://puffdiscount.com/,5708930237,,2021-09-06,,Yes,T,CBD,,,
Genuine Tobacco Co,76 W Frederick St,,Millersville,PA,17551,US,,7178718431,,2019-11-10,,,S,,,,
"Smokin' Joe's Tobacco Shop, Inc. #12",7384 PA-328,,Millerton,PA,16936,US,http://www.gotojoes.com/,5705376674,,2019-12-11,,,S,,,,
Happy Little Trees Smoke Shop,111 E Main St,,Millheim,PA,16854,US,http://happylittletreespa.com/,9178177250,smile@happylittletreespa.com,2021-08-14,,Yes,S,CBD,,,
Purple Hippo,43 Broadway St,,Milton,PA,17847,US,,5704122140,purplehippotees@yahoo.com,2018-11-27,2021-08-31,Yes,H,CBD,Yes,,
Puff Super Value,137 Adams Ave,,Mineral Point,PA,15942,US,http://puffsv.com/,8143221851,,2020-07-24,,,S,,,,
"Smokin' Joe's Tobacco Shop, Inc. #06",38 Kings Village,,Minersville,PA,17954,US,http://www.gotojoes.com/,5705445141,,2019-12-11,,,S,,,,
Liquid Coils,615 Pennsylvania Ave,,Monaca,PA,15061,US,,8783133404,liquidcoils@gmail.com,2018-08-06,2019-12-28,Yes,V,CBD,,,
The Dog Emporium,310 W Main St,,Monongahela,PA,15063,US,http://dogemporium.us,7242587297,rjm@situpdoggy.com,2021-08-03,2021-08-25,Yes,C,CBD,,,
Glass Gone Wow - Monroeville,3948 Monroeville Blvd,,Monroeville,PA,15146,US,http://www.glassgonewow.com/,4123498540,,2018-08-06,2019-09-17,Yes,H,CBD,Yes,,
Puff Discount Tobacco,222 Center Rd,,Monroeville,PA,15146,US,,4123721819,,2020-02-05,2020-02-05,,S,,,,
Smoke Wizard and Vape,130 Mall Cir Dr,,Monroeville,PA,15146,US,,4123723296,,2018-08-16,2020-02-13,Yes,S,CBD,,,
Steel City Vapors,4023 William Penn Hwy,,Monroeville,PA,15146,US,https://steelcityvapors.com/,4123733244,steelcityvapors@gmail.com,2018-08-16,2020-02-13,Yes,V,CBD,,,
"Your CBD Store - Monroeville, PA",2671 Monroeville Blvd,,Monroeville,PA,15146,US,https://cbdrx4u.com/,4126462262,cbd3507@gmail.com,2019-09-16,2019-09-16,Yes,C,CBD,,,
"Your CBD Store - Montoursville, PA",960 Plaza Dr,,Montoursville,PA,17754,US,https://cbdrx4u.com/,5708283998,montoursvillepa@cbdrx4u.com,2019-09-16,2019-09-16,Yes,C,CBD,,,
Smokin' Joe's Tobacco Shop,16749 PA-706,,Montrose,PA,18801,US,https://www.gotojoes.com/,5702785080,,2020-03-23,,,T,,,,
Smoke Stop,2848 Main St,,Morgantown,PA,19543,US,http://smokestopmorgantown.com/,6102860103,purohit.dinesh82@yahoo.com,2020-03-02,,,S,,,,
Modern Fog Vapor,305 W Trenton Ave,,Morrisville,PA,19067,US,,2677975692,modernfogvapor@gmail.com,2019-05-03,2021-11-14,Yes,V,CBD,,,
RR Vapes,1 E Trenton Ave,,Morrisville,PA,19067,US,https://www.rrvapes.net/,2677995101,rrvapors@yahoo.com,2018-08-06,2019-06-24,Yes,V,CBD,,,
Smokers Express,813 W Trenton Ave,,Morrisville,PA,19067,US,,2154284647,,2021-09-20,,,T,,,,
Smokin' Joe's Tobacco Shop,119 E Bridge St,,Morrisville,PA,19067,US,http://www.gotojoes.com/,2152951210,customerservice@gotojoes.com,2018-08-16,2019-06-16,,S,,,,
Smokin' Joe's Tobacco Shop,106 E Trenton Ave,,Morrisville,PA,19067,US,http://www.gotojoes.com/,2157360600,customerservice@gotojoes.com,2018-08-16,2019-06-16,,S,,,,
United Cut Rate Store,19 E Bridge St,,Morrisville,PA,19067,US,,2152954438,,2021-09-21,,Yes,T,CBD,Yes,,
Smokin' Joe's Tobacco Shop Inc,2535 N Delaware Dr,,Mount Bethel,PA,18343,US,http://www.gotojoes.info/,5708975800,,2019-12-11,,,S,,,,
Mount Joy Convenience & Smoke Shop,33 W Main St,,Mount Joy,PA,17552,US,https://mountjoyconveniencesmokeshop.business.site/,7174928434,,2021-03-11,,Yes,S,CBD,Yes,,
Megha Tobacco Outlet,1420 Pocono Blvd,,Mount Pocono,PA,18344,US,,5708393450,,2019-12-19,2019-12-19,,S,,Yes,,
Grand Smoke Shop,47 S Mountain Blvd,,Mountain Top,PA,18707,US,https://mountain-top-tobacco.business.site/,5704031000,,2021-09-06,2021-09-06,Yes,S,CBD,Yes,,
MountainTop Vapes,104 N Mountain Blvd,,Mountain Top,PA,18707,US,,5707069580,info@mountaintopvapes.com,2019-05-03,2019-05-03,Yes,V,CBD,,,
Smokers Vapors,137 Oakridge Dr,,Mountville,PA,17554,US,,7175228675,,2021-01-05,,Yes,S,CBD,Yes,,
PA Vapor Glassroom,5654 US-22,,Murrysville,PA,15632,US,http://www.pavapor.com/,7245198820,sales@pavapor.com,2020-08-13,2020-08-13,Yes,S,CBD,,,
Premier Glass & Vape,3700 Old William Penn Hwy Ste 4,,Murrysville,PA,15668,US,,7245198981,premierglassvape@gmail.com,2019-10-01,,Yes,H,CBD,Yes,,
Octopus Ink Vapor LLC,2614 Freeport Rd,,Natrona Heights,PA,15065,US,,7249047373,octopusinkvaporllc@gmail.com,2018-09-30,,,V,,,,
Superior Smoke Shoppes,2609 Freeport Rd,,Natrona Heights,PA,15065,US,http://www.superiorsmokeshoppes.com/,7242242400,d.carr@superiorsmokeshoppes.com,2019-05-19,,,T,,,,
"Your CBD Store - Natrona Heights, PA",52 Highlands Mall Dr,,Natrona Heights,PA,15065,US,https://cbdrx4u.com/,7249743095,cbd3507@gmail.com,2019-09-16,2020-01-16,Yes,C,CBD,,,
Lehigh Vapor,822 Nazareth Pike Ste F,,Nazareth,PA,18064,US,https://lehighvape.com/,6107595684,info@lehighvape.com,2018-08-06,2019-12-28,Yes,V,CBD,,,
Cigars & More,1105 3rd Ave,,New Brighton,PA,15066,US,,7248470228,,2018-11-06,,Yes,S,CBD,Yes,,
Tightwad Tobacco,1001 3rd Ave,,New Brighton,PA,15066,US,http://tightwadtobacco.com/,7248436102,info@tightwadtobacco.com,2019-12-13,2021-07-13,Yes,S,CBD,,,
Beer 4 Less And Pop,310 Cascade Galleria,,New Castle,PA,16101,US,http://www.beer4less.net/,7246540900,beer4less@gmail.com,2018-08-06,2019-12-14,,T,,,,
Cloud Neun Vape & CBD Wellness,10 E Washington St,,New Castle,PA,16101,US,https://cloudneunvape.com/,7249910595,cloudneun@outlook.com,2019-03-31,,Yes,V,CBD,,,
Fog Vapes,2425 Wilmington Rd,,New Castle,PA,16105,US,,7248568941,,2018-08-16,2020-02-12,,V,,,,
Glass Paper And Vapor,1603 Wilmington Rd,,New Castle,PA,16105,US,,7248563676,shadi@glasspaperandvapor.com,2018-11-08,2020-01-30,Yes,H,CBD,,,
Puff And Snuff,820 N Croton Ave,,New Castle,PA,16101,US,https://puffandsnuff.business.site/,7242026862,,2018-10-29,,Yes,S,CBD,,,
Village Vape,2650 Ellwood Road,,New Castle,PA,16101,US,,7248563348,villagevape@icloud.com,2022-04-01,2022-04-01,Yes,V,CBD,,,
Smoker's Express,110 Old York Rd Ste 220,,New Cumberland,PA,17070,US,http://www.smokersexpress.net/,7179209990,,2019-09-25,,,T,,,,
Freedom Cigars & Tobacco,20 E Franklin St,,New Freedom,PA,17349,US,http://freedomcigars.com/,7172279208,etters@freedomcigars.com,2020-02-03,,Yes,T,CBD,,,
Smooth Roots CBD,110 S Main St,,New Hope,PA,18938,US,https://smoothroots.co/,2156226521,smoothroots@yahoo.com,2020-07-17,2020-07-17,Yes,C,CBD,,,
Vaping Me Crazy,127 S Main St,,New Hope,PA,18938,US,,2677402604,,2018-08-17,2020-02-16,Yes,V,CBD,,,
VaporTimme,15 W Ferry St,,New Hope,PA,18938,US,https://vaportimme.herokuapp.com/,2156931905,vaportimme@gmail.com,2018-08-17,2020-02-14,Yes,V,CBD,,,
CBD American Shaman - Newport,38 N 2nd St,,Newport,PA,17074,US,https://cbdamericanshaman.com/,7172047851,naturesremedies411@gmail.com,2019-11-11,,Yes,C,CBD,,,
Havana Smoke And Vape,5 N State St,,Newtown,PA,18940,US,,2158691934,havanasmokenvape@gmail.com,2020-12-28,,Yes,S,CBD,Yes,,
Make It Vapor,3605 Chapel Rd,,Newtown Square,PA,19073,US,https://www.makeitvapor.com/,4848813778,sales@makeitvapor.com,2018-09-30,2021-09-02,Yes,V,CBD,,,
Smoke Tobacco Outlet,614 W Marshall St,,Norristown,PA,19401,US,,6102721707,,2020-03-02,,,S,,Yes,,
Smokings,2894 Dekalb Pike,,Norristown,PA,19401,US,,6102752894,,2019-10-14,,Yes,S,CBD,Yes,,
Xpert Vapes,452 Egypt Rd,,Norristown,PA,19403,US,https://xpertvapes.com/,6105393468,,2019-04-07,,Yes,V,CBD,,,
Big Cat Vapors,24 S Lake St,,North East,PA,16428,US,https://bigcatvapors.com/,8148065545,bigcatvapors@gmail.com,2018-08-06,2020-01-11,Yes,V,CBD,,,
Puff Discount Tobacco,1722 Greensburg Ave,,North Versailles,PA,15137,US,,4128242544,,2019-09-15,,,T,,,,
Vaper Shack,1002 Preston Dr,,North Versailles,PA,15137,US,,4128236890,,2018-01-20,2019-01-22,,V,,,,
Blue Monkey Vapes,230 Montgomery Mall #7,,North Wales,PA,19454,US,https://bluemonkeyvapes.com,2153933829,bluemonkeyvapes@gmail.com,2018-08-06,2020-01-11,,V,,,,
Smoker Bruce,1200 Welsh Rd Ste E1,,North Wales,PA,19454,US,,2153939029,,2018-11-25,,,S,,,,
Nic's Tobacco Outlet,2608 Bigler Ave,,Northern Cambria,PA,15714,US,,8149486944,,2021-08-23,,Yes,T,CBD,,,
Puff Tobacco Products,180 Duke St,,Northumberland,PA,17857,US,,5707011230,,2020-08-11,,,T,,,,
Smoker Friendly,301 Duncomb St Ste 6,,Oil City,PA,16301,US,,8146777833,smokerfriendly.pbj@gmail.com,2018-09-08,2018-10-28,Yes,S,CBD,,,
Spanky's Tobacco World,1719 Riverside Dr,,Oil City,PA,16301,US,,8146771075,,2019-10-18,,,S,,,,
Smoke Town,594 Burke Bypass #C,,Olyphant,PA,18447,US,,5703837833,,2020-01-14,,,S,,,,
Top Grade Vapors,9 N 3rd St Ste 1,,Oxford,PA,19363,US,,6109327095,topgradevapors@gmail.com,2018-09-30,,,V,,,,
Palmerton Tobacco,279 Delaware Ave #A,,Palmerton,PA,18071,US,https://www.facebook.com/palmerton-tobacco-913298235482250/,6108266606,,2020-08-11,,,T,,,,
Good Guy Vapes & CBD - Palmyra,25 E Main St,,Palmyra,PA,17078,US,https://goodguyvapes.com/,7178388044,info@goodguyvapes.com,2018-08-06,2019-11-13,Yes,V,CBD,,,
Smoke City,34 W Main St,,Palmyra,PA,17078,US,,7178388677,,2018-08-16,2019-06-16,,S,,Yes,,
Wild Wolf Smoke N Vape,313 W Lincoln Hwy,,Penndel,PA,19047,US,https://www.wildwolfpa.com/,2159705686,,2021-09-20,,Yes,S,CBD,,,
Your CBD Store,353 Main St,,Pennsburg,PA,18073,US,https://cbdrx4u.com,5402091111,yourcbdstorektown@gmail.com,2020-12-06,,Yes,C,CBD,,,
Liquid Sky Vaping,21 Kristi Rd Ste 4,,Pennsdale,PA,17756,US,,5705462600,liquidskyvaping@gmail.com,2018-09-30,,,V,,,,
Sheesh Smoke & Vape,230 PA-313 Ste 6,,Perkasie,PA,18944,US,https://sheesh-vape-shop.business.site/,2152494889,,2021-09-20,,Yes,S,CBD,Yes,,
1 Stop Smoke Shop,10103 Verree Rd Unit C,,Philadelphia,PA,19116,US,http://www.1stopss.com/,2673887119,,2018-07-24,2019-05-17,,S,,,,
Artifax,2446 Cottman Ave,,Philadelphia,PA,19149,US,,2153310306,,2018-06-06,2018-10-14,,S,,,,
Avril 50,3406 Sansom St,,Philadelphia,PA,19104,US,http://www.avril50.com/,2152226108,info@avril50.com,2021-09-01,,Yes,O,CBD,,,
Black Market,2033 Chestnut St,,Philadelphia,PA,19103,US,,2159719298,sales@blackmarketglobal.net,2018-11-17,2021-11-03,Yes,S,CBD,,,
Cappelli Brothers Cigar Company,211 S 13th St,,Philadelphia,PA,19107,US,https://cappellibrotherscigarcompany.com/,2155461315,,2019-01-12,,,T,,,,
CBD Philly,7956 Oxford Ave Unit 1,,Philadelphia,PA,19111,US,https://cbdphilly.com/,8774223633,info@cbdphilly.com,2020-11-29,,Yes,C,CBD,,,
CBD ReLeaf,411 E Girard Ave,,Philadelphia,PA,19125,US,https://cbd-releaf.business.site/,2672149015,,2021-09-01,,Yes,C,CBD,Yes,,
Creep Records,1050 N Hancock St Ste 76,,Philadelphia,PA,19123,US,http://www.creeprecords.com/,2672392037,creep215@gmail.com,2018-12-28,2018-12-28,,H,,,,
E Z Smokes,1542 Pratt St,,Philadelphia,PA,19124,US,,2155379700,,2018-09-17,,,S,,,,
Ecigs International,6212 Ridge Ave Unit B,,Philadelphia,PA,19128,US,http://www.ecigg.org/,8885715486,,2018-10-21,2018-10-21,,V,,,,
Exclusive Vape Shop,732 South St,,Philadelphia,PA,19147,US,,2675199190,exclusivevapeshop@gmail.com,2014-08-29,2019-03-07,Yes,V,CBD,,,
Funny Monk Emporium,4369 Cresson St,,Philadelphia,PA,19127,US,http://www.funnymonk.com/,6106090262,funnymonkphilly@gmail.com,2019-01-01,,Yes,H,CBD,,,
Goodfella's Vape Shop,1800 W Ritner St,,Philadelphia,PA,19145,US,https://www.goodfellasvapeshop.com/,2152711023,goodfellasvapeshop@gmail.com,2018-08-17,2020-02-16,,V,,,,
Hemperiffic CBD Wellness Oils,1443 Snyder Ave,,Philadelphia,PA,19145,US,https://www.hemperifficllc.com/,2154656570,hemperiffic@gmail.com,2021-01-28,,Yes,C,CBD,,,
Hip Hemp Cafe,607 S 7th St.,,Philadelphia,PA,19147,US,https://hiphempcafe.com/,2677586534,info@hiphempcafe.com,2019-10-14,,Yes,C,CBD,,,
Holt's Cigar Company,1522 Walnut St,,Philadelphia,PA,19102,US,https://www.holts.com/,2157328500,holts@holts.com,2019-01-12,2019-11-19,,T,,,,
Holt's Cigar Company,12270 Townsend Rd,,Philadelphia,PA,19154,US,https://www.holts.com/,2156763926,holts@holts.com,2019-01-12,2019-11-19,,T,,,,
illadelph by All in One Smoke Shop,14230 Bustleton Ave,,Philadelphia,PA,19116,US,http://allin1smokeshop.com/pa/illadelph-philadelphia/,2156988777,,2019-01-03,,,H,,,,
Illadelph Glass Gallery,68 N 2nd St,,Philadelphia,PA,19106,US,http://www.illadelphglassgallery.com,2672730586,sales@illadelphglassgallery.com,2018-11-17,,,H,,,,
Kensington Smoke Shop,1816 E Allegheny Ave,,Philadelphia,PA,19134,US,,2152013600,,2019-12-25,,,S,,,,
Love Vape,4714 Baltimore Ave,,Philadelphia,PA,19143,US,,2672444541,lovevapeucity@gmail.com,2018-09-13,,,V,,,,
Love Vape,608 S 5th St,,Philadelphia,PA,19147,US,,2152782061,lovevapes@gmail.com,2018-08-06,2019-12-28,Yes,V,CBD,,,
Lucky Clouds,332 Loney St,,Philadelphia,PA,19111,US,https://luckycloudsphilly.com/,2678208273,,2018-08-06,2019-12-28,Yes,V,CBD,,,
Matchbox,643 South St,,Philadelphia,PA,19147,US,,2672730602,matchboxpa@gmail.com,2018-11-26,,,H,,,,
Munchies,244 South St,,Philadelphia,PA,19147,US,,2159239434,,2018-10-29,,Yes,H,CBD,,,
NEBU Philly Vape & Smoke,431 South St,,Philadelphia,PA,19147,US,https://www.nebuphilly.com/,2676877490,,2018-08-06,2019-06-11,,S,,,,
Philly Philly Tobacco Outlet,2747 S 7th St,,Philadelphia,PA,19148,US,,2676871803,phillyphillytobaco@yahoo.com,2021-09-06,,Yes,S,CBD,,,
Philly Smoke Shop,3056 Kensington Ave,,Philadelphia,PA,19134,US,http://phillysmokeshop.mmwirelesstech.com/,2676878227,,2019-09-10,,Yes,H,CBD,,,
Q & A Wholesale,2749 Kensington Ave,,Philadelphia,PA,19134,US,,2675848354,princesolo163@rocketmail.com,2021-09-06,,Yes,S,CBD,Yes,,
Ridge Smoke Depot,6200 Ridge Ave,,Philadelphia,PA,19128,US,,2154838335,,2020-02-09,,,S,,,,
Ruckus Gallery,27 N 2nd St,,Philadelphia,PA,19106,US,http://www.ruckusgallery.com/,2674575544,ruckusgallery@gmail.com,2018-08-06,2019-11-02,Yes,H,CBD,Yes,,
Sky Store,632 South St,,Philadelphia,PA,19147,US,,2159221145,,2019-09-02,,,S,,,,
Smoker's Palace,6301 Keystone St,,Philadelphia,PA,19135,US,,2156135611,jigarjavai@gmail.com,2021-09-07,,Yes,S,CBD,,,
Smokin Stogies n Stuff,102 S 18th St,,Philadelphia,PA,19103,US,http://smokinstogiesnstuff.com/,2154542850,smokinstogiesnstuff@gmail.com,2019-06-24,,,S,,,,
Snyder Ave Tobacco & Cigar,1434 Snyder Ave,,Philadelphia,PA,19145,US,,2155513400,,2021-09-07,,,T,,,,
South St Market,406 South St,,Philadelphia,PA,19147,US,,2152381733,,2019-06-24,,,S,,Yes,,
South Street Market,746 South St,,Philadelphia,PA,19147,US,,2156088793,,2019-06-24,,,S,,,,
Sunflower's Space Cakes,323 N 52nd St,,Philadelphia,PA,19139,US,https://sunflowerspacecakes.com/,2679007919,sammi@sunflowerspacecakes.com,2020-12-27,2021-05-03,Yes,C,CBD,,,
The Black Market Center City,203 S Juniper St,,Philadelphia,PA,19107,US,,2159719485,sales@blackmarketglobal.net,2018-09-30,2021-06-08,Yes,S,CBD,,,
The Black Market Northeast,1619 Grant Ave #29,,Philadelphia,PA,19115,US,https://holysmokes.online/,2159418585,feedback@holysmokes.biz,2018-09-30,2019-03-15,Yes,S,CBD,,,
Vape & Artisan Glass Gallery,4335 Main St,,Philadelphia,PA,19127,US,,2673367782,vape.artisanglasd@gmail.com,2021-09-07,2021-09-07,Yes,V,CBD,,,
Vape O2,411 E Girard Ave,,Philadelphia,PA,19125,US,http://vapeo2.com/,2152782891,sales@vapeo2.com,2018-08-17,2020-02-16,Yes,V,CBD,Yes,,
Vapor Central @ Holy Smokes,1619 Grant Ave #30,,Philadelphia,PA,19115,US,,2159418585,,2019-10-12,,,S,,Yes,,
Vapor Funky Monkey,4221 Main St,,Philadelphia,PA,19127,US,http://www.vaporfunkymonkey.com/,2673367880,vaporfunkymonkey@yahoo.com,2018-09-30,,Yes,V,CBD,,,
Vapor Hut,2550 Grant Ave Ste 340,,Philadelphia,PA,19114,US,,2673448121,vaporhut19114@gmail.com,2018-08-17,2020-02-16,Yes,V,CBD,,,
Vapordelphia,603 S 9th St,,Philadelphia,PA,19147,US,,2672395737,,2018-09-12,,,V,,,,
VaporFi,1240 South St Unit B,,Philadelphia,PA,19147,US,https://www.vaporfi.com/,2157353190,service@vaporfi.com,2018-08-17,2020-02-16,Yes,V,CBD,,,
Wolf Variety Store,2301 S 12th St,,Philadelphia,PA,19148,US,,2157554525,,2021-09-07,,Yes,T,CBD,,,
Wonderland,2037 Walnut St,,Philadelphia,PA,19103,US,http://wonderlandphilly.com/,2155611071,wonderland@wonderlandphilly.com,2018-10-25,,Yes,S,CBD,,,
Wyoming Mini Market,555 E Wyoming Ave,,Philadelphia,PA,19120,US,,4847639301,,2021-09-07,,,O,,,,
EB Vape Attix,428 N Front St,,Philipsburg,PA,16866,US,,8143436871,ebordas68@gmail.com,2018-06-26,2019-07-06,,V,,,,
Puff Super Value,10 S Front St,,Philipsburg,PA,16866,US,http://www.puffsv.com/,8143436461,,2020-02-06,,Yes,S,CBD,,,
Advanced Hemp,4 Gay St,,Phoenixville,PA,19460,US,https://www.advancedhempstore.com/,4843025186,info@advancedhempstore.com,2019-08-17,,Yes,C,CBD,,,
Higher Class,116 Bridge St,,Phoenixville,PA,19460,US,http://www.higherclassglass.com,4849208950,higherclasslimited@gmail.com,2018-11-17,,Yes,H,CBD,,,
Liberty Vapor,322 Bridge St,,Phoenixville,PA,19460,US,https://www.libertyvapor.net/,4849274586,sales@libertyvapor.net,2018-09-30,,,V,,,,
Smoke N Vape Of Phoenixville,259 Schuylkill Rd,,Phoenixville,PA,19460,US,,4849248125,smoke3.vape@gmail.com,2018-10-10,2018-10-14,Yes,V,CBD,Yes,,
Boulevard Tobacco Outlet,721 Brookline Blvd,,Pittsburgh,PA,15226,US,,4123069910,,2019-07-28,,,S,,,,
Carson Tobacco Outlet,2350 Noblestown Rd # 2315,,Pittsburgh,PA,15205,US,,4129200230,,2019-07-31,,,T,,,,
Coil Head Vapors,1705 Babcock Blvd,,Pittsburgh,PA,15209,US,,4128212943,coilheadvapes@gmail.com,2021-08-02,,Yes,V,CBD,,,
Cool Vapes,7206 McKnight Rd,,Pittsburgh,PA,15237,US,https://www.coolvapes.com/,4123580200,info@coolvapes.com,2018-08-06,2022-02-14,Yes,V,CBD,,,
Forbes Tobacco,3801 Forbes Ave,,Pittsburgh,PA,15213,US,,3477710246,,2019-10-25,,,S,,,,
Glass Gallery & Wellness,10441 Perry Hwy,,Pittsburgh,PA,15237,US,,4123184369,,2021-08-03,,Yes,H,CBD,,,
Glass Gone Wow - South Side,1409 E Carson St,,Pittsburgh,PA,15203,US,http://www.glassgonewow.com/,4129043184,,2018-08-06,2018-11-24,Yes,H,CBD,,,
Glassburgh,1711 E Carson St,,Pittsburgh,PA,15203,US,,4125146131,,2018-12-11,2021-08-03,Yes,H,CBD,,,
GWC Vape Shop,2010 Murray Ave,,Pittsburgh,PA,15217,US,,4124211848,glassworldcenter@gmail.com,2018-09-30,,,V,,,,
Head Of The Glass,3602 Bates St,,Pittsburgh,PA,15213,US,http://headoftheglasspitt.com/,4127424066,info@headoftheglasspitt.com,2018-08-06,2019-09-23,Yes,H,CBD,Yes,,
Hippie & French,5122 Butler St,,Pittsburgh,PA,15201,US,http://www.hippieandfrench.com,4124079287,lindsayjfrench@outlook.com,2020-07-06,,Yes,C,CBD,,,
Hops Brews And Sunshine Squirrel Hill,5853 Forbes Ave,,Pittsburgh,PA,15217,US,,4123045371,,2022-04-26,2022-04-26,,O,,,,
J&S Glass,1918 Murray Ave,,Pittsburgh,PA,15217,US,,4124226361,jnsg1918@gmail.com,2018-11-26,,Yes,H,CBD,Yes,,
Keystone Vapors,4328 Butler St,,Pittsburgh,PA,15201,US,,4126210904,sales@keystonevapor.com,2018-08-06,2019-12-27,Yes,V,CBD,Yes,,
Keystone Vapors Dormont,2904 W Liberty Ave,,Pittsburgh,PA,15216,US,http://keystone-vapors-dormont.business.site/,4125311753,,2019-12-25,,Yes,V,CBD,Yes,,
Keystone Vapors South Side,2304 1/2 E Carson St,,Pittsburgh,PA,15203,US,,4124810102,,2018-08-06,2019-12-27,Yes,V,CBD,,,
LaBoroTory,601 E Carson St,,Pittsburgh,PA,15203,US,https://www.laborotory.com/,4122515635,laborotorypgh@gmail.com,2020-07-14,,Yes,H,CBD,Yes,,
LOFT 412 Hookah Cafe,738 Bellefonte St,,Pittsburgh,PA,15232,US,,4125865293,loftshadyside@gmail.com,2018-08-16,2020-02-14,,L,,Yes,,
Nicks imports,1913 E Carson St,,Pittsburgh,PA,15203,US,,4125120346,,2021-08-03,,Yes,O,CBD,,,
Smoke Connection,5804 Forbes Ave,,Pittsburgh,PA,15217,US,https://smoke-connection.business.site/,4124214929,,2020-02-18,,Yes,S,CBD,Yes,,
Smoke Glass and Vape,2817 Brownsville Rd,,Pittsburgh,PA,15227,US,,4122542720,,2018-08-06,2019-07-25,Yes,S,CBD,Yes,,
Smoke Glass And Vape,2995 W Liberty Ave,,Pittsburgh,PA,15216,US,https://www.smokeglassvape.com/,4126680200,info@smokeglassvape.com,2021-08-29,,Yes,S,CBD,,,
Smoke Glass And Vape,254 S Highland Ave,,Pittsburgh,PA,15206,US,https://www.smokeglassvape.com/,4123126338,info@smokeglassvape.com,2021-08-29,,Yes,S,CBD,,,
Smoke Wizard,5880 1/2 Forbes Ave,,Pittsburgh,PA,15217,US,,4124223381,,2018-11-07,,Yes,S,CBD,Yes,,
Smoker Friendly,2136 Babcock Blvd,,Pittsburgh,PA,15209,US,https://smokerfriendly.com/,4128227864,,2020-03-04,,,S,,,,
Smoker Friendly,2382 Golden Mile Hwy,,Pittsburgh,PA,15239,US,http://smokerfriendly.com/,7247335405,,2020-03-04,,,T,,,,
Smokey Bros Tobacco and Vape,4209 Murray Ave,,Pittsburgh,PA,15217,US,https://www.smokeybros412.com/,4123154417,smokeybros412@gmail.com,2018-08-16,2019-06-16,Yes,S,CBD,Yes,,
Steel City Vapors,4136 Library Rd,,Pittsburgh,PA,15234,US,https://steelcityvapors.com/,4123433500,steelcityvapors@gmail.com,2018-08-16,2020-02-13,Yes,V,CBD,,,
Swirling Wind Vapors,3538 Clairton Blvd,,Pittsburgh,PA,15227,US,http://swirlingwindvapors.com/,4128847851,engage@swirlingwindvapors.com,2014-12-18,2019-01-26,,V,,,,
Three D's Tobacco Shop,3604 Fifth Ave,,Pittsburgh,PA,15213,US,,4122242442,,2020-04-26,,,T,,,,
Tobacco Outlet,4501 Liberty Ave,,Pittsburgh,PA,15224,US,,4126817556,,2020-07-14,,Yes,S,CBD,,,
Tobacco Outlet,1100 Brownsville Rd,,Pittsburgh,PA,15210,US,,4128817556,,2021-08-04,,Yes,S,CBD,,,
Vapor Galleria,2724 E Carson St,,Pittsburgh,PA,15203,US,http://vaporgalleriapittsburgh.com/,4124818273,corporate@vaporgalleria.com,2018-08-17,2020-02-16,Yes,V,CBD,,,
White Cloud Electronic Cigarettes,100 Robinson Center Dr,,Pittsburgh,PA,15205,US,https://www.whitecloudelectroniccigarettes.com/,4125832099,,2018-08-17,2019-09-22,,V,,,,
Your CBD Store,1107 Mt Royal Blvd,,Pittsburgh,PA,15223,US,https://cbdrx4u.com/find-us/pennsylvania/shaler,8773370880,shaler537@cbdrx4u.com,2020-12-06,,Yes,C,CBD,,,
Your CBD Store - North Hills,7803 McKnight Rd #B,,Pittsburgh,PA,15237,US,https://cbdrx4u.com/find-us/pennsylvania/north-hills,7242698388,northhills514@cbdrx4u.com,2020-12-06,2021-06-10,Yes,C,CBD,,,
Smokers Choice,323 Laurel St,,Pittston,PA,18640,US,http://www.smokerschoiceusa.com/,5708914480,info@smokerschoiceusa.com,2018-08-16,2021-06-13,Yes,S,CBD,,,
Deep Six CBD,500 W Germantown Pike,,Plymouth Meeting,PA,19462,US,https://www.deepsixcbd.com/,6108978740,customerservice@deepsixcbd.com,2019-12-28,2019-12-28,Yes,C,CBD,,,
Mountain Vaporz,2668 PA-940,,Pocono Summit,PA,18346,US,https://mountainvaporz.com/,5702438505,mountainvaporz@msn.com,2015-10-31,2019-01-05,Yes,V,CBD,,,
Cole's Tobacco Inc,215 E High St,,Pottstown,PA,19464,US,,6103234991,,2018-08-06,2019-09-08,,T,,,,
Mainline CBD,351 W Schuylkill Rd,,Pottstown,PA,19465,US,https://www.themainlinecbd.com/,4847524878,mainlinecbd@gmail.com,2021-03-17,,Yes,C,CBD,,,
Smoke N Vape,1660 W High St,,Pottstown,PA,19464,US,,4846245359,,2019-05-13,,Yes,S,CBD,,,
Sam's Place,1544 PA-61 Ste 6136,,Pottsville,PA,17901,US,,5703851415,,2020-02-14,,Yes,T,CBD,,,
Six-One Vapor Lounge,448 Claude A Lord Blvd,,Pottsville,PA,17901,US,https://six-one-vapor-lounge.business.site/,5707282158,sixonevaporpa@gmail.com,2016-12-19,2019-01-13,Yes,V,CBD,,,
Smoker's Heaven,24 N Centre St,,Pottsville,PA,17901,US,,5706222292,,2020-03-10,,Yes,S,CBD,,,
Puff Discount Tobacco,209 Hampton Ave,,Punxsutawney,PA,15767,US,,8149385958,customersupport@puff-discount.com,2020-08-11,,,T,,,,
US Gas Minimart And Tobacco Shop,530 E Broad St,,Quakertown,PA,18951,US,,2155385375,,2020-08-13,,,S,,,,
Kenhorst Smoke And Vape Shop,610 Kenhorst Plaza,,Reading,PA,19607,US,,4845092702,,2019-12-24,,,T,,,,
My CBD Remedies,3815 Perkiomen Ave,,Reading,PA,19606,US,http://mycbdremedies.com,6107797234,frank@mycbdremedies.com,2020-07-12,,Yes,C,CBD,,,
Smoke Shop & Vapor Lounge,2702 N 5th St Hwy,,Reading,PA,19605,US,https://www.facebook.com/smokeshop02,4847092507,,2019-05-13,,Yes,S,CBD,,,
Smokin Aces Vape Lounge,3229 N 5th St Hwy,,Reading,PA,19605,US,https://www.smokinacesvapor.com,4845092164,smokinaces157@gmail.com,2021-07-02,,Yes,V,CBD,,,
Uptown Smoke Shop,934 Penn St,,Reading,PA,19602,US,,4849262166,,2019-10-16,,,S,,Yes,,
Smokers Express,3123 Cape Horn Rd,,Red Lion,PA,17356,US,http://www.smokersexpress.net/,7174175522,smkexpcepal@live.com,2020-02-24,,,T,,,,
Puff Super Value,500 PA-36,,Roaring Spring,PA,16673,US,http://puffsv.com/,8142242504,,2020-07-24,,,S,,,,
"Your CBD Store - Robinson, PA",5992 Steubenville Pike,,Robinson Township,PA,15136,US,https://cbdrx4u.com/,4122237744,robinsonpa@cbdrx4u.com,2019-09-16,2019-09-16,Yes,C,CBD,,,
Smokkey Tokkey,304 Huntingdon Pike,,Rockledge,PA,19046,US,,2156904539,smokkeytokkey@gmail.com,2018-11-04,,Yes,S,CBD,Yes,,
Smokings 2,70 Buckwalter Rd Ste 321,,Royersford,PA,19468,US,,6107923300,,2019-10-14,,,S,,,,
Cigar Box Tobacconist and Vape Center,400 Terry Rich Blvd Ste 8,,Saint Clair,PA,17970,US,http://www.cigarboxpa.com/,5704291190,info@cigarboxpa.com,2018-08-06,2019-09-01,Yes,T,CBD,,,
Vapor IQ,737 S Pike Rd,,Sarver,PA,16055,US,https://www.vaporiq.net/,7242954153,vaporiq737@gmail.com,2018-09-30,,,V,,,,
The Smoke Shoppe,116 Pittsburgh St,,Saxonburg,PA,16056,US,http://saxonburgsmokeshoppe.business.site/,7245241775,thesmokeshoppe@zoominternet.net,2019-11-01,,Yes,S,CBD,Yes,,
New World Tobacco,2368 Elmira St,,Sayre,PA,18840,US,,5707317056,,2020-01-28,,,S,,,,
Smart Choice Vapors,1602 N Elmira St,,Sayre,PA,18840,US,,5708889565,smartchoicevaporssayre@gmail.com,2020-02-16,2020-02-16,Yes,S,CBD,,,
Smokin' Joe's Tobacco Shop,2477 Elmira St,,Sayre,PA,18840,US,,5708880456,,2019-12-13,,,T,,,,
Smokin' Joe's Tobacco Shop,2853 Wilawana Rd,,Sayre,PA,18840,US,https://www.gotojoes.com/,5708880781,,2020-03-23,,,T,,,,
Smokin' Joe's Tobacco Shop,460 N Keystone Ave,,Sayre,PA,18840,US,https://www.gotojoes.info/,5708821160,,2020-03-23,,,T,,,,
Smokings 4,4278 Township Line Rd,,Schwenksville,PA,19473,US,,4849918142,,2019-10-14,,,S,,,,
The Vapor Den,216 Pittsburgh St,,Scottdale,PA,15683,US,,7242205333,thevapordenllc@gmail.com,2018-08-17,2020-06-20,Yes,V,CBD,,,
Coal City Smoke Co.,207 N Washington Ave,,Scranton,PA,18503,US,,5708001443,coalcitysmokeco@gmail.com,2018-08-06,2019-09-08,Yes,H,CBD,Yes,,
Deep Six CBD,100 Viewmont Mall,,Scranton,PA,18508,US,https://www.deepsixcbd.com/,5703433533,customerservice@deepsixcbd.com,2021-09-15,,Yes,C,CBD,,,
Headdies,757 Scranton Carbondale Hwy,,Scranton,PA,18508,US,https://www.headdies.com/,5703419250,dicksoncity@headdies.com,2019-01-01,,Yes,H,CBD,Yes,,
Infamous Vape Shop,3025 Pittston Ave,,Scranton,PA,18505,US,,5707030424,,2018-08-06,2019-10-02,Yes,V,CBD,,,
Jamaica Junction,1201 Mulberry St,,Scranton,PA,18510,US,,5703418700,,2018-08-16,2020-02-12,Yes,H,CBD,,,
Sol Vapor,1135 Moosic St,,Scranton,PA,18505,US,https://www.solvapor.store/,5709099166,operations@solvapor.store,2021-09-07,,Yes,V,CBD,,,
Vape Boss,816 Scranton Carbondale Hwy,,Scranton,PA,18504,US,http://thevapebosspa.com/,5707030121,davapeboss2013@gmail.com,2014-09-23,2019-05-05,Yes,V,CBD,,,
Vape Dragons,739 Scranton Carbondale Hwy,,Scranton,PA,18508,US,http://www.vapedragons.com/,5708714940,info@vapedragons.com,2018-08-06,2020-01-16,,V,,,,
Vape Godz,1621 N Keyser Ave Unit 3,,Scranton,PA,18504,US,,5706872225,vapegodz2329@gmail.com,2019-01-17,2020-08-16,Yes,V,CBD,,,
Your CBD Store,1778 N Keyser Ave,,Scranton,PA,18508,US,https://cbdrx4u.com/find-us/pennsylvania/scranton,5705079288,scranton690@cbdrx4u.com,2021-06-10,2021-06-10,Yes,C,CBD,,,
Smokers Express,513 N Market St,,Selinsgrove,PA,17870,US,,5703746002,,2020-03-11,,Yes,S,CBD,,,
Spanky's Tobacco World,3348 PA-257,,Seneca,PA,16346,US,,8146772427,,2019-10-18,,,S,,,,
Pittsburgh House of Oils - CBD & Essential Oil Boutique,559 Beaver St,,Sewickley,PA,15143,US,https://pittsburghhouseofoils.com/,4122598763,info@pittsburghhouseofoils.com,2021-02-10,,Yes,C,CBD,,,
Puff Discount Store,109 W Independence St,,Shamokin,PA,17872,US,http://puffdiscount.com/,5706486063,,2020-02-05,,,T,,,,
Puff Express,705 Race St,,Shamokin,PA,17872,US,http://puffdiscount.com,5706447530,,2020-02-05,,,T,,,,
Purple Hippo,35 N Market St,,Shamokin,PA,17872,US,,5704925923,purplehippotees@yahoo.com,2021-07-27,2021-07-27,Yes,H,CBD,,,
Vapor Worx,2928 N Susquehanna Trl,,Shamokin Dam,PA,17876,US,,5708099450,cumulus.innov@gmail.com,2016-07-12,2019-01-28,Yes,V,CBD,,,
Tobacco 4 Less,86 S Water Ave,,Sharon,PA,16146,US,http://www.t4lstores.com/,7243086200,derek@t4lstores.com,2018-08-17,2020-04-11,Yes,S,CBD,Yes,,
Vaporosity,138 W State St,,Sharon,PA,16146,US,,7243425200,vapor101@yahoo.com,2018-08-17,2020-02-16,,V,,,,
"Your CBD Store - Sharon, PA",159 E State St,,Sharon,PA,16146,US,https://cbdrx4u.com/,7243085408,sharon367@cbdrx4u.com,2019-09-16,2019-09-16,Yes,C,CBD,,,
Tobacco King,1320 Chester Pike Ste A,,Sharon Hill,PA,19079,US,,4845409811,,2020-08-13,,Yes,S,CBD,Yes,,
Cigarette & Tobacco Super Store,4991 Spring Rd,,Shermans Dale,PA,17090,US,,7172757257,,2019-08-21,2019-08-21,Yes,S,CBD,Yes,,
Puff & Snuff,1 Ship Shopping Center,,Shippensburg,PA,17257,US,,7175302490,,2019-09-23,,,T,,,,
Shippensburg Vape and Smoke Shop,304 N Earl St,,Shippensburg,PA,17257,US,,7174772076,,2020-08-11,,Yes,S,CBD,Yes,,
Wicked Vaporz,33 W King St,,Shippensburg,PA,17257,US,,7174772082,wickedvaporz@gmail.com,2018-08-17,2020-02-16,Yes,V,CBD,,,
Smooth Vape,4239 W Penn Ave,,Sinking Spring,PA,19608,US,https://www.smoothvapepa.com/,7179648866,info@smooth-vape.com,2018-08-16,2018-12-16,Yes,V,CBD,,,
Back To The Vape Shop LLC,173 S Main St,,Slippery Rock,PA,16057,US,https://www.facebook.com/bttvs/,7244062903,back.to.the.vape.shop.llc@gmail.com,2019-01-03,,Yes,V,CBD,,,
Tobacco Alley,233 W Main St,,Somerset,PA,15501,US,,8144453267,,2020-05-26,,Yes,T,CBD,,,
UIS Vapes Somerset,128 N Center Ave,,Somerset,PA,15501,US,https://www.uisvapes.com/,8147012071,info@uisvapes.com,2018-08-17,2020-02-16,Yes,V,CBD,,,
AK Wellness & Supplements,443 2nd St Pike,,Southampton,PA,18966,US,https://www.southamptoncbdstore.com/,2677781162,,2020-11-16,,Yes,C,CBD,,,
American News & Tobacco,522 2nd St Pike,,Southampton,PA,18966,US,,2153961489,,2021-09-12,,,T,,,,
Tobacco Convenience,249 2nd St Pike,,Southampton,PA,18966,US,,2678109050,,2021-09-20,,Yes,S,CBD,Yes,,
Glass Pound Studio Gallery and Vape Shop,117 N Main St,,Spring City,PA,19475,US,,2675212676,glasspound@gmail.com,2018-11-21,,Yes,H,CBD,,,
Premier Glass & Vape,823 Pittsburgh St,,Springdale,PA,15144,US,https://premierglassvape.business.site/,7244274420,premierglassvape@gmail.com,2018-12-11,2018-12-11,Yes,H,CBD,Yes,,
Primal Glass Smoke & Vape,500 Baltimore Pike,,Springfield,PA,19064,US,https://myprimal.com/,4844728221,primalglass@gmail.com,2018-10-09,,Yes,S,CBD,,,
Smoke Shop,1250 Baltimore Pike #430,,Springfield,PA,19064,US,,4844713108,,2019-06-15,2021-09-16,Yes,S,CBD,Yes,,
Nic's Tobacco Outlet Inc,325 Brusselles St,,St Marys,PA,15857,US,,8148345365,,2020-01-28,,Yes,T,CBD,,,
Smokin' Joe's Tobacco Shop,6197 Hancock Hwy,,Starlight,PA,18461,US,http://www.gotojoes.info/sections/home.php,5706355929,,2019-10-16,,,T,,,,
Chronic Town,224 W College Ave,,State College,PA,16801,US,http://www.chronictownusa.com/,8148676191,chronictownusa@gmail.com,2018-10-18,,,S,,,,
Illadelph by All in One Smoke Shop,114 Heister St,,State College,PA,16801,US,http://allin1smokeshop.com/,8142355399,statecollege@allinonesmokeshop.com,2018-08-06,2019-10-02,Yes,S,CBD,,,
Jamaica Junction,111 S Pugh St,,State College,PA,16801,US,,8148615761,jamaicajunction95@gmail.com,2018-07-24,2019-05-16,Yes,H,CBD,,,
Lions Deliver,512 E College Ave,,State College,PA,16801,US,https://lionsdeliver.com/,8143577301,cs@lionsdeliver.com,2022-05-12,2022-05-12,Yes,H,CBD,,,
Vape Vibe State College,129 Rolling Ridge Dr,,State College,PA,16801,US,http://www.vape-vibe.com/,8149545969,vapevibe@gmail.com,2018-08-17,2019-05-31,,V,,,,
"Your CBD Store - State College, PA",125 Rolling Ridge Dr,,State College,PA,16801,US,https://cbdrx4u.com/,8778082166,cbd3507@gmail.com,2019-09-16,2019-09-16,Yes,C,CBD,,,
Coexist Glass Gallery,310 S Front St,,Steelton,PA,17113,US,https://coexistgallery.com/,7173428144,coexistgalleryllc@gmail.com,2021-08-27,,Yes,H,CBD,,,
Good Prophets,914 N Reading Rd,,Stevens,PA,17578,US,,7172399238,,2018-08-06,2021-04-17,Yes,V,CBD,,,
420 CBD Lounge,6566 US-209 #3,,Stroudsburg,PA,18360,US,https://www.420cbdlounge.com/,5708016443,theteam@420cbdlounge.com,2020-11-15,,Yes,C,CBD,,,
Country Gas And Convenience,1734 PA-715,,Stroudsburg,PA,18360,US,,5706299060,,2021-09-05,,Yes,O,CBD,Yes,,
Futuristic Vape,19 Williams St #2,,Stroudsburg,PA,18360,US,https://www.futuristicvapelounge.com/,5704215100,futuristicvape@gmail.com,2018-08-06,2019-12-22,Yes,V,CBD,,,
Sunny's Vapor Head,544 PA-93,,Sugarloaf,PA,18249,US,,5707881710,sunnysvaporhead@gmail.com,2018-08-16,2020-02-14,Yes,V,CBD,,,
The Mystic Dragon,522 Market St,,Sunbury,PA,17801,US,,5704920748,,2018-08-16,2019-02-22,Yes,H,CBD,Yes,,
"Beer, Wine and Cigar Shop",2740 PA-611,,Tannersville,PA,18372,US,,5706881107,,2019-08-06,2020-08-11,,T,,,,
Frolic On The Mountain,2954 PA-611,,Tannersville,PA,18372,US,http://www.frolicglass.com,5706196933,froliconthemountain@hotmail.com,2018-11-30,,Yes,H,CBD,,,
"Good Guy Vapes, CBD & Glass - Tannersville",2942 PA-611 Unit 1,,Tannersville,PA,18372,US,http://www.goodguyvapes.com/,5706648005,info@goodguyvapes.com,2019-11-22,,Yes,V,CBD,,,
Mountain Vaporz,2756 PA-611 Ste 101,,Tannersville,PA,18372,US,https://mountainvaporz.com/,5706293219,mountainvaporz@msn.com,2018-08-16,2020-02-12,Yes,V,CBD,Yes,,
Tobacco Stop 2,2838 PA-611 #110,Weis Market Plaza,Tannersville,PA,18372,US,,5706202701,,2020-08-10,,,T,,,,
5th Street Smokes Outlet,4875 N 5th Street Hwy,,Temple,PA,19560,US,https://5thstsmokesoutlet.business.site/,6108984169,,2018-08-17,2019-05-17,,S,,,,
Mr. Butts Tobacco Express,650 W Central Ave Ste A,,Titusville,PA,16354,US,,8147750775,,2019-05-03,,,S,,,,
Spanky's Tobacco World,11560 Hydetown Rd,,Titusville,PA,16354,US,,8148273865,,2019-10-18,,,S,,,,
Smoking Cool,674 PA-196,,Tobyhanna,PA,18466,US,https://smoking-cool.business.site/,5708943310,,2020-08-10,,Yes,S,CBD,,,
Smart Choice Tobacco and Vape Store,1658 Golden Mile Rd,,Towanda,PA,18848,US,,5702684101,,2020-02-16,2020-02-16,,S,,,,
Vape Flow,7150 Hamilton Blvd,,Trexlertown,PA,18087,US,http://www.vapeflowshop.com/,4846810033,,2018-08-17,2020-02-16,Yes,V,CBD,,,
Mr. Zim Zim's Vapor Shoppe,8 W Tioga St,,Tunkhannock,PA,18657,US,,5706304006,,2018-09-19,,Yes,V,CBD,,,
Prehempt CBD Boutique,18 E Tioga St,,Tunkhannock,PA,18657,US,https://prehemptcbd.com/,5707212014,prehempt@prehemptcbd.com,2021-02-09,,Yes,C,CBD,,,
Smart Choice Cigar & Cigarette Outlet,512 Hunter Hwy #1,,Tunkhannock,PA,18657,US,https://discount-cigarette-outlet.business.site/,5708360770,,2020-02-16,,,S,,Yes,,
Puff Super Value,912 Pennsylvania Ave,,Tyrone,PA,16686,US,http://puffsv.com/,8146860460,,2020-02-06,,,T,,,,
The Vapor Hut,109 W Fayette St,,Uniontown,PA,15401,US,http://www.vaporhut.net/,7245504066,owners@vaporhut.net,2018-01-20,2019-11-03,,V,,,,
Tobacco World,314 Morgantown St,,Uniontown,PA,15401,US,https://www.tobaccoworldpa.com/,7244383534,tobaccoworlduniontown@gmail.com,2018-08-17,2020-04-15,Yes,T,CBD,,,
Vapori,640 Pittsburgh Rd,,Uniontown,PA,15401,US,,7244157574,vapori724@gmail.com,2021-08-20,2021-08-20,,V,,,,
Delco Vapes,9006 W Chester Pike,,Upper Darby,PA,19082,US,,6102059082,,2018-06-26,2019-07-06,Yes,V,CBD,,,
Drexel Vapes & Tobacco,4304 Woodland Ave,,Upper Darby,PA,19026,US,,4844612404,drexelvapes@gmail.com,2018-10-21,,Yes,S,CBD,,,
HSP Cigarette Outlet,6411 Market St,,Upper Darby,PA,19082,US,https://hspcigaretteoutlet.com/,4844662153,hsp88corp2@gmail.com,2021-09-06,2021-09-06,Yes,S,CBD,,,
Vegas Vapes,8909 West Chester Pike,,Upper Darby,PA,19082,US,https://vegasvapes.com,4844543569,vegasvapes876@gmail.com,2020-12-12,,Yes,V,CBD,,,
Nature's Best CBD Store,700 Hancock Ave,,Vandergrift,PA,15690,US,https://panaturesbestcbd.com/,7245684657,naturesbestcbd.pa@gmail.com,2021-03-03,,Yes,C,CBD,,,
Wicked Vapor Vapeshop and Lounge,757 Allegheny River Blvd,,Verona,PA,15147,US,,4125178467,,2018-08-17,2020-02-16,,V,,,,
Level Vape Shop,300 York Rd,,Warminster,PA,18974,US,http://levelvapeshop.com/,2156721960,promotions@levelvapeshop.com,2018-08-06,2019-12-28,Yes,V,CBD,,,
Big Puff's,2761 Market St,,Warren,PA,16365,US,,8142309295,bigpuffs77@outlook.com,2019-07-24,2019-07-24,Yes,V,CBD,,,
Rolling Express Tobacco,980 Market St,,Warren,PA,16365,US,,8144064126,,2020-02-11,,,S,,Yes,,
Dubtown Vapes,893 Henderson Ave,,Washington,PA,15301,US,,7247057971,dubtownvapes@gmail.com,2017-01-01,2019-05-06,,V,,Yes,,
House of Vapes Washington,1500 W Chestnut St,,Washington,PA,15301,US,,7242287740,,2018-08-06,2019-12-25,Yes,V,CBD,,,
Keepin' It Glassy,502 Washington Rd,,Washington,PA,15301,US,https://keepinitglassy.com/,7242492360,,2021-08-03,2021-08-14,Yes,H,CBD,,,
Serenity Vapes,25 N Main St,,Washington,PA,15301,US,,7242069437,www.serenityvapes@yahoo.com,2018-08-16,2020-02-13,Yes,V,CBD,,,
The Vapor Cloud,1445 Washington Rd Ste 8000,,Washington,PA,15301,US,,7243382024,,2018-08-17,2020-02-16,,V,,,,
"Your CBD Store - Washington, PA",14 N Main St,,Washington,PA,15301,US,https://cbdrx4u.com/,7242060576,washington400@cbdrx4u.com,2019-09-16,2019-09-16,Yes,C,CBD,,,
Farmulated CBD,817 PA-97,,Waterford,PA,16441,US,https://www.farmulatedcbd.com/,8147967082,info@farmulatedcbd.com,2021-04-25,,Yes,C,CBD,,,
Smoke & Mini Mart,102 E Main St,,Waynesboro,PA,17268,US,http://smoke-mini-mart.business.site/,7176555983,,2019-12-27,,,S,,,,
Vast Vapor,11330 Buchanan Trl Ste E,,Waynesboro,PA,17268,US,http://www.vastvapor.com/,7173877998,support@vastvapor.com,2018-08-17,2020-02-14,,V,,,,
Dubtown Vapes,175 Wade St,,Waynesburg,PA,15370,US,,7249988340,,2021-08-02,,,V,,,,
"Smokin' Joe's Tobacco Shop, Inc. #07",32 Plaza Ln,,Wellsboro,PA,16901,US,http://www.gotojoes.com/,5707245060,,2019-12-11,,,S,,,,
710 Glass and Vapor,2912 Buffalo Rd,,Wesleyville,PA,16510,US,,8447108273,,2018-12-19,2021-06-20,Yes,V,CBD,,,
Clout Products,106 S High St,,West Chester,PA,19382,US,https://www.cloutproducts.com/,6107381429,cloutproducts@gmail.com,2020-12-02,,Yes,H,CBD,,,
Deep Six CBD,2 N 5 Points Rd,,West Chester,PA,19380,US,https://www.deepsixcbd.com/,6104301561,customerservice@deepsixcbd.com,2019-12-28,2019-12-28,Yes,C,CBD,,,
Illadelph By All in One Smoke Shop,320 S High St,,West Chester,PA,19382,US,http://allin1smokeshop.com/,6106924020,,2018-08-06,2019-10-02,Yes,S,CBD,,,
Liberty Vapor,929 S High St,,West Chester,PA,19382,US,https://www.libertyvapor.net/,4848870017,sales@libertyvapor.net,2018-09-30,,Yes,V,CBD,,,
Puff & Stuff,13 N 4th St,,West Hazleton,PA,18202,US,,5704553998,,2019-10-02,,,T,,,,
Vapor Shark,1017 Lebanon Rd,,West Mifflin,PA,15122,US,https://www.vaporshark.com/,4123453853,support@vaporshark.com,2018-08-17,2020-02-16,,V,,,,
Chain Smokers,801 Wyoming Ave Ste 130,,West Pittston,PA,18643,US,,5705692513,,2020-08-10,,Yes,S,CBD,Yes,,
Paisley Moon,607 Penn Ave,,West Reading,PA,19611,US,http://paisleymoon.net/,6103719998,customerservice@paisleymoon.net,2018-08-06,2019-10-31,,H,,Yes,,
Tiny Box Vape Shop,432 Perry Hwy,,West View,PA,15229,US,https://www.tinyboxvapeshop.com/,4125328469,tinyboxvapeshop@gmail.com,2018-08-17,2020-02-16,Yes,V,CBD,,,
Smoker's Outlet,1636 W Market St,,West York,PA,17404,US,http://www.smokersoutletonline.com/,8776033070,customerservice@smokersoutletonline.com,2020-03-10,,Yes,S,CBD,,,
Cloud Neun Vape & CBD Wellness,10900 Perry Hwy,,Wexford,PA,15090,US,https://cloudneun.shop/,7249910595,service@cloudneun.shop,2020-12-10,,Yes,V,CBD,,,
Smoker Friendly,11969 Perry Hwy,,Wexford,PA,15090,US,http://smokerfriendly.com/,7249409266,,2020-03-03,,,S,,,,
Creekside Vapes LLC,2606 Lincoln Way,,White Oak,PA,15131,US,http://ethicalwesternpa.com/creekside_vapes_llc,4128966684,creeksidevapes@comcast.net,2014-08-28,2019-02-02,Yes,V,CBD,,,
The Vaping Oasis,1710 MacArthur Rd,,Whitehall,PA,18052,US,http://www.vapingoasis.com/home-of-best-vape-shop,6108412050,thevapingoasis@yahoo.com,2018-08-17,2020-02-16,Yes,V,CBD,,,
"Your CBD Store - Whitehall, PA",2705 MacArthur Rd,,Whitehall,PA,18052,US,https://cbdrx4u.com/,6103510433,cbd3507@gmail.com,2019-09-16,2019-09-16,Yes,C,CBD,,,
Hempsylvania,8 W Market St,,Wilkes-Barre,PA,18701,US,https://hempsylvania.com/,8666414367,info@hempsylvania.com,2021-09-05,,Yes,C,CBD,,,
Hempsylvania Mercantile,763 Kidder St,,Wilkes-Barre,PA,18702,US,https://hempsylvania.com/,5709314200,info@hempsylvania.com,2021-09-05,2021-09-05,Yes,C,CBD,,,
Hi Def Vape Wilkes-Barre,310 Wilkes Barre Township Blvd,,Wilkes-Barre,PA,18702,US,http://www.hidefvape.com/,5708228273,management@hidefvape.com,2018-08-06,2019-12-25,Yes,V,CBD,,,
Primal Glass Smoke & Vape,695 Kidder St,,Wilkes-Barre,PA,18702,US,https://myprimal.com/,5702704252,primalglass@gmail.com,2018-10-09,2019-05-07,Yes,S,CBD,,,
Smokers Choice,180 Spring St,,Wilkes-Barre,PA,18702,US,http://www.smokerschoiceusa.com/,5708248790,,2018-08-16,2018-10-28,Yes,S,CBD,,,
Smokers Choice,357 S Main St,,Wilkes-Barre,PA,18701,US,http://www.smokerschoiceusa.com/,5708245470,,2018-08-16,2018-10-28,Yes,S,CBD,,,
Smokin' Joe's Tobacco Shop,954 Wilkes Barre Twp Blvd,,Wilkes-Barre,PA,18702,US,http://www.gotojoes.com/,5707044270,customerservice@gotojoes.com,2018-08-06,2019-06-16,,S,,,,
The Smoke Shop,764 Sans Souci Pkwy,,Wilkes-Barre,PA,18706,US,,5708222187,thesmokeshop2016@gmail.com,2019-11-01,2021-01-03,Yes,S,CBD,Yes,,
Utopia Pipe Shop,82 S Main St,,Wilkes-Barre,PA,18701,US,,5702082225,,2018-08-17,2020-02-16,Yes,H,CBD,Yes,,
Vape Dragons,100 Wilkes Barre Twp Blvd,,Wilkes-Barre,PA,18702,US,http://www.vapedragons.com/,5702356933,info@vapedragons.com,2018-08-06,2020-01-16,Yes,V,CBD,Yes,,
Wilkes-Barre Cannabis Dispensary,1092 Highway 315 Blvd,,Wilkes-barre,PA,18702,US,https://wilkesbarrecannabisdispensary.com/,5707047663,wbcannabisdispensary@gmail.com,2021-07-15,2021-07-15,Yes,O,CBD,,,
Wilkinsburg Beverage Company & Tobacco/Vape Outlet,601 Penn Ave,,Wilkinsburg,PA,15221,US,,4123714242,wilkbevco@gmail.com,2018-09-22,,,T,,,,
Freedomcloudz Williamsport,1542 E 3rd St,,Williamsport,PA,17701,US,https://freedomcloudzwilliamsport.com,5706014617,support@freedomcloudzwilliamsport.com,2022-04-19,2022-04-19,Yes,H,CBD,,,
Good Habits 2,41 W 4th St,,Williamsport,PA,17701,US,http://www.goodxhabits.com,5703222416,goodxhabits@gmail.com,2018-10-29,2019-11-14,Yes,H,CBD,,,
Hip Hop Hippy Shop 2,1953 Newberry St,,Williamsport,PA,17701,US,,5703221814,glassmanmike@outlook.com,2018-10-29,2019-12-09,,H,,,,
Puff Tobacco Products,1233 W Southern Ave,,Williamsport,PA,17702,US,http://puffdiscount.com/,5703211789,,2020-02-06,,Yes,T,CBD,,,
Smoke Buddys Tobacco Outlet,201 Basin St Unit 6,,Williamsport,PA,17701,US,,5705053057,,2021-09-07,,Yes,S,CBD,Yes,,
Smokers Express,42 E Mountain Ave,,Williamsport,PA,17702,US,,5703211770,,2020-03-11,,,S,,,,
The Tobacco Center,21 W Church St,,Williamsport,PA,17701,US,,5703227766,,2019-05-20,,,T,,,,
Vape Haven,230 W 3rd St Ste 314,,Williamsport,PA,17701,US,,5705677023,vapehaven@icloud.com,2021-06-15,,,V,,,,
Deep Six CBD,2500 W Moreland Rd,,Willow Grove,PA,19090,US,https://www.deepsixcbd.com/,2678186444,customerservice@deepsixcbd.com,2019-12-28,2019-12-28,Yes,C,CBD,,,
Zoola Vapor,27 Easton Rd,,Willow Grove,PA,19090,US,https://www.zoolavapor.com/,8442448980,zoolavaporshop@gmail.com,2018-08-17,2020-02-16,Yes,V,CBD,Yes,,
Smooth Vape & Body Jewelry,2600 Willow Street Pike N Ste 303,,Willow Street,PA,17584,US,https://smoothvapepa.com/,7177405959,resale@smoothvapepa.com,2021-09-07,,,V,,,,
Black Raven Metaphysical Shoppe,510 15th St,,Windber,PA,15963,US,https://www.blackraven6.com/,8144140103,blackraven1626@gmail.com,2020-06-21,2020-07-21,Yes,O,CBD,,,
Da Smoke Shop,201 Hellam St,,Wrightsville,PA,17368,US,,7172526234,hellam203@gmail.com,2021-11-30,2021-11-30,Yes,S,CBD,Yes,,
Smokin' Joe's Tobacco Shop,41871 US-6,,Wyalusing,PA,18853,US,,5707465011,,2020-08-11,,,T,,,,
XO Smoke Shop,1000 S Easton Rd #460,,Wyncote,PA,19095,US,,2158851128,0212park@gmail.com,2019-09-03,,,S,,,,
Vape Dragons,235 E 8th St,,Wyoming,PA,18644,US,http://www.vapedragons.com/,5706095633,info@vapedragons.com,2018-08-06,2020-01-16,Yes,V,CBD,Yes,,
Smokies Tobacco Shop,1665 State Hill Rd,,Wyomissing,PA,19610,US,http://smokiestobaccoshop.com/,6104065837,info@smokiestobaccoshop.com,2019-05-17,,Yes,T,CBD,,,
The Hemp Oil Store,3 E Afton Ave,,Yardley,PA,19067,US,https://thehempoilstore.com/,8559044367,support@thehempoilstore.com,2020-12-16,,Yes,C,CBD,,,
Ace Of Vapes,1218 Greensprings Dr,,York,PA,17402,US,https://brandon234598.wixsite.com/aceofvapes,7177817654,brandon@aceofvapes.us,2017-10-10,2019-01-18,Yes,V,CBD,,,
CBD Supply MD,3923 E Market St,,York,PA,17402,US,https://www.cbdsupplymd.com/,7178171097,cbdsupplymdyork@gmail.com,2020-08-19,2020-08-19,Yes,C,CBD,,,
Excitement Smokin York,909 Loucks Rd,,York,PA,17404,US,https://www.iloveexcitementsmokin.com/,7178455450,smokin@excitementemail.com,2019-11-10,2019-11-10,Yes,H,CBD,,,
Farmacy Partners CBD,2218 S Queen St,,York,PA,17402,US,https://farmacypartners.com/,7172968101,info@farmacypartners.com,2019-12-07,,Yes,C,CBD,,,
King Tobacco Express,49 W Market St,,York,PA,17401,US,,7178453303,,2019-12-26,2019-12-26,,T,,,,
LifeSmoke Vapors,1715 Whiteford Rd,,York,PA,17402,US,https://shop.lifesmokevapors.com/,8004448271,info@lifesmokevapors.com,2018-09-30,,,V,,,,
Pharma-Free Remedies,34 W Philadelphia St,,York,PA,17401,US,https://pharmafreeremedies.com/,7178738238,rita@pharmafreeremedies.com,2021-02-11,,Yes,C,CBD,,,
Planet RYO,2559 S Queen St,,York,PA,17402,US,https://planetryo.com,7177414972,york@planetryo.com,2018-12-16,,Yes,S,CBD,Yes,,
Smoker's Express,984 Loucks Rd,,York,PA,17404,US,http://www.smokersexpress.net/,7177188084,,2019-09-25,,,T,,,,
Smoker's Outlet,1100 Mt Rose Ave,,York,PA,17403,US,http://www.smokersoutletonline.com/,7178437130,customerservice@smokersoutletonline.com,2020-03-10,2020-03-10,Yes,S,CBD,,,
Vape City Junction,231 Pauline Dr,,York,PA,17402,US,,7179006238,vapecityjunction@gmail.com,2021-09-01,2021-09-01,Yes,S,CBD,Yes,,
Victory Vaporz,351 Loucks Rd Ste G3,,York,PA,17404,US,https://www.victoryvaporz.net/,7178850019,,2018-08-17,2020-02-14,,V,,,,