Shop Name,Address 1,Address 2,City,State/Province,Zip/Postcode,Country,Website,Phone,Email,Added,Updated,CBD,Biz Type,MJ,Kratom,Buyer name ,Title 
Your CBD Store - Ahwatukee,4802 E Ray Rd Ste 3,,Ahwatukee,AZ,85044,US,,4805818111,ahwatukee0062@cbdrx4u.com,2021-04-14,,Yes,C,CBD,,,
Oovape,3668 W. Anthem Way Ste B-150,,Anthem,AZ,85086,US,https://oovape.business.site/,6025751310,,2019-10-19,,,V,,,,
AJ Tobacco & Liquor,1601 Apache Trail,,Apache Junction,AZ,85120,US,,4809835383,,2019-07-16,,,S,,,,
Kings Up In Smoke & Beer Cave,10250 E Apache Trail,,Apache Junction,AZ,85120,US,,4809866589,,2020-08-04,,,S,,,,
Red Star Vape Smoke & CBD,2540 Apache Trail #103,,Apache Junction,AZ,85120,US,https://www.redstarvapor.com/,4802555586,feedback@redstarvapor.com,2020-01-30,2020-01-30,Yes,S,CBD,,,
Tobacco & Supplies,1000 Apache Trail #106,,Apache Junction,AZ,85120,US,http://tobacco-supplies.business.site/,4802880454,,2020-05-24,,Yes,S,CBD,,,
Everything Smoke,13514 S Sunland Gin Rd,,Arizona City,AZ,85123,US,,5204948095,everythingsmoke@hotmail.com,2019-10-21,,,S,,,,
Avondale Mini Mart Smoke Shop,10565 W Indian School Rd,,Avondale,AZ,85392,US,,6238726375,,2019-07-20,,,S,,,,
GK's Vapor Pub,13048 W Rancho Santa Fe Blvd #115,,Avondale,AZ,85392,US,http://www.gkvapors.com/,6239355358,,2018-08-06,2019-12-22,,V,,,,
High Life Smoke Shop,11345 W Buckeye Rd,,Avondale,AZ,85323,US,,6234781780,,2019-08-24,,,S,,,,
Jim's Smoke Shop & More,1450 N Dysart Rd #14,,Avondale,AZ,85323,US,,6232157299,,2019-09-20,,Yes,S,CBD,Yes,,
Smoke Away,1453 N Dysart Rd Ste 104,,Avondale,AZ,85338,US,,6234660041,,2018-12-10,,,S,,,,
V World,10030 W McDowell Rd #150,,Avondale,AZ,85392,US,,6235368533,,2018-08-12,2020-02-08,Yes,V,CBD,,,
Unlit Vapor Shop,600 W 4th St,,Benson,AZ,85602,US,,5207208050,unlitvapors@gmail.com,2018-09-19,,,V,,,,
Mels Bisbee Bodega,2 Main St,,Bisbee,AZ,85603,US,https://bisbeebodega.com/,5202496314,bisbee.bodega@gmail.com,2021-03-15,,Yes,O,CBD,,,
Vapor Solutions,24 Brewery Ave,,Bisbee,AZ,85603,US,http://www.arizonavaporsolutions.com/,5202551536,arizonavaporsolutions@gmail.com,2018-08-12,2020-02-08,,V,,,,
Royals Smoke Shop,34550 Old Black Canyon Hwy,,Black Canyon City,AZ,85324,US,https://royals-smoke-shop.business.site/,6025733683,,2020-02-10,2020-02-10,Yes,S,CBD,Yes,,
Dana's Smoke Shop,712 E Monroe Ave,,Buckeye,AZ,85326,US,,6232439592,,2019-09-04,2019-09-04,Yes,S,CBD,,,
Super Cigar & Smoke Shop,608 E Monroe Ave,,Buckeye,AZ,85326,US,,6233271999,,2020-04-14,,Yes,S,CBD,,,
Bullhead Vape Shop,1931 AZ-95 Ste A,,Bullhead City,AZ,86442,US,https://bullheadvape.com/,9287587470,bullheadvape@gmail.com,2018-06-18,2019-06-29,,V,,,,
CBD Emporium,2840 AZ-95 Ste 428,,Bullhead City,AZ,86442,US,https://cbdemporium.com/,9287638905,bullhead@cbdemporium.com,2020-08-19,,Yes,C,CBD,,,
Cool Clouds Smoke & Vape Shop,1660 Lakeside Dr,,Bullhead City,AZ,86442,US,,9283514441,,2019-08-30,,,S,,,,
Liquor Castle & Smoke Shop,824 Hancock Rd,,Bullhead City,AZ,86442,US,,9287582888,,2020-01-02,2020-01-02,,S,,Yes,,
Platas CBD Store,1788 Hwy 95,,Bullhead City,AZ,86442,US,https://platas-discount-store.business.site/,9285778333,jorgeplatas68@gmail.com,2020-07-15,,Yes,C,CBD,Yes,,
The Kind Connection,1174 AZ-95,,Bullhead City,AZ,86429,US,,9287541114,kindconnection1@yahoo.com,2018-10-29,2019-11-01,Yes,S,CBD,Yes,,
Tilly's Smoke Shop,2636 AZ-95 Ste 24,,Bullhead City,AZ,86442,US,,9287582000,,2019-01-08,,Yes,S,CBD,,,
Ernie's Mini Mart,20 AZ-260,,Camp Verde,AZ,86322,US,,9285676270,,2019-11-24,,,T,,,,
Fiorra CBD,37555 N Hum Rd Ste 204,,Carefree,AZ,85377,US,https://www.fiorracbd.com/,7752358372,info@fiorracbd.com,2020-01-07,2020-01-07,Yes,C,CBD,,,
Red Star Vapor & CBD,1649 E Florence Blvd Ste 4,,Casa Grande,AZ,85122,US,https://www.redstarvapor.com/,4804305073,feedback@redstarvapor.com,2018-08-06,2020-01-30,Yes,V,CBD,,,
Smoke-M Casa Grande,1397 E Florence Blvd,,Casa Grande,AZ,85122,US,,5208363311,,2020-03-02,,Yes,S,CBD,Yes,,
The Cotton Gin,502 E Cottonwood Ln Ste 6,,Casa Grande,AZ,85122,US,,5202769453,,2020-12-18,,Yes,S,CBD,,,
Vapor Grande,1115 E Florence Blvd Suite P,,Casa Grande,AZ,85122,US,https://www.vaporgrande.com/,5202515741,info@vaporgrande.com,2018-09-19,,Yes,V,CBD,,,
Zalan Discount Cigarettes & More,1348 E Florence Blvd Ste 3,,Casa Grande,AZ,85122,US,,5208363208,,2019-08-30,,,S,,Yes,,
Franks Smoke Shop,15270 N Oracle Rd Ste 168,,Catalina,AZ,85739,US,,5206386661,,2019-11-07,,,S,,,,
Freedom Smoke USA,16701 N Oracle Rd Ste 101,,Catalina,AZ,85739,US,https://freedomsmokeusa.com/,5208254826,freedomsmokeusa@freedomsmokeusa.com,2018-08-06,2019-12-22,,V,,,,
Carefree Smoke & Vape Shop,4815 E Carefree Hwy Ste 130,,Cave Creek,AZ,85331,US,,4805904648,carefreesmokeandvape@gmail.com,2020-08-04,,Yes,S,CBD,Yes,,
A&J Smoke Shop,3875 W Ray Rd Ste 6,,Chandler,AZ,85226,US,https://ajssmokeshop.com/,4805887909,,2019-07-14,2019-07-14,,S,,Yes,,
DJ's Smoke Shop,70 W Warner Rd Ste 102,,Chandler,AZ,85225,US,http://www.djssmokeshop.org/,4808550838,djssmokeshopaz@gmail.com,2019-06-13,,Yes,S,CBD,,,
Fresh Start Wellness & CBD,505 S Chandler Village Dr Ste 44,,Chandler,AZ,85226,US,https://freshstartwellnesscbd.com/,6024883686,info@freshstartwellnesscbd.com,2021-01-06,,Yes,C,CBD,,,
Gravitate Smoke Shop,1909 E Ray Rd Ste 7,,Chandler,AZ,85225,US,http://www.gravitatesmokeshop.com/,4802927872,social@gravitatesmokeshop.com,2019-12-01,,Yes,S,CBD,Yes,,
High Maintenance Smoke Shop,4980 W Ray Rd #13,,Chandler,AZ,85226,US,http://hmsmokeshop.com/,4807300420,feedback@hmsmokeshop.com,2018-12-15,,,S,,,,
Kactus Kush CBD Chandler,4880 S Gilbert Rd Ste E3,,Chandler,AZ,85249,US,https://www.kactuskushcbd.com/,4805905721,kori@kactuskushcbd.com,2021-02-18,,Yes,C,CBD,,,
Nature's Bloom CBD Chandler,4995 S Alma School Rd Unit 3,,Chandler,AZ,85248,US,https://naturesbloom.net/,4805739444,dbaker@naturesbloom.net,2021-03-03,,Yes,C,CBD,,,
Red Star Vapor,1250 N Alma School #32,,Chandler,AZ,85224,US,https://www.redstarvapor.com/,4803702533,feedback@redstarvapor.com,2018-08-06,2020-01-01,Yes,V,CBD,,,
Red Star Vapor & CBD,6045 W Chandler Blvd #14,,Chandler,AZ,85226,US,https://www.redstarvapor.com/,4804924433,feedback@redstarvapor.com,2020-01-30,2020-01-30,Yes,V,CBD,,,
RJ Smoke Shop,1200 N Arizona Ave #4,,Chandler,AZ,85225,US,http://rj-smoke-shop.business.site/,4808556606,,2020-02-10,2020-02-10,Yes,S,CBD,Yes,,
Sky High Smoke Shop,940 N Alma School Rd Ste 102,,Chandler,AZ,85224,US,https://shopskyhigh.com/,,support@skyhighsmokeshop.com,2021-06-25,,Yes,S,CBD,Yes,,
Smoke N Stuff,777 N Arizona Ave Ste 2,,Chandler,AZ,85225,US,,4807827465,allsmoke@hotmail.com,2018-11-06,,,S,,Yes,,
Smoking Vapor,4929 W Chandler Blvd Ste 7,,Chandler,AZ,85226,US,,4809405342,,2018-08-12,2020-02-08,Yes,V,CBD,Yes,,
Star Lights Smoke Shop,1175 W Ray Rd Ste 6,,Chandler,AZ,85224,US,https://star-lights-smoke-shop.business.site/,4806439778,,2020-08-04,,Yes,S,CBD,Yes,,
The Vape Lab AZ,2820 S Alma School Rd Ste 5,,Chandler,AZ,85286,US,http://www.vapelabaz.com/,4807869880,thevapelabaz@gmail.com,2018-08-12,2020-02-08,Yes,V,CBD,,,
Vape Land,2040 S Alma School Rd #15,,Chandler,AZ,85286,US,http://www.vapelandphx.com/,4807584637,vapelandphx@gmail.com,2018-08-06,2020-01-05,Yes,V,CBD,,,
Vapor Trail Smoke Shop,1050 E Ray Rd #3,,Chandler,AZ,85225,US,https://vaportrailsmokeshop.wordpress.com/,4808552924,vaportrailss16@gmail.com,2019-07-10,,Yes,S,CBD,,,
Your CBD Store,975 E Riggs Rd #3,,Chandler,AZ,85249,US,https://cbdrx4u.com/find-us/arizona/chandler,4808575999,chandler0066@cbdrx4u.com,2021-06-02,,Yes,C,CBD,,,
Stronghold Smoke and Stuff,910 S AZ-89,,Chino Valley,AZ,86323,US,http://www.strongholdsmokenstuff.com/,9286363761,strongholdsmokeandstuff@q.com,2018-11-07,,,S,,,,
The CBD Connection,448 AZ-89 Ste I,,Chino Valley,AZ,86323,US,https://thecbdconnection.net/,9289634077,,2020-12-21,,Yes,C,CBD,,,
The Crown Tattoo & Smoke,2235 AZ-89,,Chino Valley,AZ,86323,US,https://www.89smoke.com/,9288303956,smokeshop89@yahoo.com,2020-12-18,,Yes,S,CBD,,,
Oovah Smoke Shop,208 N 16th St,,Clarkdale,AZ,86324,US,http://www.oovahsmokeshop.com/,9286347107,,2020-01-12,,,T,,,,
Black Cloud,325 N Maple St,,Colorado City,AZ,86021,US,,2342030355,,2021-12-13,2021-12-13,Yes,V,CBD,,,
Bottle Stop,550 W Coolidge Ave,,Coolidge,AZ,85128,US,,5207231580,,2019-07-28,,,T,,,,
EBJS Smoke Shop,1445 N Arizona Blvd,,Coolidge,AZ,85128,US,,5207231605,,2019-06-13,,,S,,,,
Hawaiian Honey Island Boutique Smoke Shop,3545 AZ-89A,,Cottonwood,AZ,86326,US,,9282020184,,2018-11-03,2018-11-03,Yes,H,CBD,,,
Hookies and Bookies,437 S Main St #1,,Cottonwood,AZ,86326,US,,9283808776,hookiesandbookies@hotmail.com,2019-12-07,,,V,,,,
Smoke N Thingz,1417 E AZ-89A,,Cottonwood,AZ,86326,US,,9286490590,,2018-11-05,,,H,,,,
Vixen Vapes,516 AZ-89A Ste 106,,Cottonwood,AZ,86326,US,https://vixenvapes.business.site/,9282394927,,2019-09-28,2019-09-28,,V,,,,
Big Worms Smoke Shop,12313 Grand Ave,,El Mirage,AZ,85335,US,,6235832234,,2019-07-25,2019-07-25,Yes,S,CBD,,,
Smoke Away,13915 N Dysart Rd Ste A-7,,El Mirage,AZ,85335,US,,6232436993,,2018-12-10,,,S,,,,
Cloud Slingers,2710 N Steves Blvd Ste 24,,Flagstaff,AZ,86004,US,,9284405242,,2018-08-12,2021-06-12,Yes,V,CBD,,,
Mr. Smokes,2126 N 4th St,,Flagstaff,AZ,86004,US,,9285263888,,2019-06-17,,Yes,S,CBD,,,
O'Leary Street Market,322 S O'Leary St,,Flagstaff,AZ,86001,US,,9282661517,,2019-06-19,,Yes,S,CBD,,,
Rebel Smoke Shop,3502 Historic Rte 66 #103,,Flagstaff,AZ,86004,US,,9285225686,,2020-02-08,,,S,,,,
Rebel Smoke Shops,1421 S Milton Rd,,Flagstaff,AZ,86001,US,,9282262892,,2020-02-08,2021-07-05,,S,,,,
Red Star Vape Smoke & CBD,1102 S Milton Rd,,Flagstaff,AZ,86001,US,https://www.redstarvapor.com/,9282219255,feedback@redstarvapor.com,2021-02-01,,Yes,S,CBD,,,
Smokers Outpost,2700 S Woodlands Village Blvd Ste 200,,Flagstaff,AZ,86001,US,,9287730543,,2019-06-24,,,S,,,,
Traders Smoke Shop,1530 S Riordan Ranch St Ste D411,,Flagstaff,AZ,86001,US,http://tnasmokeshop.wixsite.com/traderssmokeshop,9282149757,,2018-08-12,2019-06-26,Yes,S,CBD,,,
Zombies Smoke Shop,17 N Leroux St Ste 102,,Flagstaff,AZ,86001,US,http://zombiessmokeshop.com/,9282660494,zombiesflagstaff@yahoo.com,2019-08-20,2019-08-20,Yes,S,CBD,,,
Vape -N- Stuff Depot,5630 S Highway 95 Unit 8,,Fort Mohave,AZ,86426,US,,9287882636,,2020-12-12,,Yes,V,CBD,,,
Gila Bend Smoke Shop,219 W Pima St Ste B,,Gila Bend,AZ,85337,US,https://gilabendsmokeshop.weebly.com/,9286830316,,2019-11-14,,Yes,S,CBD,,,
AH Smoke & Vape,1561 N Cooper Rd Ste 104,,Gilbert,AZ,85233,US,http://www.ahsmokevape.com/,4804272661,aandhsmokeandvape@hotmail.com,2019-01-07,2020-02-03,Yes,S,CBD,Yes,,
Angel Eyes Smoke Shop,894 E Warner Rd,,Gilbert,AZ,85296,US,http://www.smokeshopgilbert.com/,4805394207,,2018-09-18,,,S,,,,
Joey Smoke Shop,1111 N Gilbert Rd #110,,Gilbert,AZ,85234,US,,4805390711,,2019-07-01,,,S,,,,
Offbeat and Unique,235 E Warner Rd Suite 101,,Gilbert,AZ,85296,US,https://offbeatandunique.com/,4808189846,info@offbeatandunique.com,2018-10-16,2018-10-16,Yes,V,CBD,,,
Red Star Vapor & CBD,2531 S Gilbert Rd Ste 106,,Gilbert,AZ,85296,US,https://www.redstarvapor.com/,4804559880,feedback@redstarvapor.com,2018-08-06,2020-01-30,Yes,V,CBD,,,
The Hemp & CBD Co - Gilbert,3425 E Baseline Rd Ste 104,,Gilbert,AZ,85234,US,http://ahwatukeecbdco.com/,4806878030,help@ahwatukeecbdco.com,2019-09-02,2019-09-02,Yes,C,CBD,,,
The Ohm Factory,3107 S Rd Ste 110,,Gilbert,AZ,85295,US,,4806203617,,2020-07-19,,Yes,V,CBD,,,
"Your CBD Store - Gilbert, AZ",183 E Williams Field Rd Ste E-105,,Gilbert,AZ,85295,US,https://cbdrx4u.com/,4805901377,,2019-09-10,2019-09-10,Yes,C,CBD,,,
AJ's Smoke Shop,5802 W Camelback Rd Ste B,,Glendale,AZ,85301,US,,6232343918,,2019-12-21,2019-12-21,Yes,S,CBD,,,
Arizona Smoker,6670 W Cactus Rd Ste 106,,Glendale,AZ,85304,US,https://www.arizonasmoker.com/,6237733080,omarsal_man55@yahoo.com,2019-06-24,2019-06-24,Yes,S,CBD,Yes,,
AZ Vapes,3602 W Bell Rd,,Glendale,AZ,85308,US,,6022835853,azvapes@yahoo.com,2016-03-12,2019-03-23,Yes,V,CBD,,,
Blue Dragon Vapor,5905 W Bell Rd Ste 4,,Glendale,AZ,85306,US,https://www.bluedragonvaporshop.com/,6026511840,bluedragonvapor@yahoo.com,2018-08-06,2020-01-11,Yes,V,CBD,,,
C-Cloud Smoke Shop,20165 N 67th Ave Ste 129,,Glendale,AZ,85308,US,,6235664550,,2019-07-19,2019-07-19,Yes,S,CBD,Yes,,
Chimney Daze Smoke & Vape Shop,4744 W Glendale Ave,,Glendale,AZ,85031,US,https://chimney-daze-smoke-shop.business.site/,6025637084,,2020-01-12,2020-01-12,Yes,S,CBD,,,
Deer Valley Smokeshop,21610 N 35th Ave Ste 162,,Glendale,AZ,85308,US,https://www.deervalleysmokeshop.com/,6237802600,deervalleysmokeshop@gmail.com,2019-06-17,2021-06-30,,S,,,,
Elevated By Claudene,4330 W Union Hills Dr Ste B005,,Glendale,AZ,85308,US,https://www.elevatedbyclaudene.com/,,elevatedbyclaudene@gmail.com,2021-04-19,,Yes,C,CBD,Yes,,
Gravitate Smoke Shop,5350 W Bell Rd,,Glendale,AZ,85308,US,http://www.gravitatesmokeshop.com/,6025358388,social@gravitatesmokeshop.com,2019-12-01,,Yes,S,CBD,Yes,,
Itz Lit,5112 W Peoria Ave Ste 115,,Glendale,AZ,85302,US,,6232137640,,2019-07-18,2019-07-18,Yes,S,CBD,,,
J Smoke Shop,5140 W Peoria Ave #152,,Glendale,AZ,85302,US,http://j-smoke-shop.business.site,6237733550,,2018-11-14,2020-07-25,Yes,S,CBD,Yes,,
Luigi's Smoke Shop,7422 North 51 Ave,,Glendale,AZ,85301,US,https://2waysmokeshop.business.site/,6239315999,smokeandtry@yahoo.com,2018-10-23,2018-10-23,,S,,,,
M&L Smoke Shop,5120 W Northern Ave,,Glendale,AZ,85301,US,,6239396389,,2020-01-05,2020-01-05,,S,,,,
Market & Smoke,6530 W Glendale Ave,,Glendale,AZ,85301,US,,6232497410,,2019-10-18,,,S,,,,
MS Gold Smoke Shop,4410 W Union Hills Dr #4,,Glendale,AZ,85308,US,,6237801155,,2020-01-08,2020-01-08,,S,,,,
One Stop Smoke Shop,5510 W Camelback Rd #17,,Glendale,AZ,85301,US,,6234782293,,2020-02-01,,,S,,,,
Planet Zong Smoke Shop,4726 W Olive Ave,,Glendale,AZ,85302,US,http://www.planetzong.com/,6239341079,info@planetzong.com,2018-11-07,,,H,,,,
Red Star Vapor,5826 W Olive Ave Ste B106,,Glendale,AZ,85302,US,https://www.redstarvapor.com/,4804796436,feedback@redstarvapor.com,2018-08-06,2020-01-01,Yes,V,CBD,,,
Red Star Vapor,5630 W Camelback Rd,,Glendale,AZ,85301,US,https://www.redstarvapor.com/,6233360110,feedback@redstarvapor.com,2018-08-06,2020-01-01,Yes,V,CBD,,,
Red Star Vapor,5930 W Greenway Rd #8,,Glendale,AZ,85306,US,https://www.redstarvapor.com/,6236065668,feedback@redstarvapor.com,2018-08-06,2020-01-01,Yes,V,CBD,,,
Red Vapor,5036 W Olive Ave,,Glendale,AZ,85302,US,http://www.redvapor.net/index.html,6235003106,redvapor@redvapor.net,2018-08-06,2020-01-01,Yes,V,CBD,,,
S&A Smoke Shop,10222 N 43rd Ave Ste 4,,Glendale,AZ,85302,US,http://sa-smoke-shop.business.site/,6239370053,,2020-02-13,2020-02-13,,S,,Yes,,
Sandy Smoke Shop,6717 W Bethany Home Rd,,Glendale,AZ,85303,US,,6238462218,,2020-02-14,,,S,,,,
Simple Pure CBD & Aromatherapy,18255 N 83rd Ave #118,,Glendale,AZ,85308,US,https://www.simplepurecbd.com/,7853240167,simplepurecbd@gmail.com,2021-01-11,,Yes,C,CBD,,,
Smoke N Stuff,4332 W Thunderbird Rd,,Glendale,AZ,85306,US,,6023750666,,2020-01-03,,,S,,,,
Smoke N Vape World,17155 N 51st Ave Ste 120,,Glendale,AZ,85308,US,,6028661078,,2019-10-02,2021-08-02,,S,,,,
Sunburst Smoke Shop,4347 W Bell Rd,,Glendale,AZ,85308,US,https://www.smokeshopinphoenix.com/,6025474030,sunburstsmokeshop@yahoo.com,2019-06-24,2019-06-24,,S,,,,
Sunburst Smoke Shop 3,10630 N 59th Ave Ste 105,,Glendale,AZ,85304,US,https://www.smokeshopinphoenix.com/,6234444234,sunburstsmokeshop@yahoo.com,2020-04-14,2020-04-14,Yes,S,CBD,Yes,,
The Palace Smoke Shop,7980 N 51st Ave Ste 102,,Glendale,AZ,85301,US,http://www.palacesmokeshop.com,6239312526,info@palacesmokeshop.com,2018-11-15,,,S,,,,
Vanity Vapor,6630 W Cactus Rd Ste 107,,Glendale,AZ,85304,US,https://www.vaporvanity.com/,6233029410,vanityvapor2@gmail.com,2018-09-19,2018-12-16,,V,,,,
VaporIce,5152 W Olive Ave,,Glendale,AZ,85302,US,http://vaporice.com/,6233222452,support@vaporice.com,2019-06-03,2019-06-03,Yes,V,CBD,,,
VaporIce,4920 W Thunderbird Rd Ste 127,,Glendale,AZ,85306,US,http://vaporice.com/,6022988273,support@vaporice.com,2018-08-12,2019-06-03,,V,,,,
Xtreme Vapour Electronic Cigarettes,6690 W Cactus Rd Ste 100,,Glendale,AZ,85304,US,,6233346776,,2019-09-09,,,V,,,,
Smoke'M Miami,2348 US-60,,Globe,AZ,85501,US,,9284253574,,2020-02-19,,,S,,,,
The Habit Smoke Shop,2105 E US-60 Ste 105,,Globe,AZ,85501,US,,9287934017,info@thehabitsmokeshop.com,2018-12-10,2018-12-10,Yes,S,CBD,Yes,,
Tilly's Smoke Shop,3659 AZ-68,,Golden Valley,AZ,86413,US,,9285654440,,2019-12-03,,,S,,,,
CBD Emporium,14140 W Indian School Rd Ste B-2,,Goodyear,AZ,85395,US,https://cbdemporium.com/,6234405674,goodyear@cbdemporium.com,2020-08-19,,Yes,C,CBD,,,
Goodyear Smoke Shop,15591 W Roosevelt St Ste 101,,Goodyear,AZ,85338,US,http://goodyearsmokeshop.com/,6235335300,goodyearsmokeshop@gmail.com,2019-12-01,,Yes,S,CBD,,,
Happy Cats Smoke and Vape,15605 W Roosevelt St,,Goodyear,AZ,85338,US,https://happycatssmokeandvape.com/,6239255915,geevindustriesllc@gmail.com,2019-06-16,,Yes,S,CBD,Yes,,
Red Star Vapor,13824 W McDowell Rd Ste 105,,Goodyear,AZ,85395,US,https://www.redstarvapor.com/,4804305929,feedback@redstarvapor.com,2018-08-06,2020-01-01,Yes,V,CBD,,,
Smoke-M Goodyear,378 Litchfield Rd #104,,Goodyear,AZ,85338,US,http://smokempv.com/,6238821403,,2020-03-02,2020-03-02,Yes,S,CBD,,,
Vanity Vapor,15557 W Roosevelt St Ste 105,,Goodyear,AZ,85338,US,https://www.vanityvapor2.com/,6238823810,vanityvapor2@gmail.com,2018-09-19,,,V,,,,
"Your CBD Store - Green Valley, AZ",190 W Continental Rd Ste 206,,Green Valley,AZ,85622,US,https://cbdrx4u.com/,5207718116,,2019-09-10,2019-09-10,Yes,C,CBD,,,
Garden of Eden Holistics CBD,8410 S Avenida del Yaqui Ste 2,,Guadalupe,AZ,85283,US,https://gardenofedenholistics.com/,16026869894,gardenofedenholistics@gmail.com,2021-01-11,,Yes,C,CBD,,,
Canada Mart,210 W Andy Devine Ave,,Kingman,AZ,86401,US,http://www.kingmancanadamart.com/,9287532400,canadamart@frontier.com,2019-07-31,2019-07-31,Yes,T,CBD,,,
Curiosity Shop,1575 E Northern Ave,,Kingman,AZ,86409,US,,9286923730,,2020-12-19,,Yes,O,CBD,,,
Kings Liquor & Liquers,2925 E Northern Ave,,Kingman,AZ,86409,US,,9285295019,kingsliquors@frontier.com,2020-11-06,,Yes,O,CBD,,,
Liquid Chicken Smoke Shop,2047 Northern Ave,,Kingman,AZ,86401,US,https://www.facebook.com/liquidchickensmokeshop,9286814683,liquidchickeninc@gmail.com,2018-11-12,,Yes,S,CBD,,,
Old Town Vape,405 E Andy Devine Ave,,Kingman,AZ,86401,US,,9287578273,alan@otvape.com,2018-08-06,2019-12-30,Yes,V,CBD,,,
Tilly's Smoke Shop,4055 Stockton Hill Rd # 9,,Kingman,AZ,86409,US,,9286812211,,2019-12-03,,,S,,,,
Up In Smoke Shop,2131 Northern Ave,,Kingman,AZ,86409,US,https://www.upinsmokeshop.biz/,9286814068,,2018-11-06,,Yes,S,CBD,,,
Tilly's Smoke Shop,1761 McCulloch Blvd N,,Lake Havasu,AZ,86405,US,,9285059800,,2018-12-02,,Yes,S,CBD,,,
Five Diamond Vapour,2125 McCulloch Blvd N Ste C,,Lake Havasu City,AZ,86403,US,http://www.fivediamondvapour.com/,9284535542,ryanclemons@yahoo.com,2018-08-06,2019-12-21,Yes,V,CBD,,,
River Mist Vapor,141 Swanson Ave #3,,Lake Havasu City,AZ,86403,US,https://rivermistvapor.com/,9283022698,rivermistvapor@gmail.com,2014-09-14,2018-11-12,,V,,,,
Sutherland CBD,2126 McCulloch Blvd N Ste 4,,Lake Havasu City,AZ,86403,US,https://sutherlandcbd.com/,9286801988,sutherlandcbdlhc@gmail.com,2020-12-25,,Yes,C,CBD,,,
The Kind Connection Smoke Shop,911 N Lake Havasu Ave,,Lake Havasu City,AZ,86403,US,,9288464701,weresmokin@kindcxn.com,2018-11-20,2018-11-28,Yes,S,CBD,Yes,,
"Your CBD Store - Lake Havasu City, AZ",2109 N McCulloch Blvd Ste 4,,Lake Havasu City,AZ,86403,US,https://cbdrx4u.com/,9282307603,havasu376@cbdrx4u.com,2019-09-10,2019-09-10,Yes,C,CBD,,,
Cool Topics,4237 W White Mountain Blvd,,Lakeside,AZ,85929,US,,9283685602,,2018-12-13,,Yes,S,CBD,,,
Laveen Smoke Shop,6115 S 51st Ave Ste  202,,Laveen,AZ,85339,US,,6022378501,laveensmokeshop@gmail.com,2018-11-14,,Yes,S,CBD,,,
Sky Vape,5270 W Baseline Rd Ste 135,,Laveen,AZ,85339,US,https://www.skyvapeaz.com/,6025992349,info@skyvapeaz.com,2017-10-06,2019-01-18,Yes,V,CBD,,,
Bob's Vape & Cigars & Smoke Shop,5115 N Dysart Rd Ste 214,,Litchfield Park,AZ,85340,US,,6239350786,,2019-06-13,,,S,,,,
Casablanca Smoke Shop,5110 N Dysart Rd Ste 134,,Litchfield Park,AZ,85340,US,,6235367371,casablancasshop@gmail.com,2019-07-31,,Yes,S,CBD,,,
CBD Emporium,13000 W Indian School Rd Unit A-3,,Litchfield Park,AZ,85340,US,https://cbdemporium.com/,6232158270,litchfield@cbdemporium.com,2020-06-24,2020-08-19,Yes,C,CBD,,,
Marana Smoke Shop,11851 W Marana Rd Ste A,,Marana,AZ,85653,US,https://maranasmokeshop.com/,5203084713,marana.smokeshop@gmail.com,2021-10-30,2021-10-30,Yes,S,CBD,Yes,,
Monsoon Vapors,3936 W Ina Rd Ste 326,,Marana,AZ,85741,US,,5205614146,,2018-09-30,,,V,,,,
Cloud Slingers,20928 N John Wayne Pkwy Ste C-12,,Maricopa,AZ,85139,US,,5204722197,,2021-06-12,,Yes,V,CBD,,,
The Smokers Edge Smoke and Vape Shop,19756 N John Wayne Pkwy #114,,Maricopa,AZ,85138,US,,5202332008,thesmokersedge@hotmail.com,2019-11-07,,Yes,S,CBD,,,
Vapor Etc Maricopa,20800 N John Wayne Pkwy #112,,Maricopa,AZ,85139,US,,5203740101,,2019-10-13,,,V,,,,
88 Smoke & Vape,6024 N 67th Ave Ste 8,,Mesa,AZ,85204,US,,6239344434,88smoke1@88smokenvape.com,2020-06-29,2020-06-29,Yes,S,CBD,Yes,,
88 Smoke & Vape - Mesa,1920 S Stapley Dr,,Mesa,AZ,85204,US,,4805902923,88smoke2@88smokenvape.com,2020-06-29,2020-06-29,Yes,S,CBD,Yes,,
All n One Smoke Shop,3614 E Southern Ave Ste 109,,Mesa,AZ,85206,US,,4806416495,all.n.onesmokeshop@gmail.com,2018-07-24,2019-05-17,,S,,Yes,,
AW Smoke Shop,1232 E Southern Ave Ste 4,,Mesa,AZ,85204,US,,4804542365,,2019-06-10,,,S,,,,
AZ Hemp Health,5233 E Southern Ave Ste C-102,,Mesa,AZ,85206,US,https://azhemphealth.com/,4805901530,reyes.santacruz@azhemphealth.com,2020-06-16,,Yes,C,CBD,,,
Bakers Smoke Shop,1941 W Guadalupe Rd,,Mesa,AZ,85202,US,,4809932242,,2019-07-21,2019-07-21,Yes,S,CBD,Yes,,
Blazing Stones Smoke Shop,2706 E University Dr,,Mesa,AZ,85213,US,,4806106862,blazingstones@yahoo.com,2021-07-06,2021-07-06,Yes,S,CBD,,,
Blue Dragon Vapor,430 N Dobson Rd Ste 100,,Mesa,AZ,85201,US,https://www.bluedragonvaporshop.com/,4808342060,bluedragonvapor@yahoo.com,2020-01-11,2020-01-11,Yes,V,CBD,,,
Cannibals Smoke Shop,9124 E Main St #18,,Mesa,AZ,85207,US,http://www.cannibalssmokeshop.com/,4803575493,,2018-10-15,,Yes,S,CBD,,,
Cigarette & Cigar Outlet,2753 E Broadway Rd Unit 109,,Mesa,AZ,85204,US,,4806109077,,2020-08-03,,Yes,S,CBD,,,
Conklin and Chemist,2722 S Alma School Rd Ste 5,,Mesa,AZ,85210,US,https://www.conklinandchemist.com/,4805296372,info@conklinandchemist.com,2021-10-27,,Yes,C,CBD,,,
D J's Smoke Shop,529 S Gilbert Rd,,Mesa,AZ,85204,US,,4806498893,,2018-10-20,,Yes,S,CBD,Yes,,
DIY Smoke Shop + Vape,1225 W Main St Ste 114,,Mesa,AZ,85201,US,,4806991610,diysmokeshop@gmail.com,2019-10-07,2019-10-07,Yes,S,CBD,Yes,,
DJ's Smoke Shop,1840 W Southern Ave #7,,Mesa,AZ,85202,US,http://www.djssmokeshop.org/,4804619174,,2018-10-21,,Yes,S,CBD,,,
DJ's Smoke Shop Inc,7310 E Main St,,Mesa,AZ,85207,US,http://www.djssmokeshop.org,4808542566,,2018-08-06,2018-11-20,,S,,,,
Elevated Glass,830 W Southern Ave Ste 6,,Mesa,AZ,85210,US,,4802191399,elevatedsmoke@gmail.com,2018-08-06,2019-09-16,Yes,S,CBD,,,
Green's Herbal Wellness,3458 E Southern Ave #107,,Mesa,AZ,85204,US,https://www.greensherbalwellness.com/,4808071679,greensherbalwellness@gmail.com,2020-08-26,,Yes,C,CBD,,,
Harley's Smoke Shop,9333 E Main St Ste 129,,Mesa,AZ,85207,US,http://harleys-smoke-shop.business.site/,4804901805,,2019-11-24,2019-11-24,Yes,S,CBD,Yes,,
Hemp Farm RX,1533 N Alma School Rd Ste 10,,Mesa,AZ,85201,US,,4802133439,platinumbotanicals@yahoo.com,2022-03-04,2022-03-04,Yes,C,CBD,,,
Herbal Risings CBD Dispensary,420 E Southern Ave #110B,,Mesa,AZ,85204,US,https://cbdmsa.com/,6022883684,dogiincorporated@gmail.com,2021-01-31,,Yes,C,CBD,,,
High Maintenance Smoke Shop,1155 S Power Rd Ste 122,,Mesa,AZ,85206,US,http://hmsmokeshop.com/,4805078420,feedback@hmsmokeshop.com,2018-12-15,2018-12-15,,S,,,,
KP Vapes,7205 E Southern Ave Ste 101,,Mesa,AZ,85209,US,https://www.kidneypuncher.com/,8667055000,sales@kidneypuncher.com,2018-08-06,2019-12-28,,V,,,,
Kure CBD and Vape - Mesa,1728 S Greenfield Rd Ste 104,,Mesa,AZ,85206,US,https://www.kurevapes.com/,4808928273,,2018-08-06,2019-10-21,Yes,V,CBD,,,
M & I Smoke Shop,1239 S Higley Rd #104,,Mesa,AZ,85206,US,,4808329985,mandismokeshop@yahoo.com,2019-08-18,2019-08-18,,S,,Yes,,
Magic Vapor Mesa,1125 W Baseline Rd Ste 7,,Mesa,AZ,85210,US,,4806850000,magicvaporllc@gmail.com,2018-08-06,2019-12-29,Yes,V,CBD,,,
Mojo Smoke Palace 2,1057 N Mesa Dr,,Mesa,AZ,85201,US,https://mojos-smoke-palace.business.site/,6024414185,glasschambers480@gmail.com,2019-06-17,,,S,,,,
Mojo's Smoke Palace,1211 N Country Club Dr Ste A6,,Mesa,AZ,85201,US,,4806559100,glasschambers480@gmail.com,2018-11-14,2019-06-17,,S,,,,
Oracle Vapory,2702 E University Ave Ste 3,,Mesa,AZ,85210,US,,4806990228,oraclevapory@gmail.com,2016-04-07,2019-01-08,,V,,,,
Power Smoke Shop,63 N Greenfield Rd Ste 107,,Mesa,AZ,85205,US,,4808306333,,2019-10-02,,,S,,,,
Power Smoke Shop,6671 E Baseline Rd Ste 105,,Mesa,AZ,85206,US,,4808328322,powersmokeshop@gmail.com,2019-10-02,2019-10-02,Yes,S,CBD,,,
Pure Canna Organics CBD,7129 E Main St Ste 1,,Mesa,AZ,85207,US,https://purecannaorganics.com/,4807718470,sales@purecannaorganics.com,2021-02-05,,Yes,C,CBD,,,
Real Deal Smoke & Vape,835 E Southern Ave Ste 1,,Mesa,AZ,85204,US,http://realdealsmokeandvape.com/,4806644406,,2018-11-14,,,S,,,,
Rebel Smoke Shop,347 E Southern Ave Ste 101,,Mesa,AZ,85210,US,,4805845669,,2018-12-23,,,S,,,,
Red Star Vapor,1731 W Baseline Rd Ste 105,,Mesa,AZ,85202,US,https://www.redstarvapor.com/,4803703074,feedback@redstarvapor.com,2018-08-06,2020-01-01,Yes,V,CBD,,,
Red Star Vapor,1246 S Greenfield Rd #103,,Mesa,AZ,85206,US,https://www.redstarvapor.com/,4802804838,feedback@redstarvapor.com,2018-08-06,2020-01-01,Yes,V,CBD,,,
Red Star Vapor,2011 E University Dr #101,,Mesa,AZ,85213,US,https://www.redstarvapor.com/,4804793464,feedback@redstarvapor.com,2018-08-06,2020-01-01,Yes,V,CBD,,,
Red Star Vapor & CBD,1829 N Power Rd #110,,Mesa,AZ,85207,US,https://www.redstarvapor.com/,4804687440,feedback@redstarvapor.com,2020-01-30,2020-01-30,Yes,V,CBD,,,
Red Star Vapor & CBD,7610 E Baseline Rd,,Mesa,AZ,85209,US,https://www.redstarvapor.com/,4809770449,feedback@redstarvapor.com,2020-01-30,2020-01-30,Yes,V,CBD,,,
Roll Over Smoke Shop,1120 S Country Club Dr. Ste 107,,Mesa,AZ,85210,US,,4808985574,rolloversmokeshop1@gmail.com,2018-11-03,,Yes,S,CBD,Yes,,
Sky High Smoke Shop,1245 W Baseline Rd #112,,Mesa,AZ,85202,US,https://shopskyhigh.com/,4802756844,,2021-06-25,,Yes,S,CBD,,,
Smoking Vapor,1025 S Power Rd #103,,Mesa,AZ,85206,US,,8007689982,,2018-08-12,2020-02-08,Yes,V,CBD,Yes,,
Straight Up Smoke Shop,4815 E Main St Ste 14,,Mesa,AZ,85205,US,,4809854087,straightupsmokeshop@gmail.com,2019-11-24,2019-11-24,,S,,,,
The CBD Depot,3550 E Broadway Rd Ste A,,Mesa,AZ,85204,US,https://cbddepotaz.com/,4804780420,,2020-11-05,,Yes,C,CBD,,,
The Habit Smoke Shop,9903 E Baseline Rd Ste 103,,Mesa,AZ,85209,US,,4805358877,info@thehabitsmokeshop.com,2019-10-31,,Yes,S,CBD,Yes,,
Triton Smoke Shop,1140 N Higley Rd Ste 106,,Mesa,AZ,85205,US,https://tritonsmokeshop.com/,4802743303,,2019-12-10,2019-12-10,Yes,S,CBD,Yes,,
University Market Smoke Shop,1931 W University Dr,,Mesa,AZ,85201,US,,4809692078,,2020-08-03,,,S,,,,
Vape A Hookah,1118 N Recker Rd Ste 111,,Mesa,AZ,85205,US,http://vapeahooka.com/,6027744488,,2019-07-15,,Yes,S,CBD,Yes,,
Vape Land,6920 E Baseline Rd #108,,Mesa,AZ,85209,US,http://www.vapelandphx.com/,4803617101,,2018-08-06,2020-01-05,,V,,,,
Vapor Grande,10735 E Apache Trail Ste 100,,Mesa,AZ,85208,US,https://www.vaporgrande.com/,4809121377,info@vaporgrande.com,2019-06-02,,,V,,,,
Waves Smoke & Vapes,6740 E University Dr Ste 103,,Mesa,AZ,85205,US,,4803969465,,2019-09-13,2019-09-13,Yes,S,CBD,Yes,,
Your CBD Store,345 S Power Rd #104,,Mesa,AZ,85206,US,https://cbdrx4u.com/find-us/arizona/mesa,4805976887,mesa0141@cbdrx4u.com,2021-06-02,2021-06-02,Yes,C,CBD,,,
Zong Smoke and Vape,1720 W Southern Ave #C2,,Mesa,AZ,85202,US,,4808440659,,2020-02-07,2020-02-07,,S,,,,
Sibidi CBD Store,457 N Grand Ave,,Nogales,AZ,85621,US,,5202872279,sibidistore@gmail.com,2021-01-10,,Yes,C,CBD,,,
Silver Clouds Smoke Shop,411 N Grand Ave #9,,Nogales,AZ,85621,US,,5202872558,,2020-01-03,,Yes,S,CBD,,,
Sin Humo Vapor Lounge,562 N Grand Ave #1,,Nogales,AZ,85621,US,http://www.sinhumo.biz/,5208414115,sinhumo@outlook.com,2018-10-02,2020-01-03,,V,,,,
CheetoVibez Smoke Shop,1995 W American Ave Ste 2,,Oracle,AZ,85623,US,https://cheetovibez.com/,5207800651,info@cheetovibez.com,2020-12-14,2020-12-14,Yes,S,CBD,,,
Your CBD Store,10580 N La Cañada Dr #170,,Oro Valley,AZ,85737,US,https://cbdrx4u.com/find-us/arizona/oro-valley,5204233570,,2021-06-02,,Yes,C,CBD,,,
Lost Clouds,118 6th Ave,,Page,AZ,86040,US,,9286403527,lostcloudsvape@gmail.com,2019-12-28,2019-12-28,Yes,V,CBD,,,
Nature's Secret CBD,10320 N Scottsdale Rd #118,,Paradise Valley,AZ,85253,US,https://www.cbdandoils.com/,4807037442,naturessecretcbd@gmail.com,2020-09-21,,Yes,C,CBD,,,
Payson General Store,102 E Main St,,Payson,AZ,85541,US,https://paysongeneralstore.com/,9284743656,info@paysongeneralstore.com,2020-03-05,2020-03-05,Yes,C,CBD,,,
Smoke This,213 AZ-260,,Payson,AZ,85541,US,,9284743090,,2018-12-16,2020-03-02,Yes,S,CBD,,,
CBD Emporium,9127 W Union Hills Dr #302,,Peoria,AZ,85382,US,https://cbdemporium.com,6232154060,peoria@cbdemporium.com,2020-06-24,,Yes,C,CBD,,,
Gravitate Smoke Shop,21471 N Lake Pleasant Pkwy Ste 1700,,Peoria,AZ,85382,US,http://gravitatesmokeshop.com/,6233623485,gravitatepeoria@gmail.com,2019-12-01,,Yes,S,CBD,Yes,,
K Smoke Shop,6750 W Peoria Ave #136,,Peoria,AZ,85345,US,,6237769100,,2019-12-23,2019-12-23,Yes,S,CBD,,,
Light It Up,10798 N 75th Ave Ste A3,,Peoria,AZ,85345,US,http://lightitupaz.wixsite.com/,6238780571,lightitupaz@gmail.com,2018-10-22,2018-10-22,,S,,,,
Olive Smoke Shop,6750 W Olive Ave #107,,Peoria,AZ,85345,US,,6232013467,,2020-01-31,,,S,,,,
RJ 4 Smoke & Vape,9163 W Union Hills Dr #113,,Peoria,AZ,85382,US,,6239742337,,2019-11-13,,,S,,,,
Smok'in World,20340 N Lake Pleasant Rd #101,,Peoria,AZ,85382,US,https://smokin-world.business.site/,6232555168,,2020-07-17,,Yes,S,CBD,,,
Smoker's Village,8987 W Olive Ave Unit 118,,Peoria,AZ,85345,US,,6234866787,,2020-08-04,,Yes,S,CBD,Yes,,
Smoking Vapor,8258 W Thunderbird Blvd Ste 203,,Peoria,AZ,85381,US,,6237739269,,2018-08-12,2020-02-08,Yes,V,CBD,Yes,,
Spanky's Smoke Shop,8868 W Bell Rd Ste 103,,Peoria,AZ,85382,US,https://spankyssmokeshopaz.com/,6232156660,,2018-11-07,,,S,,Yes,,
Sunburst Smoke Shop 2,20851 N 83rd Ave Ste 4,,Peoria,AZ,85382,US,https://www.smokeshopinphoenix.com/,6234444123,sunburstsmokeshop@yahoo.com,2019-06-24,,,S,,,,
VaporIce,8411 W Thunderbird Rd Ste A102B,,Peoria,AZ,85381,US,http://vaporice.com,6232435387,support@vaporice.com,2018-08-12,2019-06-03,Yes,V,CBD,,,
Vaporwave Vapor,8960 W Bell Rd Ste 106,,Peoria,AZ,85382,US,,6239333852,,2019-09-30,2019-09-30,Yes,V,CBD,,,
Xtreme Vapour Electronic Cigarettes,9785 W Happy Valley Rd #1170,,Peoria,AZ,85383,US,http://www.xtremevapour.com/,6233346776,,2019-09-09,,,V,,,,
7th Street Smokeshop,536 E Dunlap Ave Ste 3,,Phoenix,AZ,85020,US,,6023317322,,2019-07-14,,,S,,,,
A & S Smoke Shop,5540 W Glendale Ave Ste A102,,Phoenix,AZ,85301,US,http://a-s-smoke-shop.business.site/,,,2019-07-14,2020-01-30,Yes,S,CBD,Yes,,
A&N Smoke Shop,910 W Hatcher Rd,,Phoenix,AZ,85021,US,,6238452464,,2019-07-15,,,S,,,,
Ace Mini Mart & Smoke,4750 E Broadway Rd Ste 102,,Phoenix,AZ,85040,US,,6024384355,,2020-06-17,,Yes,S,CBD,,,
AJ's Smoke Shop,8450 W McDowell Rd,,Phoenix,AZ,85037,US,,6239074580,,2019-06-10,2019-06-10,Yes,S,CBD,,,
AK's Smoke Shop,2855 W Cactus Rd #28,,Phoenix,AZ,85029,US,,6029420318,,2019-09-21,,,S,,,,
Alvin's Smoke Shop,1822 W Glendale Ave,,Phoenix,AZ,85021,US,,6022421322,alvinssmokeshop@gmail.com,2018-09-18,2020-01-18,Yes,S,CBD,Yes,,
American Vape Cafe,20833 N Cave Creek Rd #104,,Phoenix,AZ,85024,US,http://www.americanvapecafe.com/,6023146280,,2018-06-09,2018-10-13,Yes,S,CBD,,,
Anthem Smoke and Vape Shop,4205 W Anthem Way Ste 108,,Phoenix,AZ,85086,US,,6235003780,,2019-07-18,2019-07-18,,S,,,,
AZ 1 Smoke Shop,4617 E Thomas Rd,,Phoenix,AZ,85018,US,http://az1smokeshop.weebly.com,6029572595,,2018-10-14,,,S,,,,
azWHOLEistic CBD Dispensary,13636 N Tatum Blvd Ste 21A,,Phoenix,AZ,85032,US,https://azwholeistic.com/,6029929465,azwholistic@gmail.com,2020-01-11,2021-02-11,Yes,C,CBD,,,
Big Bear Tobacco,7144 N 35th Ave #B,,Phoenix,AZ,85051,US,,6025897041,,2015-02-14,2018-10-29,Yes,S,CBD,,,
Blaze Tobacco & Gift,1720 W Bell Rd,,Phoenix,AZ,85023,US,,6029933010,blazesmokeshop@gmail.com,2018-10-14,,,S,,,,
Bob's Vape & Smoke Shop,9014 W Thomas Rd Ste 104,,Phoenix,AZ,85037,US,https://bobs-smoke-shop.business.site/,6238771446,bobsmokeshop@aol.com,2018-10-14,2019-06-13,,S,,,,
Brian's Smoke Shop,1903 W Thunderbird Rd,,Phoenix,AZ,85023,US,https://zonabargainsusa.com/,6024391933,zonabargainsusa@gmail.com,2018-12-13,,,S,,,,
Bud's Glass Joint,907 N 5th St,,Phoenix,AZ,85004,US,http://budsglassjoint.com/,6022581500,budsglassjoint@gmail.com,2018-12-23,2018-12-23,Yes,H,CBD,Yes,,
Bud's on Grand,1301 Grand Ave #2C,,Phoenix,AZ,85007,US,https://budsglassjoint.com/,6022933777,budsglassjoint@gmail.com,2020-08-03,,Yes,H,CBD,Yes,,
Butt Out,708 E Virgina Ave,,Phoenix,AZ,85006,US,https://www.buttoutecigs.com/,6023543672,buttoutphoenix@gmail.com,2018-09-13,,Yes,V,CBD,,,
Cannafyl CBD,15030 N Tatum Blvd,,Phoenix,AZ,85032,US,,4805991003,info@cannafyl.com,2019-10-23,,Yes,C,CBD,,,
CBD Emporium,1528 E Bethany Home Rd,,Phoenix,AZ,85014,US,https://cbdemporium.com/,6022186621,bethany@cbdemporium.com,2020-08-19,,Yes,C,CBD,,,
CBD King,13843 N Tatum Blvd Ste 4,,Phoenix,AZ,85032,US,https://www.mycbdking.com/,6023005887,,2019-06-28,,Yes,C,CBD,,,
CBD Store AZ,3314 N 3rd St,,Phoenix,AZ,85012,US,https://www.cbdnutritional.com/,6022926133,cbdstoreaz@gmail.com,2020-06-28,,Yes,C,CBD,,,
CeRay CBD 19th,11841 No 19th Ave,,Phoenix,AZ,85029,US,https://www.ceraycbd.com/,6027152390,,2019-08-14,,Yes,C,CBD,,,
Cloud Slingers - Bell Road,748 E Bell Rd Ste 110,,Phoenix,AZ,85022,US,,6022835892,,2022-03-08,2022-03-08,Yes,V,CBD,,,
Cloud Slingers - Northern Ave,1231 E Northern Ave,,Phoenix,AZ,85020,US,,6028707689,,2019-10-23,2022-03-08,Yes,V,CBD,,,
Crystal Smoke Shop,602 W Union Hills Dr,,Phoenix,AZ,85023,US,,6235186777,crystalssmokeshop@gmail.com,2018-10-29,,,S,,,,
Discount Tobacco Smoke Shop,3143 E Roosevelt St,,Phoenix,AZ,85008,US,https://discount-tobacco-smoke-shop.business.site/,6023497052,,2020-06-29,,Yes,S,CBD,,,
Eric's Smoke Shop,2270 N 75th Ave,,Phoenix,AZ,85035,US,,6238462411,,2019-06-13,,Yes,S,CBD,Yes,,
EYE Smoke Shop,11801 N 19th Ave,,Phoenix,AZ,85029,US,,6027937501,,2018-10-27,2022-04-11,,S,,,,
First Stop Smoke Shop,2610 W Baseline Rd #100,,Phoenix,AZ,85041,US,https://www.firststopsmokeshop.com,6026124583,firststopsmoke@gmail.com,2020-08-03,2020-09-03,,S,,,,
G & S Smoke For Less,5217 S Central Ave Ste 3,,Phoenix,AZ,85040,US,,6023040285,,2019-06-14,,,S,,,,
GT Smoke Shop,4002 N 43rd Ave,,Phoenix,AZ,85031,US,,6022780366,,2019-06-15,,,S,,,,
Habitz Smoke & Vape,1855 W Deer Valley Rd Ste 106,,Phoenix,AZ,85027,US,,6232716741,,2020-07-03,,Yes,S,CBD,Yes,,
Happy Valley Smoke Shop,25155 N 67th Ave,,Phoenix,AZ,85083,US,https://happyvalleysmokeshop.net/,6235724644,happyvalleysmokeshop@gmail.com,2020-03-27,,Yes,S,CBD,,,
Haus Of Vapors Paradise Valley,4001 E Bell Rd Ste 122,,Phoenix,AZ,85032,US,https://haus-of-vapors-paradise-valley.business.site/,6026015815,,2020-07-04,,Yes,V,CBD,,,
Haus of Vapors Phoenix,2824 E Indian School Rd Ste 12,,Phoenix,AZ,85016,US,https://haus-of-vapors-phoenix.business.site/,6023747666,,2018-08-12,2020-02-08,Yes,V,CBD,,,
Hempfulfarms Phoenix,1756 W Bell Rd,,Phoenix,AZ,85023,US,https://hempfulfarms.com/,6023686922,hempfulfarmsinc@gmail.com,2020-07-05,,Yes,C,CBD,,,
Herb 'N Legend Smoke Shop,5950 W McDowell Rd #104,,Phoenix,AZ,85035,US,http://www.herbnlegendaz.com/,6027101987,tim@herbnlegendaz.com,2019-01-08,,Yes,S,CBD,Yes,,
HN Smoke & Vape Shop,4215 N 19th Ave,,Phoenix,AZ,85015,US,https://hnsmokeshop.myfreesites.net/,6022653439,,2020-07-06,,Yes,S,CBD,Yes,,
Hot 7 Smoke Shop,3756 W McDowell Rd,,Phoenix,AZ,85009,US,,,,2020-08-02,,,S,,,,
HYH Smoke Shop,1610 N 36th St,,Phoenix,AZ,85008,US,,6022756946,,2019-12-12,,,S,,,,
It's All Goodz,12208 N 32nd St,,Phoenix,AZ,85032,US,http://www.itsallgoodz.com/,6024047178,,2018-08-06,2019-10-06,Yes,S,CBD,Yes,,
Jax Market,4001 E Bell Rd Ste 100,,Phoenix,AZ,85032,US,,6028670723,,2022-02-07,2022-02-07,,O,,,,
JJ's Smoke Shop,1734 W Van Buren St,,Phoenix,AZ,85007,US,,,,2019-12-18,,,S,,,,
JJ'S Smoke Shop and Vapor,1335 E Northern Ave #107,,Phoenix,AZ,85020,US,,6028708665,,2019-12-18,,Yes,S,CBD,,,
Just Blaze,1001 E Camelback Rd,,Phoenix,AZ,85014,US,https://justblazephx.com/,6022524228,,2018-12-09,,Yes,S,CBD,Yes,,
Kaya Hemp Co.,6102 N 16th St Ste 4,,Phoenix,AZ,85016,US,https://kayahempco.com/,4807370867,cathleen@kayahempco.com,2020-02-28,,Yes,C,CBD,,,
King of Kegs,16420 N 32nd St,,Phoenix,AZ,85032,US,,6029921130,,2020-09-29,,Yes,O,CBD,,,
King Smoke Shop,9611 W Camelback Rd,,Phoenix,AZ,85037,US,,6238729766,kingssmokeshop@yahoo.com,2019-12-26,,Yes,S,CBD,,,
Kure CBD and Vape - Phoenix,2737 W Thunderbird Rd Ste 105,,Phoenix,AZ,85053,US,https://www.kurevapes.com,6029931366,az02tbird@outlook.com,2019-12-28,2019-12-28,Yes,V,CBD,,,
Liquid Vape,18635 N 35th Ave Ste 101,,Phoenix,AZ,85054,US,,6235333711,liquidvape4u@gmail.com,2018-09-21,,Yes,V,CBD,,,
M & M Smoke Shop,13805 N 19th Ave,,Phoenix,AZ,85023,US,https://mm-smoke-shop-tobacco-shop.business.site/,6026015429,,2019-12-12,2019-12-12,Yes,S,CBD,,,
Mars Smoke Shop,2938 N 43rd Ave,,Phoenix,AZ,85009,US,,6022780040,,2018-12-10,2019-11-04,,S,,,,
Moe Smoke Shop,2650 W Glenrosa Ave,,Phoenix,AZ,85017,US,https://moe-smoke-shop.business.site/,6232191672,,2020-08-02,,,S,,,,
Mos Smoke For Less,3923 E Thunderbird Rd #109,,Phoenix,AZ,85032,US,,6027880763,,2019-06-17,2021-06-30,Yes,S,CBD,Yes,,
Myst Vapors,20833 N Cave Creek Rd #104,,Phoenix,AZ,85024,US,http://www.mystvapors.com/,6029961154,,2020-01-23,,Yes,V,CBD,,,
Nana's Smoke Shop,3414 W Union Hills Dr #3,,Phoenix,AZ,85027,US,,6235870687,,2018-10-31,,Yes,S,CBD,,,
NNH Smoke Shop,6544 W Thomas Rd #4,,Phoenix,AZ,85033,US,,6238499445,,2020-01-29,2020-01-29,,S,,,,
Noahs Smoke Shop,12416 N 28th Dr,,Phoenix,AZ,85029,US,,6027950021,,2019-09-09,,Yes,S,CBD,,,
One Stop Smoke Shop,2113 N 35th Ave,,Phoenix,AZ,85009,US,,6022783477,,2020-02-01,,,S,,,,
One Stop Smoke Shop,4105 N 51st Ave,,Phoenix,AZ,85031,US,,6233996868,,2020-02-01,,,S,,,,
Paradise Valley Smoke Shop and Cigar,4306 E Cactus Rd,,Phoenix,AZ,85032,US,,6025950404,,2020-02-02,,,S,,Yes,,
Paraphernalia Boutique,4234 W Dunlap Ave,,Phoenix,AZ,85051,US,http://www.paraphernaliaboutique.com/,6239394787,pbaz420@gmail.com,2018-12-21,2018-12-21,Yes,H,CBD,Yes,,
Payless Smoke Shop,1601 E Bell Rd #2,,Phoenix,AZ,85022,US,,6028727333,,2020-02-03,,Yes,S,CBD,,,
Phoenix Vape Supply,626 W Indian School Rd Ste C,,Phoenix,AZ,85013,US,https://phoenixvapesupply.com/,6026827830,phoenixvapesupply@gmail.com,2018-08-12,2019-04-13,Yes,V,CBD,,,
Popeyes Smoke Shop,3038 N 24th St,,Phoenix,AZ,85016,US,,6027222857,,2019-01-17,2019-01-17,,S,,,,
Puff It Glass and Vape Shop,830 E Greenway Pkwy Ste 104,,Phoenix,AZ,85022,US,,6029380201,puffitsmokeshop@hotmail.com,2018-11-20,2018-11-20,Yes,H,CBD,,,
Q Smoke Shop,3501 W Dunlap Ave #5334,,Phoenix,AZ,85051,US,https://q-smoke-shop.business.site/,6023743564,,2020-08-02,,,S,,,,
Quick Stop Smoke Shop,3860 E McDowell Rd,,Phoenix,AZ,85008,US,,6022730747,,2020-08-03,,,S,,,,
Raven Smoke Shop,6260 S 35th Ave,,Phoenix,AZ,85041,US,,6022761476,,2019-12-06,,Yes,S,CBD,,,
Ray's Smoke Shop,16026 N Cave Creek Rd,,Phoenix,AZ,85032,US,http://rays-smoke-shop.business.site/,6024942853,,2019-12-06,2019-12-06,Yes,S,CBD,Yes,,
Rays Smoke & More,8225 W Indian School Rd,,Phoenix,AZ,85037,US,,6238731916,,2020-01-15,,,S,,,,
Red Star Vape Smoke & CBD,1838 W Bell Rd Unit 111,,Phoenix,AZ,85023,US,https://www.redstarvapor.com/,6233961044,feedback@redstarvapor.com,2020-01-30,2020-01-30,Yes,S,CBD,,,
Red Star Vapor,3621 N 7th St,,Phoenix,AZ,85014,US,https://www.redstarvapor.com/,4803763450,feedback@redstarvapor.com,2018-08-06,2020-01-01,Yes,V,CBD,,,
Red Star Vapor,4022 E Greenway Rd #4,,Phoenix,AZ,85032,US,https://www.redstarvapor.com/,4803074364,feedback@redstarvapor.com,2018-08-06,2020-01-01,Yes,V,CBD,,,
Red Star Vapor,9971 W Camelback Rd Ste A-101,,Phoenix,AZ,85037,US,https://www.redstarvapor.com/,4807996000,,2018-08-06,2020-01-01,Yes,V,CBD,,,
Red Star Vapor,2030 W Baseline Rd Ste A-180,,Phoenix,AZ,85041,US,https://www.redstarvapor.com/,4804307042,feedback@redstarvapor.com,2018-08-06,2020-01-01,Yes,V,CBD,,,
Rob's Smoke Shop,19401 N Cave Creek Rd Ste 31A,,Phoenix,AZ,85024,US,,6027887660,,2018-11-13,,,S,,,,
Rollerz Smoke Shop,3510 E Bell Rd Ste 2,,Phoenix,AZ,85032,US,,6024215209,,2022-03-29,2022-03-29,Yes,S,CBD,,,
SD Smoke Shop,1830 W Glendale Ave,,Phoenix,AZ,85021,US,,6028411548,,2019-06-16,,Yes,S,CBD,Yes,,
Smoke It,3426 W Bell Rd,,Phoenix,AZ,85053,US,,6028639931,,2019-09-09,,Yes,S,CBD,,,
Smoke N 420,8115 N 19th Ave Ste A104,,Phoenix,AZ,85021,US,,6029971776,smokes_n_420@yahoo.com,2020-08-13,,,S,,,,
Smoke N Pipe,502 W Indian School Rd,,Phoenix,AZ,85013,US,https://smokenpipesmokeshop.wordpress.com/,6022792226,smokenpipesmokeshop@gmail.com,2020-07-17,,Yes,S,CBD,,,
Smoke Plus,2835 N 16th St #H4,,Phoenix,AZ,85006,US,https://smokeplus.net/,6022653432,smokeshop946@yahoo.com,2018-11-01,2019-06-23,Yes,S,CBD,Yes,,
Smoke Shop,1802 E McDowell Rd,,Phoenix,AZ,85006,US,,6022530720,,2020-08-02,,Yes,S,CBD,Yes,,
Smoke World & More,4631 W Indian School Rd,,Phoenix,AZ,85031,US,,6022789806,smokeworldnmore@gmail.com,2019-01-05,,Yes,S,CBD,Yes,,
Smoke Zone Beer & Wine,18403 N 19th Ave,,Phoenix,AZ,85023,US,https://unionhillssmoke.com/,6025481265,,2020-02-24,,Yes,S,CBD,Yes,,
Smokies Smoke Shop,8240 W Lower Buckeye Rd Ste 104,,Phoenix,AZ,85043,US,,6239363034,smokiesss1@gmail.com,2019-10-09,2019-10-09,Yes,S,CBD,Yes,,
Smoking Vapor,2303 N 44th St Ste 2,,Phoenix,AZ,85008,US,,6025953695,,2018-08-12,2020-02-08,Yes,V,CBD,Yes,,
Star Smoke Shop,7829 N 19th Ave,,Phoenix,AZ,85021,US,,6029432825,fadieshak1985@yahoo.com,2021-01-20,,Yes,S,CBD,Yes,,
Sunnyside Market Smoke Shop,2314 E Indian School Rd,,Phoenix,AZ,85016,US,,6027781092,sunnysidesmoker@gmail.com,2018-11-09,,Yes,S,CBD,,,
Swagg Sauce,13646 N 19th Ave,,Phoenix,AZ,85029,US,https://www.swaggsauce.com/,6025594054,swaggsauceusa@gmail.com,2018-08-12,2020-02-08,,V,,,,
THC Smoke Shop,3230 E Union Hills Dr,,Phoenix,AZ,85050,US,,6029922000,,2018-11-25,,Yes,S,CBD,,,
The CBD Depot,12202 N Cave Creek Rd,,Phoenix,AZ,85022,US,https://cbddepotaz.com/,6026075008,cbddepotsupply@gmail.com,2019-08-18,,Yes,C,CBD,,,
The CBD Depot,3243 E Indian School Rd Ste 2,,Phoenix,AZ,85018,US,https://cbddepotaz.com/,4804200882,,2020-11-05,,Yes,C,CBD,,,
The Hemp & CBD Co - Phoenix,4909 E Chandler Blvd Ste 502,,Phoenix,AZ,85048,US,https://thehempcbdco.com/,4807020471,help@ahwatukeecbdco.com,2019-09-02,,Yes,C,CBD,,,
The Joint Smoke and Vape,2530 N 7th St #101,,Phoenix,AZ,85006,US,https://thejointsmokeandvape.business.site/,6022572291,,2018-08-12,2020-02-08,Yes,S,CBD,Yes,,
The Plug Smoke Shop,5040 E McDowell Rd,,Phoenix,AZ,85008,US,,6022734226,,2019-10-31,,Yes,S,CBD,,,
The Source Hemp & Herbs,3375 E Shea Blvd Ste B2,,Phoenix,AZ,85028,US,https://thesourcehempandherbs.com/,6029204645,tyler@thehempsource.com,2020-09-21,,Yes,C,CBD,,,
The Vapor Vault,10540 W Indian School Rd #1A,,Phoenix,AZ,85037,US,https://www.vaporvault.us/,6232516211,vaporvaultgoodyear@gmail.com,2020-07-20,,Yes,V,CBD,,,
Tower Liquor,3424 E Thomas Rd,,Phoenix,AZ,85018,US,https://towerliquorphx.com/,6029562920,,2020-09-29,,Yes,O,CBD,,,
Trend Smoke & Vape,4902 E Warner Rd,,Phoenix,AZ,85044,US,http://www.trendvape.com/,4807534346,trendvape@gmail.com,2019-06-26,,Yes,S,CBD,Yes,,
Trend Smoke & Vape 2,1616 E Bethany Home Rd,,Phoenix,AZ,85022,US,http://www.trendvape.com/,6022741125,trendvape@gmail.com,2015-02-08,2019-06-26,Yes,S,CBD,Yes,,
Union Hills Vape Shop,1905 W Union Hills Dr Ste B,,Phoenix,AZ,85027,US,https://www.unionhillsvape.com/,6023745464,uhvape@gmail.com,2019-10-23,2019-10-23,Yes,V,CBD,,,
Urbanz Smokez,1802 W Bethany Home Rd,,Phoenix,AZ,85015,US,,6022967186,urbanzsmokez@gmail.com,2022-02-03,2022-02-03,Yes,S,CBD,Yes,,
Vape Central,914 E Camelback Rd #103,,Phoenix,AZ,85014,US,,6028422602,vapecentralaz@gmail.com,2014-09-25,2019-01-26,Yes,V,CBD,,,
Vape Land,3961 E Chandler Blvd #103B,,Phoenix,AZ,85048,US,http://www.vapelandphx.com/,4805888553,vapelandphx@gmail.com,2018-08-06,2020-01-05,Yes,V,CBD,,,
Vape Up Smoke & Grill,15813 N Cave Creek Rd,,Phoenix,AZ,85032,US,https://vapeupbargrillsmok.wixsite.com/vapeup,6026123004,vapeupbargrillsmokeshop@gmail.com,2022-01-25,2022-01-25,Yes,S,CBD,Yes,,
Vapor Etc.,5812 N 16th St,,Phoenix,AZ,85016,US,,6022644223,info@vaporetc.net,2018-08-12,2020-02-08,Yes,V,CBD,,,
VaporIce,1141 E Glendale Ave,,Phoenix,AZ,85020,US,http://vaporice.com/,6022967004,support@vaporice.com,2019-06-03,2019-06-03,,V,,,,
WTF Smoke Shop,12620 N Cave Creek Rd Ste 5,,Phoenix,AZ,85022,US,http://wtfsmoke.com/,6026122381,info@wtfsmoke.com,2020-01-28,2020-01-28,Yes,S,CBD,Yes,,
Yolo's North Valley Smokeshop,17220 N 19th Ave Ste 5,,Phoenix,AZ,85027,US,,6025470807,yolosnvss@gmail.com,2018-11-23,2018-11-23,,S,,,,
Your Smoke Shop,12833 N Cave Creek Rd,,Phoenix,AZ,85022,US,,6029107608,,2019-06-27,2019-06-27,Yes,S,CBD,Yes,,
Zerona Smoke Shop,1907 W Waltann Ln Ste A,,Phoenix,AZ,85023,US,http://zeronasmokeshop.com/,6027952599,zeronasmokeshop@yahoo.com,2018-08-12,2019-08-20,Yes,S,CBD,Yes,,
3 Kings Botanicals,520 W Sheldon St,,Prescott,AZ,86301,US,https://3kingsbotanicals.com/,9288486697,3kingskratom@gmail.com,2020-08-19,,Yes,C,CBD,Yes,,
Cloud Slingers,1444 W Gurley St,,Prescott,AZ,86303,US,,9282739709,,2018-10-16,2018-10-16,,V,,,,
JVapes Lounge Prescott,1201 Iron Springs Rd Ste 9,,Prescott,AZ,86305,US,https://www.jvapes.com/,9282375852,customerservice@jvapes.com,2018-08-06,2019-12-27,,V,,,,
My Health Etc.,1515 W Thumb Butte Rd,,Prescott,AZ,86305,US,https://myhealthetc.com/,8447792200,customercare@myhealthetc.com,2020-07-12,,Yes,C,CBD,,,
Red Star Vapor & CBD,6616 E 2nd St Ste C,,Prescott,AZ,86314,US,https://www.redstarvapor.com/,9288009188,feedback@redstarvapor.com,2020-01-30,2020-01-30,Yes,V,CBD,,,
Ssmokin!,843 Miller Valley Rd Ste 103,,Prescott,AZ,86301,US,,9288998911,,2020-07-17,,Yes,S,CBD,,,
The CBD Source,347 S Montezuma St,,Prescott,AZ,86303,US,https://the-cbd-source.business.site/,9289101116,,2020-12-21,,Yes,C,CBD,,,
Valor Vapor - Prescott,843 Miller Valley Rd Ste 104,,Prescott,AZ,86301,US,https://www.valorvapor.com/,9282774220,valorvapor@gmail.com,2018-08-12,2020-02-08,,V,,,,
"Your CBD Store - Prescott, AZ",424 E Gurley St,,Prescott,AZ,86301,US,https://cbdrx4u.com,9282273189,prescott677@cbdrx4u.com,2020-12-06,,Yes,C,CBD,,,
3 Kings Botanicals #2,8671 E Spouse Dr,,Prescott Valley,AZ,86301,US,https://3kingsbotanicals.com/,9288486697,3kingskratom@gmail.com,2020-08-19,2020-08-19,Yes,C,CBD,Yes,,
Desert Flower CBD and Wellness,3131 N Robert Rd,,Prescott Valley,AZ,86314,US,https://www.desertflowercbd.com/,9283509943,info@desertflowercbd.com,2020-12-21,,Yes,C,CBD,,,
Jvapes Lounge,3050 Windsong Dr Ste 106,,Prescott Valley,AZ,86314,US,https://www.jvapes.com/,9283796783,customerservice@jvapes.com,2018-08-06,2019-12-27,Yes,V,CBD,,,
Mile High Vapors,3720 N Robert Rd #2,,Prescott Valley,AZ,86314,US,,9287757078,,2020-01-08,,,V,,,,
Smoke N Thingz,6350 AZ-69 Ste B,,Prescott Valley,AZ,86314,US,,9287750322,,2019-01-08,2020-02-19,Yes,H,CBD,,,
Smoke Shop on 69,8512 AZ-69,,Prescott Valley,AZ,86314,US,,9287724048,smoke.shop69@yahoo.com,2020-02-27,,,S,,,,
Smoke-M Prescott Valley,7584 E State Route 69 Ste C,,Prescott Valley,AZ,86314,US,http://www.smokempv.com/,9287590256,,2020-03-02,,,S,,,,
X-Hale SmokeShop,8198 E Spouse Dr Ste 1,,Prescott Valley,AZ,86314,US,,9287754253,,2019-01-07,2019-01-07,Yes,S,CBD,Yes,,
E&E Cigars,23706 S Power Rd Ste 107,,Queen Creek,AZ,85142,US,,4809990218,eecigars@hotmail.com,2019-09-23,,,S,,,,
Red Star Vapor,20892 E Ocotillo Rd #106,,Queen Creek,AZ,85142,US,https://www.redstarvapor.com/,4802802966,feedback@redstarvapor.com,2018-08-06,2020-01-01,Yes,V,CBD,,,
Vette City Vapes,515 S 5th Ave,,Safford,AZ,85546,US,http://www.vettecityvapes.com/,9284283889,sales@vettecityvapes.com,2018-09-30,,Yes,V,CBD,,,
M and S Smoke Shop,270 E Hunt Hwy #11,,San Tan Valley,AZ,85143,US,,4806997287,mandssmokeshopllc@yahoo.com,2019-09-12,2020-01-08,,S,,,,
101 Vapor And Cigar,9330 E Poinsettia Dr Ste 100,,Scottsdale,AZ,85260,US,https://vaper-cigar-and-smoke-shop.business.site/,4806611160,,2018-10-26,,Yes,V,CBD,,,
Anyway Smoke Lotto Wine,6245 E Bell Rd,,Scottsdale,AZ,85254,US,,4809985000,,2019-06-20,,,S,,,,
Best Way Smoke,4851 E Greenway Rd,,Scottsdale,AZ,85254,US,,6029964552,,2019-06-11,,,S,,,,
Blue Spot Smoke Shop,7607 E McDowell Rd #118,,Scottsdale,AZ,85257,US,http://www.bluespotsmokeshop.com/index.html,4806568891,blusmokeshop1@gmail.com,2018-10-14,,Yes,S,CBD,,,
Camelback Hemp CBD Shop,6907 E Thomas Rd,,Scottsdale,AZ,85251,US,https://www.camelbackhemp.com/,4805005327,camelbackhemp@gmail.com,2020-06-22,,Yes,C,CBD,,,
CBD American Shaman Scottsdale,10893 N Scottsdale Rd Ste 113,,Scottsdale,AZ,85254,US,http://www.cbdamericanshaman.com,4805906407,angel@cbdamericanshaman.com,2019-12-05,2020-09-24,Yes,C,CBD,,,
CBD Emporium Paradise Valley,5555 E Bell Rd Ste 10,,Scottsdale,AZ,85254,US,https://cbdemporium.com/,6029968601,pv@cbdemporium.com,2020-06-16,,Yes,C,CBD,,,
CBD Health And Wellness,6969 E Shea Blvd Ste 155,,Scottsdale,AZ,85254,US,http://www.cbdhealthaz.com/,4809385235,info@cbdhealthaz.com,2020-06-25,,Yes,C,CBD,,,
Cereus Smoke Shop,14144 N 100th St Ste B105,,Scottsdale,AZ,85260,US,,4803401454,,2020-08-02,,Yes,S,CBD,Yes,,
Coughing Canary,1917 N Scottsdale Rd,,Scottsdale,AZ,85257,US,https://coughingcanary.net/,4803616723,info@coughingcanary.com,2018-10-20,2020-06-29,Yes,S,CBD,Yes,,
Galaxy Cigars and Vapes,8322 E McDowell Rd Ste 104,,Scottsdale,AZ,85257,US,,4802193626,,2018-08-12,2019-12-11,Yes,T,CBD,,,
Glass Monkey Smoke Shop,7309 E Stetson Dr Ste 101,,Scottsdale,AZ,85251,US,,4804262890,,2019-04-17,,Yes,S,CBD,Yes,,
Gravitate Smoke Shop,7345 E Shoeman Ln,,Scottsdale,AZ,85251,US,http://gravitatesmokeshop.com/,4802928785,social@gravitatesmokeshop.com,2018-11-30,,Yes,S,CBD,,,
Havana Leaf Smoke Vape & Cigar,15577 North Hayden Rd,,Scottsdale,AZ,85260,US,,4809913135,,2019-06-30,,Yes,S,CBD,Yes,,
HempXpress,16801 N 90th St Ste 101,,Scottsdale,AZ,85260,US,,6023121804,hemplife2028@aol.com,2020-07-05,,Yes,C,CBD,,,
Hi Life Smoke And Vapor 2,7845 E Mcdowell Rd,,Scottsdale,AZ,85257,US,http://hilifesmokeshop.com,4809472562,hilifesmokeandvapor@gmail.com,2018-11-02,,Yes,S,CBD,Yes,,
Hi-Life Smoke & Vapor Shop,7302 E 6th Ave,,Scottsdale,AZ,85251,US,http://www.hilifesmokeshop.com/,4809472562,hilifesmokeshop@gmail.com,2018-08-12,2020-02-08,Yes,S,CBD,Yes,,
I Smoke Cigars & Vape,7119 E Shea Blvd #109,,Scottsdale,AZ,85254,US,,4805845301,,2020-07-08,2021-07-01,Yes,S,CBD,Yes,,
I Smoke Cigars & Vape,"20731 N Scottsdale Rd #103,",,Scottsdale,AZ,85254,US,,4803875454,,2020-07-08,,Yes,S,CBD,Yes,,
"Kierland Cigar, Smoke & Fine Wine",6501 E Greenway Pkwy #122,,Scottsdale,AZ,85254,US,,4809512000,,2020-08-04,,Yes,S,CBD,,,
McCormick Vape Smoke & Cigar,6987 N Hayden Rd #102,,Scottsdale,AZ,85250,US,,6024869246,,2020-09-21,,Yes,S,CBD,Yes,,
Nature's Bloom Scottsdale,7609 E Pinnacle Peak Rd Ste C13,,Scottsdale,AZ,85255,US,https://naturesbloom.net/,7205889566,dbaker@naturesbloom.net,2021-03-03,2021-03-03,Yes,C,CBD,,,
Nature's Secret CBD,18221 N Pima Rd Ste 110,,Scottsdale,AZ,85255,US,,4806375530,naturessecretcbd@gmail.com,2019-10-23,2021-03-02,Yes,C,CBD,,,
Old Town Smoke Shop,7156 E Thomas Rd,,Scottsdale,AZ,85251,US,https://oldtownsmokeshops.com/,4805903473,cooper@oldtownsmokeshops.com,2020-07-15,,Yes,S,CBD,Yes,,
On-Auk-Mor Trade Center,10115 E McDowell Rd,,Scottsdale,AZ,85256,US,http://www.onaukmor.com/,4809454116,,2018-08-06,2019-06-11,,T,,,,
Pro Source Vapes,15223 N 87th St Ste 115,,Scottsdale,AZ,85260,US,https://prosourcevapes.com/,4809481856,,2020-07-15,,Yes,S,CBD,Yes,,
Red Star Vapor,2200 N Scottsdale Rd Ste B,,Scottsdale,AZ,85257,US,https://www.redstarvapor.com/,4804305497,feedback@redstarvapor.com,2018-08-06,2020-01-01,Yes,V,CBD,,,
Red Star Vapor & CBD,7219 E Shea Blvd,,Scottsdale,AZ,85260,US,https://www.redstarvapor.com/,4807709972,feedback@redstarvapor.com,2020-01-30,2020-01-30,Yes,V,CBD,,,
Smoke Sutra & Vape Shop,7620 E McKellips Rd #5,,Scottsdale,AZ,85257,US,https://smokesutravapeshop.business.site/,4805905780,,2020-08-03,,Yes,S,CBD,Yes,,
Traders Smoke Shop,14880 N Northsight Blvd #104,,Scottsdale,AZ,85260,US,http://tnasmokeshop.wixsite.com/traderssmokeshop,4809918998,,2018-08-12,2019-06-26,Yes,S,CBD,,,
Trend Smoke Vape & Cigars,8902 E Via Linda Ste 105,,Scottsdale,AZ,85258,US,https://trend-smoke-vape-cigars.business.site/,4806611000,,2020-06-25,,Yes,S,CBD,Yes,,
Your CBD Store,7054 E 5th Ave,,Scottsdale,AZ,85251,US,https://cbdrx4u.com,4805975533,otscottsdale458@cbdrx4u.com,2020-12-06,,Yes,C,CBD,,,
The Vaporium,2550 W State Rte 89A #3,,Sedona,AZ,86336,US,http://avapeescape.com/,9282541856,mike@avapeescape.com,2019-07-14,,,V,,,,
What You Want,1730 W AZ-89A #5,,Sedona,AZ,86336,US,,9282039208,,2019-09-22,,,H,,,,
Zombies Smoke Shop,2550 AZ-89A #2,,Sedona,AZ,86336,US,http://zombiessmokeshop.com/,9288624048,zombieskim@yahoo.com,2019-08-20,2019-08-20,Yes,S,CBD,,,
AZ Smoke Free,1651 E Deuce of Clubs #102,,Show Low,AZ,85901,US,http://www.azsmokefree.com/,9285320033,admin@azsmokefree.com,2018-10-14,2018-10-14,,V,,,,
Crystal Dragon,4480 S White Mountain Rd,,Show Low,AZ,85901,US,,9285322979,sweetillusions@frontiernet.net,2019-09-02,,Yes,T,CBD,,,
Vape Mulisha,4431 S White Mountain Rd,,Show Low,AZ,85901,US,,9282510207,,2020-12-14,,Yes,V,CBD,,,
Primo Vapors,999 E Fry Blvd Ste 104,,Sierra Vista,AZ,85635,US,,5204528273,primovapors123@gmail.com,2019-11-24,2019-11-24,,V,,,,
Sky Island Vapors,629 AZ-90 Unit 8,,Sierra Vista,AZ,85635,US,https://skyislandvapors.com/sierra-vista-vape-shop,5205081632,customerservice@skyislandvapors.com,2021-09-29,2021-09-29,,V,,,,
Sophie's Smoke Shop,2270 E Fry Blvd #E8,,Sierra Vista,AZ,85635,US,,5204584103,,2019-10-16,2019-10-16,Yes,S,CBD,Yes,,
Superb Vapors,430 N 7th St Ste B,,Sierra Vista,AZ,85635,US,,5202654489,superbvapors@gmail.com,2018-09-08,2020-03-13,,V,,,,
Vapor Geeks,555 E Wilcox Dr Ste G,,Sierra Vista,AZ,85635,US,,5202274001,julie.vaporgeeks@live.com,2018-08-06,2019-08-11,,V,,,,
"Your CBD Store - Sierra Vista, AZ",2270 E Fry Blvd Unit E-9,,Sierra Vista,AZ,85635,US,https://cbdrx4u.com,5206858770,sierravista581@cbdrx4u.com,2020-12-06,,Yes,C,CBD,,,
Azwholeistic Sun City CBD Dispensary,10050 W Bell Rd #5,,Sun City,AZ,85351,US,https://azwholeistic.com/,4808097173,info@azwholeistic.com,2020-12-27,,Yes,C,CBD,,,
Blu Bliss Botanicals,12630 N 103rd Ave #131,,Sun City,AZ,85351,US,https://www.blublissbotanicals.com/,6233355333,blublissbotanicals@gmail.com,2020-06-21,,Yes,C,CBD,,,
C P CBD Oil N Dispensary,13618 N 99th Ave,,Sun City,AZ,85351,US,,6238755777,,2020-11-21,,Yes,C,CBD,,,
Grams Mini Mart & Smoke Shop,9009 N 103rd Ave #101,,Sun City,AZ,85351,US,,6239742302,,2019-11-18,2019-11-18,,S,,,,
Sun City Smoke & Cigar,10659 Grand Ave #15,,Sun City,AZ,85351,US,,6233225920,,2020-01-14,2020-01-14,Yes,S,CBD,Yes,,
Akimel Smoke Shop,4231 W Riggs Rd,,Sun Lakes,AZ,85248,US,,5207962171,,2019-07-16,,,S,,,,
CBD Emporium Surprise,16551 N Dysart Rd Ste 111,,Surprise,AZ,85378,US,https://cbdemporium.com/,6233289401,surprise@cbdemporium.com,2020-03-27,2020-03-27,Yes,C,CBD,,,
Franks Smoke Shop & Cigars,12751 W Bell Rd #115,,Surprise,AZ,85378,US,,6239741400,,2019-11-07,,,T,,,,
GK's Vapor Pub,17058 W Bell Rd #101,,Surprise,AZ,85374,US,http://www.gkvapors.com/,6233996729,,2018-08-06,2019-12-22,Yes,V,CBD,,,
Little Amsterdam Smoke Shop,16846 W Bell Rd Ste 104,,Surprise,AZ,85374,US,,6235842920,littleamsterdamaz@hotmail.com,2018-11-06,,,S,,,,
M&I Smoke Shop,16995 W Greenway Rd Ste 109,,Surprise,AZ,85388,US,,6235846186,,2019-09-10,2019-11-16,Yes,S,CBD,,,
Red Star Vapor,13980 W Bell Rd #4,,Surprise,AZ,85374,US,https://www.redstarvapor.com/,6024880757,feedback@redstarvapor.com,2018-08-06,2020-01-01,Yes,V,CBD,,,
Smoke Away,13843 W Bell Rd Ste 100,,Surprise,AZ,85374,US,,6235463222,,2018-11-23,,Yes,S,CBD,,,
Smoke Away,15508 W Bell Rd #111,,Surprise,AZ,85379,US,,6232140327,,2018-12-10,,,S,,,,
Curly Girl CBD,34 Casa Linda Dr Ste C,,Taylor,AZ,85939,US,,9282430297,curlygirlcbd@gmail.com,2020-06-13,2020-06-13,Yes,C,CBD,Yes,,
Discount Vapes,745 Main St Ste E,,Taylor,AZ,85939,US,https://discountvapestayloraz.com/,9282432811,discountvapesllc@gmail.com,2020-12-21,2020-12-21,Yes,V,CBD,,,
3 Palms Market & Smoke Shop,2115 S McClintock Dr,,Tempe,AZ,85282,US,,4806430031,,2020-08-03,,,T,,,,
Alternative Soulutions CBD Oils & More,123 E Baseline Rd Ste D101,,Tempe,AZ,85283,US,https://alternativesoulutions.org/,4804176457,alternativesoulutionsllc@gmail.com,2020-11-17,,Yes,C,CBD,,,
Az Smoke Shop,2700 W Baseline Rd Ste 136,,Tempe,AZ,85283,US,https://azsmokeshop.business.site/,6024373311,,2019-07-20,,Yes,S,CBD,,,
azWHOLEistic,764 W Broadway Rd #105,,Tempe,AZ,85282,US,https://azwholeistic.com,6232168295,info@azwholeistic.com,2020-12-23,2020-12-23,Yes,C,CBD,,,
Best Buds Smoke Shop,1730 E Apache Blvd Ste 105,,Tempe,AZ,85281,US,https://www.bestbudssmokeshops.com/,4802728859,info@bestbudssmokeshops.com,2019-06-11,,Yes,S,CBD,,,
Blue Dragon Vapor,6473 S Rural Rd,,Tempe,AZ,85283,US,https://www.bluedragonvaporshop.com/,4802844661,bluedragonvapor@yahoo.com,2018-08-06,2019-05-17,Yes,V,CBD,,,
E-Cig City Tempe,4415 S Rural Rd Ste 11,,Tempe,AZ,85282,US,https://www.ecigcityaz.com/,4802848198,ecigcitytempe@gmail.com,2018-10-21,2019-05-07,Yes,V,CBD,,,
Haus Of Vapors,946 S Mill Ave,,Tempe,AZ,85281,US,,4802758175,,2019-11-21,,Yes,V,CBD,,,
High Maintenance Smoke Shop,411 S Mill Ave Ste 101,,Tempe,AZ,85281,US,http://hmsmokeshop.com/,4809677017,feedback@hmsmokeshop.com,2018-12-15,,,S,,,,
Holy Cow,1944 E University Dr,,Tempe,AZ,85281,US,,6023964387,,2019-06-30,,,S,,,,
HQ Vape & Smoke,219 W University Dr,,Tempe,AZ,85281,US,http://420hq.com/smokeshop-tempe/,4809666093,tempehq@gmail.com,2019-01-07,,Yes,S,CBD,,,
It's All Goodz,933 E University Dr Ste 109,,Tempe,AZ,85281,US,http://www.itsallgoodz.com/,4809217473,,2018-08-06,2019-10-06,Yes,S,CBD,Yes,,
Kure CBD and Vape - Tempe,8830 S Kyrene Rd #102,,Tempe,AZ,85284,US,https://www.kurevapes.com,4807737488,az01tempe@outlook.com,2019-12-28,2019-12-28,Yes,V,CBD,,,
Magic Smoke Vape CBD Kratom,1501 W Baseline Rd Ste 3,,Tempe,AZ,85283,US,,6025923057,magicvaporaz@gmail.com,2018-08-06,2020-08-04,Yes,S,CBD,Yes,,
Roll N Go Smokes,1730 E Apache Blvd Ste 107,,Tempe,AZ,85281,US,,4809214260,,2018-11-26,2021-06-19,,S,,,,
Sky High Smoke Shop,1740 E Broadway Rd #102,,Tempe,AZ,85282,US,https://shopskyhigh.com/pages/sky-high-smoke-shop-broadway-rd-mcclintock-dr,4803614989,support@skyhighsmokeshop.com,2021-06-25,,Yes,S,CBD,Yes,,
Sky High Smoke Shop,1835 E University Dr #1,,Tempe,AZ,85281,US,https://shopskyhigh.com/pages/sky-high-smoke-shop-university-dr-mcclintock-dr,4803617009,support@skyhighsmokeshop.com,2021-06-25,,Yes,S,CBD,Yes,,
Sky High Smoke Shop,33 W Southern Ave,,Tempe,AZ,85282,US,https://skyhighsmokeshop.com/,4805576653,support@skyhighsmokeshop.com,2019-01-08,,Yes,S,CBD,Yes,,
Smoke World,3415 S McClintock Dr #109,,Tempe,AZ,85282,US,http://smokeworldtempe.com/,4803459522,,2020-08-03,,,S,,,,
Sultan Smoke Shop,2726 W Southern Ave,,Tempe,AZ,85282,US,,6024384650,,2019-10-21,,,S,,,,
Tempe Liquor & Smoke Shop,1025 W Broadway Rd,,Tempe,AZ,85282,US,,4808941147,,2020-08-03,,,S,,,,
Three Kings Smoke & Vape,710 W Elliot Rd Ste 106,,Tempe,AZ,85284,US,,4808096244,,2020-07-19,,Yes,S,CBD,,,
Up In Smoke,23 W Baseline Rd,,Tempe,AZ,85283,US,https://upinsmoketempe.com/,4807550187,upinsmokeshoptempe@gmail.com,2018-12-22,2021-07-15,Yes,S,CBD,Yes,,
Your CBD Store,5100 S McClintock Dr #105,,Tempe,AZ,85282,US,https://cbdrx4u.com,4809372692,yourcbdstore.tuc@gmail.com,2020-12-05,,Yes,C,CBD,,,
High City Smoke Shop,8350 W Lower Buckeye Rd Ste 103,,Tolleson,AZ,85353,US,,6239361843,,2019-08-24,,Yes,S,CBD,,,
Smoke Signals,409 E Allen St,,Tombstone,AZ,85638,US,https://smokesignalsaz.com/,5204579020,insideout1866@aol.com,2019-09-19,,,T,,,,
24/7 Smoke Shop,420 W Prince Rd,,Tucson,AZ,85705,US,,,,2019-07-12,2020-03-31,,S,,,,
4 Good Smoke Shop,5452 S 12th Ave #100,,Tucson,AZ,85706,US,,5203287507,,2019-08-11,,Yes,S,CBD,,,
5 Stars Smoke Shop,577 W President St,,Tucson,AZ,85714,US,,,,2020-08-03,,,T,,,,
79th Floor Glass Lounge,1664 N Alvernon Way,,Tucson,AZ,85712,US,https://79thfloor.com/,5207951269,79thfloorcbd@gmail.com,2021-09-06,,Yes,C,CBD,,,
Blue Moon Smoke Shop,5101 S 12th Ave,,Tucson,AZ,85713,US,,5204950288,,2019-07-26,2019-07-26,,S,,Yes,,
Buzz Smoke Shop,125 E Pennington St Ste 420,,Tucson,AZ,85701,US,https://www.buzzsmokeshop520.com/,5202905000,buzzsmokeshop520@yahoo.com,2018-10-15,2019-07-29,Yes,S,CBD,,,
CBD Emporium,4500 N Oracle Rd #164,,Tucson,AZ,85705,US,https://cbdemporium.com/,6028034367,tucsonmall@cbdemporium.com,2020-08-19,,Yes,C,CBD,,,
CBD Emporium,6890 E Sunrise Dr Ste 140,,Tucson,AZ,85750,US,https://cbdemporium.com,5202991916,sunrise@cbdemporium.com,2020-08-19,,Yes,C,CBD,,,
Chico's Smoke Shop,2161 W Drexel Rd,,Tucson,AZ,85746,US,http://www.chicossmokeshop.com,5205788688,contactus@chicossmokeshop.com,2018-10-16,2019-08-05,Yes,S,CBD,,,
Cloud Vapor,5870 E Broadway Blvd,,Tucson,AZ,85711,US,,4805183634,cloud.vapor@hotmail.com,2015-11-16,2019-04-07,,V,,,,
Cloud Vapor,4500 N Oracle Rd,,Tucson,AZ,85705,US,,4805183634,cloud.vapor@hotmail.com,2015-11-16,2019-04-07,,V,,,,
Club Vapor,4267 W Ina Rd,,Tucson,AZ,85741,US,https://clubvaporecigs.com/,5205725971,clubvapor@gmail.com,2018-08-06,2020-01-12,Yes,V,CBD,,,
Club Vapor,5393 S Calle Santa Cruz Ste 115,,Tucson,AZ,85706,US,https://clubvaporecigs.com/,5208895227,clubvapor@gmail.com,2014-08-28,2019-04-07,Yes,V,CBD,,,
Copper Leaf Hemp & CBD,5650 S 12th Ave Ste 100,,Tucson,AZ,85706,US,https://www.copperleafhealing.com/,5208496500,contactus@copperleafhealing.com,2020-01-29,,Yes,C,CBD,,,
Crescent Tobacco Shop and Newsstand,7037 E Tanque Verde Rd,,Tucson,AZ,85715,US,,5202963102,,2019-09-03,,Yes,T,CBD,,,
Divine Elements CBD,9665 N Thornydale Rd # 120,,Tucson,AZ,85742,US,https://mydivineelements.com/,5202014084,gabby@botanicalresults.com,2020-12-22,,Yes,C,CBD,,,
Frank's Smoke Shop,3725 W Ina Rd Ste 120,,Tucson,AZ,85741,US,,5207446569,,2018-11-09,,,S,,,,
Freedom Smoke USA,4570 E Broadway Blvd,,Tucson,AZ,85711,US,https://freedomsmokeusa.com/,5203963990,freedomsmokeusa@freedomsmokeusa.com,2018-08-06,2019-12-22,,V,,,,
Freedom Smoke USA,3805 W River Road Ste 101,,Tucson,AZ,85741,US,https://freedomsmokeusa.com/,5205729254,freedomsmokeusa@freedomsmokeusa.com,2015-02-14,2019-01-27,,V,,,,
Galaxy Smoke Shop,640 E Fort Lowell Rd,,Tucson,AZ,85705,US,,5208844281,,2019-06-14,,,S,,Yes,,
Green Leaf Tobacco Shop,1310 W Roger Rd,,Tucson,AZ,85705,US,,5208883226,greenleaf_tobaccoshop@hotmail.com,2019-11-19,,,S,,,,
Head East Smoke Shop,8739 E Broadway Blvd,,Tucson,AZ,85710,US,http://headeastsmokeshop.com,5208860393,info@headeastsmokeshop.com,2018-11-21,,Yes,S,CBD,,,
Head West Smoke Shop,2452 N Campbell Ave,,Tucson,AZ,85719,US,http://headwestsmokeshops.com/,5203229929,info@headwestsmokes.com,2019-11-21,2019-11-21,Yes,S,CBD,,,
Headhunters,3101 N Stone Ave,,Tucson,AZ,85705,US,,,,2019-06-15,,Yes,H,CBD,Yes,,
Headhunters Smoke Shop,5846 E Speedway Blvd,,Tucson,AZ,85712,US,,5203434273,,2018-11-23,2019-06-15,Yes,H,CBD,Yes,,
Healthful Flowers,5460 E Speedway Blvd,,Tucson,AZ,85712,US,https://www.healthfulflowers.com/,5202791819,healthfulflowers@gmail.com,2020-10-16,2020-12-16,Yes,C,CBD,,,
Hippie Gypsy,351 N 4th Ave,,Tucson,AZ,85705,US,,5206240667,hippiegypsytucson@gmail.com,2019-01-08,,Yes,H,CBD,,,
Jus Ta Dream,4609 S 12th Ave,,Tucson,AZ,85714,US,,5208077586,,2019-12-23,,,H,,,,
La Flaca Smoke Shop,4124 S 6th Ave,,Tucson,AZ,85714,US,,5202077264,,2020-03-27,2020-03-27,,S,,,,
LA Smoke Shop,3015 E Benson Hwy,,Tucson,AZ,85706,US,,5202941998,,2019-12-27,,Yes,S,CBD,,,
LiTmist,405 E Wetmore Rd Ste G109,,Tucson,AZ,85705,US,http://litmist.com/,5203933645,litmistllc@gmail.com,2018-10-23,2019-02-24,,V,,,,
Maui Smoke Shop,1099 E Broadway Blvd,,Tucson,AZ,85719,US,,5208823795,,2020-01-07,,,S,,,,
"Metamorphosis CBD, Vape & Smoke Shop",126 S Kolb Rd,,Tucson,AZ,85710,US,http://metamorphosissmokeshop.com/,5204606888,owner@metamorphosissmokeshop.com,2020-08-02,,Yes,C,CBD,,,
Mezo Smoke Shop,20 W Fort Lowell Rd Ste 20,,Tucson,AZ,85705,US,https://mezo-247-smoke-shop.business.site/,5203543534,,2020-08-04,,Yes,S,CBD,,,
Monsoon Vapors,5671 E Speedway Blvd,,Tucson,AZ,85712,US,,5206479904,monsoonvapors@gmail.com,2020-01-09,2020-01-09,Yes,V,CBD,,,
Moon Smoke Shop,7151 E Broadway Blvd,,Tucson,AZ,85710,US,http://moonsmokeshopaz.com,5208851457,,2019-01-08,2019-01-08,Yes,S,CBD,Yes,,
Moon Smoke Shop,120 W Grant Rd,,Tucson,AZ,85705,US,http://moonsmokeshopaz.com,5206227261,,2019-01-08,,Yes,S,CBD,Yes,,
Moon Smoke Shop,2351 N Alvernon Way Ste 151,,Tucson,AZ,85712,US,http://moonsmokeshopaz.com,5203233351,,2019-01-08,,Yes,S,CBD,Yes,,
Moon Smoke Shop,338 N 4th Ave,,Tucson,AZ,85705,US,http://moonsmokeshopaz.com,5206239205,,2019-01-08,,Yes,S,CBD,Yes,,
ODT Tobacco Shop Llc,7251 S Cardinal Ave #300,,Tucson,AZ,85746,US,,5208835288,,2019-08-12,,,S,,,,
Old Pueblo Vapor,5470 E Speedway Blvd,,Tucson,AZ,85712,US,http://www.oldpueblovapor.com/,5208810169,e-lounge@oldpueblovapor.com,2018-08-06,2019-12-30,Yes,V,CBD,,,
Puff N' Stuff 24/7,4656 E Speedway Blvd Ste A,,Tucson,AZ,85712,US,http://puff-n-stuff-247-smoke-shop.business.site/,5202072618,puffandstuff247smokeshop@gmail.com,2020-02-06,2020-04-19,Yes,S,CBD,,,
Raw Smoke Shop,1521 W St Marys Rd Ste 1521,,Tucson,AZ,85745,US,,5203985974,,2019-12-06,2019-12-06,Yes,S,CBD,,,
Red Star Vapor,2921 N Campbell Ave,,Tucson,AZ,85719,US,https://www.redstarvapor.com/,5203391700,feedback@redstarvapor.com,2018-08-06,2020-01-01,Yes,V,CBD,,,
Red Star Vapor,1057 N Kolb Rd,,Tucson,AZ,85710,US,https://www.redstarvapor.com/,5203046888,feedback@redstarvapor.com,2018-08-06,2020-01-01,Yes,V,CBD,,,
Red Star Vapor,1251 W Irvington Rd #101,,Tucson,AZ,85714,US,https://www.redstarvapor.com/,5203363669,feedback@redstarvapor.com,2018-08-06,2020-01-01,Yes,V,CBD,,,
Red Star Vapor & CBD,2118 W Grant Rd,,Tucson,AZ,85745,US,https://www.redstarvapor.com/,5204064866,feedback@redstarvapor.com,2020-01-30,2020-01-30,Yes,V,CBD,,,
Red Star Vapor & CBD,3951 W Ina Rd #123,,Tucson,AZ,85741,US,https://www.redstarvapor.com/,5204065190,feedback@redstarvapor.com,2020-01-30,2020-01-30,Yes,V,CBD,,,
Sky Island Vapors,6173 E Broadway Blvd,,Tucson,AZ,85711,US,https://skyislandvapors.com/tucson-vape-shop,5203722547,customerservice@skyislandvapors.com,2021-09-29,,,V,,,,
Sky Smoke Shop,247 W Grant Rd,,Tucson,AZ,85705,US,,5206247270,,2019-09-02,,Yes,S,CBD,,,
Sky Smoke Shop,3921 E 29th St #209,,Tucson,AZ,85711,US,,,,2019-09-02,,,S,,,,
Smoke Shop,7213 E Golf Links Rd,,Tucson,AZ,85730,US,,,,2020-02-25,,,S,,,,
Smoke'M Tucson,5075 N La Canada Dr,,Tucson,AZ,85704,US,,5202931422,,2020-02-19,2022-04-26,,S,,,,
Smokey's Smoke Shop & E-cigs,517 N 4th Ave,,Tucson,AZ,85705,US,,5203921924,,2020-03-19,,,S,,,,
Southwest Smokeless,7545 S Houghton Rd,,Tucson,AZ,85747,US,http://www.southwestsmokeless.com/,5206631000,contactus@southwestsmokeless.com,2018-08-12,2020-02-08,,V,,,,
Southwest Smokeless,5044 N Oracle Rd,,Tucson,AZ,85704,US,http://www.southwestsmokeless.com/,5202931740,contactus@southwestsmokeless.com,2018-08-12,2020-02-08,,V,,,,
Southwest Smokeless,101 N Pantano Rd,,Tucson,AZ,85710,US,http://www.southwestsmokeless.com/,5202073842,contactus@southwestsmokeless.com,2018-08-12,2020-02-08,,V,,,,
Sparky's Electronic Cigarettes,2060 W River Rd Ste 11,,Tucson,AZ,85704,US,http://www.sparkysecig.com/,5202933573,sparkysecig@gmail.com,2018-08-12,2020-02-08,,V,,,,
Stars Smoke Shop,64 N Harrison Rd Ste 150,,Tucson,AZ,85748,US,,5202967777,,2019-10-17,,Yes,S,CBD,Yes,,
Sticky's Smoke Shop,4155 W Ina Rd Ste 151,,Tucson,AZ,85741,US,,5207441063,stickysmokeshop@hotmail.com,2020-03-27,2020-03-27,,S,,,,
Sticky's Smoke Shop,6447 N Oracle Rd,,Tucson,AZ,85704,US,,5209890687,,2020-03-27,2020-03-27,,S,,,,
Sticky's Smoke Shop,9040 E Valencia Rd #160,,Tucson,AZ,85747,US,,5205747194,,2020-03-27,,Yes,S,CBD,,,
Sun Smoke Shop,880 W Saint Marys Rd,,Tucson,AZ,85745,US,,5203103997,,2019-09-03,2019-09-03,,S,,,,
T-Town Smoke Shop,3919 S 12th Ave #3,,Tucson,AZ,85713,US,,,,2020-03-30,,,S,,,,
The Hemp & CBD Co - Tucson,407 E Fort Lowell Rd,,Tucson,AZ,85705,US,https://thehempcbdco.com/,5206788030,info@thehempcbdco.com,2019-09-02,,Yes,C,CBD,,,
The Vape Zone Smokeless,4245 E Grant Rd,,Tucson,AZ,85712,US,http://thevapezonesmokeless.com/,5208297334,thevapezonesmokeless@icloud.com,2018-08-12,2020-02-08,Yes,V,CBD,,,
The Vape Zone Smokeless,9420 E Golf Links Rd Ste 110,,Tucson,AZ,85730,US,http://thevapezonesmokeless.com/,5202073922,thevapezonesmokeless@icloud.com,2018-08-12,2020-02-08,Yes,V,CBD,,,
The Vape Zone Smokeless,7113 E Tanque Verde Rd,,Tucson,AZ,85715,US,http://thevapezonesmokeless.com/,5203472052,thevapezonesmokeless@icloud.com,2018-08-12,2020-02-08,Yes,V,CBD,,,
Tobacco Barn,7310 S Nogales Hwy,,Tucson,AZ,85756,US,http://www.tobaccobarntucson.com/,5208899591,,2020-06-06,,,T,,,,
Tommy's Tobacco Shop,6330 E Golf Links Rd #186,,Tucson,AZ,85730,US,http://www.cigaretteshoptucson.com/,5207901551,tommystobaccoshop@gmail.com,2020-02-01,,Yes,S,CBD,,,
Vape Addiction,4145 W Ina Rd Ste 111,,Tucson,AZ,85741,US,,5203085324,vapeaddiction@gmail.com,2018-09-21,,,V,,,,
Vapor Pros,3720 W Ina Rd Ste 134,,Tucson,AZ,85741,US,,5207446060,,2018-08-12,2020-02-08,,V,,,,
Velvet Vapors,5315 E Broadway Blvd Ste 107,,Tucson,AZ,85711,US,https://velvetvapors.com/,5204954532,customerservice@velvetvapors.com,2018-08-12,2020-02-08,,V,,,,
Velvet Vapors,3870 W River Rd Ste 108,,Tucson,AZ,85741,US,https://velvetvapors.com/,5205054892,,2018-08-12,2020-02-08,,V,,,,
Wildcat Smoke Shop,3457 E Speedway Blvd,,Tucson,AZ,85716,US,,5207951120,,2019-10-17,,Yes,S,CBD,,,
"Your CBD Store - Tucson Central, AZ",2643 N Campbell Ave Ste 115,,Tucson,AZ,85719,US,https://cbdrx4u.com/,5208009570,peoriaaz@cbdrx4u.com,2019-09-10,2019-09-10,Yes,C,CBD,,,
"Your CBD Store - Tucson East, AZ",1529 N Wilmot Rd,,Tucson,AZ,85712,US,https://cbdrx4u.com/,5202721770,,2019-09-10,,Yes,C,CBD,,,
"Your CBD Store - Tucson Northwest, AZ",3820 W River Rd Ste 120,,Tucson,AZ,85741,US,https://cbdrx4u.com/,5209998070,,2019-09-10,2019-09-10,Yes,C,CBD,,,
Your CBD Store - Tucson South,1570 E Tucson Marketplace Blvd,,Tucson,AZ,85713,US,https://cbdrx4u.com/find-us/arizona/tucson-south,5203673070,,2020-12-05,2021-06-02,Yes,C,CBD,,,
Your CBD Store Catalina,15318 N Oracle Rd #160,,Tucson,AZ,85739,US,https://cbdrx4u.com/,5203898531,catalina595@cbdrx4u.com,2020-06-18,,Yes,C,CBD,,,
CBD Emporium Wickenburg,581 W Wickenburg Way Ste B,,Wickenburg,AZ,85390,US,https://cbdemporium.com/,9288990605,wick@cbdemporium.com,2020-06-16,,Yes,C,CBD,,,
M & J Smoke Shop,401 W 2nd St,,Winslow,AZ,86047,US,https://mandjsmokeshop.com/,9282895555,mandjsmokeshop@ymail.com,2019-01-08,,Yes,S,CBD,Yes,,
8th Street Smoke Shop,1225 W 8th St,,Yuma,AZ,85364,US,,9282769618,ranynona@gmail.com,2018-10-25,2018-10-25,,S,,,,
Big Cloud Vape & Smoke,845 W 32nd St,,Yuma,AZ,85364,US,,9282940178,bigcloudvapeandsmoke@yahoo.com,2019-04-27,,Yes,H,CBD,,,
CMS Smoke Shop,2241 S Avenue A #15,,Yuma,AZ,85364,US,,9282479705,,2019-08-27,,,S,,,,
De Vapors Vape Shop,2395 S 4th Ave Ste 84,,Yuma,AZ,85364,US,,9282763535,,2019-04-05,2021-06-23,Yes,V,CBD,,,
Dely's Smoke Shop,2750 W 16th St,,Yuma,AZ,85364,US,,9287831740,,2018-10-28,2018-10-28,Yes,S,CBD,Yes,,
Fourth Avenue Smoke Shop,2099 S 4th Ave Unit B,,Yuma,AZ,85364,US,,9283295883,fourthaveyuma@yahoo.com,2019-11-07,2021-12-07,Yes,S,CBD,Yes,,
Kactus Kush CBD Yuma,224 N Main St,,Yuma,AZ,85364,US,https://www.kactuskushcbd.com/,9282484272,kori@kactuskushcbd.com,2021-02-18,,Yes,C,CBD,,,
Neverlow Glass Gallery,1910 S 4th Ave,,Yuma,AZ,85364,US,,9282764656,neverlowglass@gmail.com,2018-10-28,,Yes,H,CBD,,,
Red Star Vapor,412 E 16th St,,Yuma,AZ,85364,US,https://www.redstarvapor.com/,9285035133,feedback@redstarvapor.com,2018-08-06,2020-01-01,Yes,V,CBD,,,
Sun Of A Gun Cigars & Beer,1651 S Arizona Ave,,Yuma,AZ,85364,US,https://www.sunofaguncigars.com/,9282763500,cigar1128@yahoo.com,2019-07-21,2021-10-26,Yes,T,CBD,,,
Sunshine Herbs N' More,"11274 S Fortuna Rd, Suite K",,Yuma,AZ,85367,US,https://sunshineherbsyuma.com/,9283421123,info@sunshineherbsyuma.com,2020-07-17,,Yes,C,CBD,,,
The CBD Apothecary,3300 S 8th Ave,,Yuma,AZ,85365,US,https://www.cbdapothecary928.com/,9288513292,tmaples@cbdapothecary928.com,2020-07-18,,Yes,C,CBD,,,
Your CBD Store - Center Point,1651 S 4th Ave Ste A3,,Yuma,AZ,85364,US,https://cbdrx4u.com/find-us/arizona/yuma-center-pointe,9282597933,yumaaz@cbdrx4u.com,2021-06-02,2021-06-02,Yes,C,CBD,,,