Shop Name,Address 1,Address 2,City,State/Province,Zip/Postcode,Country,Website,Phone,Email,Added,Updated,CBD,Biz Type,MJ,Kratom,Buyer name,Title
The Head Shed,2309 US-223,,Adrian,MI,49221,US,http://cybershed.com,5177594190,joe@cybershed.com,2019-01-15,,Yes,H,CBD,,,
The Tobacco Shoppe,1390 S Main St,,Adrian,MI,49221,US,https://www.thetobaccoshoppeinc.com/,5179204961,info@thetobaccoshoppeinc.com,2018-09-29,,Yes,T,CBD,,,
Wild Bill's Tobacco,1200 S Main St,,Adrian,MI,49221,US,http://www.wildbillstobacco.com/,5174388282,help@wildbillstobacco.com,2018-09-30,,Yes,T,CBD,Yes,,
Corona Smoke Shop,111 N Superior St,,Albion,MI,49224,US,http://coronasmokeshop.com/,5176300010,coronasmokeshop@gmail.com,2019-09-01,9/1/2019,,S,,,,
Wild Bill's Tobacco,2614 Pointe Tremble Rd,,Algonac,MI,48001,US,http://www.wildbillstobacco.com/,8107942944,help@wildbillstobacco.com,2018-10-25,2/25/2019,Yes,S,CBD,Yes,,
Cloud 10,1608 Lincoln Rd Ste A,,Allegan,MI,49010,US,http://cloud10shop.com/,2699783131,cloud10shop@live.com,2018-12-21,,Yes,H,CBD,Yes,,
Rogue Dreams,1247 Lincoln Rd,,Allegan,MI,49010,US,,2696735205,roguedreams13@yahoo.com,2018-10-24,10/24/2018,Yes,S,CBD,Yes,,
Advanced Vapors,15672 Southfield Rd,,Allen Park,MI,48101,US,,3132779550,advancedvapors313@gmail.com,2019-07-16,,Yes,V,CBD,Yes,,
Smoketopia,8457 Park Ave,,Allen Park,MI,48101,US,,3134066725,,2022-05-13,5/13/2022,,S,,,,
GR E Liquid Vapor Lounge,4965 Lake Michigan Dr,,Allendale,MI,49401,US,http://eliquidvaporlounge-gr.com/,6167770994,greliquidallendale@gmail.com,2014-08-29,5/14/2019,Yes,V,CBD,,,
Inferno Vape & Smoke,10897 48th Ave Ste B500,,Allendale,MI,49401,US,,6169861520,infernoallendale@gmail.com,2022-04-21,4/21/2022,Yes,S,CBD,,,
Willies One Stop Shop,6101 Lake Michigan Dr Ste B300,,Allendale,MI,49401,US,https://willies-one-stop-shop.business.site/,6169861511,williesonestop@gmail.com,2020-08-14,,Yes,H,CBD,Yes,,
Future Smoke and Vape Shop,1610 Wright Ave,,Alma,MI,48801,US,,9892851199,,2018-08-06,9/17/2019,Yes,H,CBD,,,
Holy Smokes Tobacco & Cigar Shoppe,148 S Ripley St,,Alpena,MI,49707,US,,9893402242,,2019-12-02,,Yes,S,CBD,,,
42 Degrees Ann Arbor,615 1/2 E William St,,Ann Arbor,MI,48104,US,,7346659600,info@42degreesglass.com,2018-12-13,,,H,,,,
A Clean Cigarette,2366 E Stadium Blvd Ste B,,Ann Arbor,MI,48104,US,https://www.acleancigarette.com/,7346775880,info@acleancigarette.com,2018-06-29,7/13/2019,Yes,V,CBD,,,
Ann Arbor Liquor,3937 Jackson Rd,,Ann Arbor,MI,48103,US,,7342225111,,2022-01-24,1/24/2022,Yes,O,CBD,Yes,,
Bongz and Thongz,119 E Liberty St,,Ann Arbor,MI,48104,US,,7345855613,bongzandthongz.com@gmail.com,2018-08-14,2/10/2020,Yes,H,CBD,,,
Inhale Smoke Shop,4055 Stone School Rd,,Ann Arbor,MI,48108,US,https://inhalesmokeshop.business.site/,7345316267,inhalesmokeshopaa@gmail.com,2019-12-12,12/12/2019,,S,,,,
Stairway To Heaven,340 1/2 S State St,,Ann Arbor,MI,48104,US,,7349943888,stairway2heavena2@gmail.com,2018-11-24,,Yes,H,CBD,,,
Wild Side Smoke Shop,209 E Liberty St,,Ann Arbor,MI,48104,US,,7343696489,,2018-08-20,2/18/2020,Yes,S,CBD,Yes,,
Ex-Hale Hookah Lounge,2723 University Dr,,Auburn Hills,MI,48326,US,,2484999467,,2018-08-06,1/13/2020,,L,,,,
Smoker's Express - Auburn Hills,3029 E Walton Blvd,,Auburn Hills,MI,48326,US,,2483737174,patanahi03@yahoo.com,2019-09-25,9/25/2019,,S,,Yes,,
The Smoke Shop,3363 Auburn Rd,,Auburn Hills,MI,48326,US,,2485985213,thesmokeshops@yahoo.com,2019-11-16,,Yes,S,CBD,Yes,,
Yor Vape Shop,2761 University Dr,,Auburn Hills,MI,48326,US,,2484998168,yorvapeshop@gmail.com,2016-08-22,1/13/2019,Yes,V,CBD,,,
Wild Bill's Tobacco,862 N Van Dyke Rd,,Bad Axe,MI,48413,US,,,,2021-05-03,5/3/2021,Yes,S,CBD,,,
Pure Michigan Solutions,9110 S M-37,,Baldwin,MI,49304,US,http://www.puremichigansolutions.com/,2317457873,puremisolutions@gmail.com,2019-11-16,,Yes,S,CBD,,,
Smoke Shop 249,249 W Monroe Ave,,Bangor,MI,49013,US,,2693020635,,2019-08-07,,Yes,S,CBD,Yes,,
Back Road Organic Supply,14081 Tangen Rd,,Baraga,MI,49908,US,https://back-road-organic-supply.business.site/,9063538827,backroadorganicsupply@gmail.com,2020-11-18,,Yes,O,CBD,,,
Admiral Discount Tobacco,80 S 20th St,,Battle Creek,MI,49015,US,,2696609069,,2019-07-16,,,T,,,,
BC Vaping Ape,668 Capital Ave SW,,Battle Creek,MI,49015,US,http://www.bcvapingape.com/,2693393467,bcvapingape269@gmail.com,2015-01-29,2/1/2019,,V,,,,
Corona Smoke Shop,275 W Columbia Ave,,Battle Creek,MI,49015,US,http://coronasmokeshop.com/,2699666670,coronasmokeshop@gmail.com,2019-09-01,,,S,,,,
Froggys Smoke Depot,421 Capital Ave NE,,Battle Creek,MI,49017,US,,2695324817,sannonpaul@yahoo.com,2020-02-05,,Yes,H,CBD,Yes,,
The Tobacco Shoppe,116 E Columbia Ave,,Battle Creek,MI,49015,US,https://www.thetobaccoshoppeinc.com/,2692821957,info@thetobaccoshoppeinc.com,2018-09-29,,Yes,T,CBD,,,
Wild Bill's Tobacco,5466 Beckley Rd Ste E,,Battle Creek,MI,49015,US,http://www.wildbillstobacco.com/,2692246136,,2018-08-20,4/28/2020,Yes,S,CBD,Yes,,
Wild Bill's Tobacco,205 E Columbia Ave,,Battle Creek,MI,49015,US,http://www.wildbillstobacco.com/,2692246495,,2018-08-20,2/18/2020,Yes,S,CBD,Yes,,
3 Doors Down Head Shop,4116 Wilder Rd,,Bay City,MI,48706,US,http://www.3doorsdownheadshop.com/,9894021213,tera@3doorsdownheadshops.com,2018-10-26,10/26/2018,Yes,H,CBD,Yes,,
A Clean Cigarette,3968 Wilder Rd,,Bay City,MI,48706,US,https://www.acleancigarette.com/,9896863050,sales@acleancigarette.com,2018-06-29,7/13/2019,Yes,V,CBD,,,
Earth Oddities,104 S Linn St,,Bay City,MI,48706,US,,9896712230,,2018-10-21,7/17/2019,,S,,,,
Eye Candy,100 Michigan Ave,,Bay City,MI,48708,US,,9894848099,,2018-10-30,,Yes,H,CBD,,,
Smoker's Palace II,705 N Euclid Ave Ste B,,Bay City,MI,48706,US,,9896674410,,2019-05-16,,,S,,,,
Smokin' Vapor Bay City,313 E Midland St,,Bay City,MI,48706,US,,9894391119,supersmokinvapor@gmail.com,2018-09-30,,,V,,,,
The Rabbit Hole,7338 Westside Saginaw Rd,,Bay City,MI,48706,US,https://rabbitgonegreen.com/,9893919590,rabbitgonegreen@gmail.com,2018-12-22,,Yes,H,CBD,Yes,,
Wild Bill's Tobacco,4084 Wilder Rd,,Bay City,MI,48706,US,http://www.wildbillstobacco.com/,9897781558,help@wildbillstobacco.com,2018-09-30,,,T,,Yes,,
Up N Smoke,6077 Rawsonville Rd,,Belleville,MI,48111,US,,7343409800,,2019-10-17,,,S,,,,
Wild Bill's Tobacco,9878 Belleville Rd,,Belleville,MI,48111,US,https://www.wildbillstobacco.com/locations/wild-bills-of-belleville/,7343918104,,2021-06-16,,Yes,S,CBD,,,
Mister E's Vape Shop,1259 Post Dr NE Ste B,,Belmont,MI,49306,US,https://www.mister-e-liquid.com/,6166496904,,2018-09-29,,,V,,,,
Admiral Discount Tobacco,1361 Mall Dr,,Benton Harbor,MI,49022,US,,2699261912,,2022-01-24,1/24/2022,Yes,T,CBD,,,
Birds Eye View,1388 E Napier Ave,,Benton Harbor,MI,49022,US,https://shopbirdseyeview.com/pages/home/1,2699272473,birdseyeview12@comcast.net,2018-10-14,,Yes,H,CBD,Yes,,
Wild Bill's Tobacco,1040 E Napier Ave Ste A & B,,Benton Harbor,MI,49022,US,https://wildbillstobacco.com/,2697577700,feedback@wildbillstobacco.com,2022-02-24,2/24/2022,Yes,S,CBD,,,
Wild Bill's Tobacco,2530 W 12 Mile Rd,,Berkley,MI,48072,US,https://www.wildbillstobacco.com/,2486073656,feedback@wildbillstobacco.com,2020-07-12,,Yes,S,CBD,,,
SWM CBD,6770 M139 Ste B,,Berrien Springs,MI,49103,US,https://www.swmcbd.com/,2692082724,swmcbd@gmail.com,2020-12-25,,Yes,C,CBD,,,
Burning Scent-Sations 2,813 E Maple St,,Big Rapids,MI,49507,US,,2316298211,,2018-12-22,12/22/2018,Yes,H,CBD,Yes,,
E-Cig Outlet,732 Perry Ave,,Big Rapids,MI,49307,US,https://www.e-cigoutlet.net/,2316605006,,2018-10-21,10/21/2018,,V,,,,
Rise Smoke Shop,550 S State St,,Big Rapids,MI,49307,US,,2314084088,,2018-11-05,,Yes,S,CBD,Yes,,
Tobbaco Outfitters/Freshwater Vapor,14229 Northland Dr,,Big Rapids,MI,49307,US,http://tobaccooutfitters.com/,2315272088,bbholdingsinc@att.net,2018-08-06,12/11/2019,Yes,S,CBD,Yes,,
Birch Run Wellness Center,9143 Birch Run Rd,,Birch Run,MI,48415,US,https://birchrunwellnesscenter.com/,9892446191,info@birchrunwellnesscenter.com,2020-11-19,,Yes,C,CBD,,,
Wild Side Smoke Shop,33766 Woodward Ave,,Birmingham,MI,48009,US,,2487923265,,2019-01-16,,Yes,H,CBD,Yes,,
Wild Wild West Tobacco IV,500 N Lake St Ste E,,Boyne City,MI,49713,US,,2314594777,,2018-11-03,9/17/2019,Yes,S,CBD,Yes,,
Dream Factory Boutique,10610 E Grand River Ave,,Brighton,MI,48116,US,,8102275809,,2018-12-13,,,H,,,,
Great Lakes Vapor,9945 E Grand River Ave,,Brighton,MI,48114,US,https://greatlakesvapor.com/,2484039226,sales@greatlakesvapor.com,2018-08-06,6/11/2021,Yes,V,CBD,,,
Smoke N Gifts,684 W Grand River Ave,,Brighton,MI,48116,US,,8105884692,smoken_gifts@yahoo.com,2018-11-05,,,S,,Yes,,
Smoker's Depot,10006 Grand River Ave,,Brighton,MI,48116,US,http://smokersdepotbrighton.business.site/,8102202701,,2019-09-29,9/29/2019,Yes,S,CBD,,,
The Haven Smoke Shop,9927 E Grand River Ave,,Brighton,MI,48118,US,http://www.thehavensmokeshop.com/,8103600702,thehavensmokeshop@yahoo.com,2018-12-22,2/10/2020,Yes,S,CBD,Yes,,
Wild Bill's Tobacco,23977 West Rd,,Brownstown,MI,48183,US,http://www.wildbillstobacco.com/,7346755546,help@wildbillstobacco.com,2018-09-30,,,T,,Yes,,
Smoke Shop,20761 Gibraltar Rd,,Brownstown Charter Twp,MI,48183,US,,7346726236,,2019-07-31,8/14/2020,Yes,S,CBD,,,
Goike's Gardens,80661 Van Dyke Rd,,Bruce Township,MI,48065,US,http://goikesgardens.com/,8107980404,goikesgardens@gmail.com,2021-05-26,5/26/2021,Yes,C,CBD,,,
Front Street Glassworks,113 E Front St,,Buchanan,MI,49107,US,https://www.frontstreetglass.com,,brett@mygromart.com,2022-03-16,3/16/2022,,S,,,,
Liquor and Smokers Plus Party Store,1390 E Bristol Rd,,Burton,MI,48529,US,,8107428925,,2019-08-15,,Yes,S,CBD,Yes,,
Smoker's Palace III,6007 Lapeer Rd,,Burton,MI,48509,US,,8107428184,,2019-11-17,,Yes,S,CBD,Yes,,
Wild Bill's Tobacco,1295 S Center Rd,,Burton,MI,48509,US,http://www.wildbillstobacco.com/,8107152099,help@wildbillstobacco.com,2018-09-30,,Yes,T,CBD,Yes,,
Wonderland Smoke Shop,3366 Saginaw St Ste G,,Burton,MI,48529,US,https://wonderlandsmoke.com/,8104078962,wonderlandheadshop@gmail.com,2019-09-10,9/10/2019,Yes,H,CBD,Yes,,
Eliquidmaster,530 76th St SW Ste 300,,Byron Center,MI,49315,US,https://eliquidmaster.com/,6164908520,orders@eliquidmaster.com,2018-10-16,2/17/2019,,V,,,,
Blue In The Face Of Cadillac,124 N Mitchell St,,Cadillac,MI,49601,US,,2314683001,blue_of_cadillac@icloud.com,2018-12-01,4/9/2020,Yes,H,CBD,,,
Grand Traverse Vapor,720 N Mitchell St Unit B,,Cadillac,MI,49601,US,https://www.gtvapor.com/,2314683303,eric@gtvapor.com,2014-09-30,5/14/2019,,V,,,,
Michigan Discount Cigarette,1947 N Mitchell St,,Cadillac,MI,49601,US,,2317759360,,2019-11-04,,,T,,,,
Wild Bill's Tobacco,3970 US-131 BUS,,Cadillac,MI,49601,US,http://www.wildbillstobacco.com/,2314683026,help@wildbillstobacco.com,2018-08-20,9/19/2019,Yes,S,CBD,Yes,,
Green Wellness Life LLC,9361 Cherry Valley Ave SE,,Caledonia,MI,49316,US,https://www.greenwellnesslife.com/,8887727875,gwllc@what-if.com,2019-03-25,1/30/2020,Yes,C,CBD,,,
Bucko's Party Store,339 5th St,,Calumet,MI,49913,US,,9063371912,,2019-07-29,,Yes,S,CBD,,,
Cloudz Smoke Shop,44942 Ford Rd,,Canton,MI,48187,US,,7344534900,,2022-03-25,3/25/2022,,S,,,,
Inland Vapor Canton,125 N Haggerty Rd,,Canton,MI,48187,US,https://inland-vapor.business.site/,7347386312,,2019-12-16,,,V,,,,
Inline Vape,44926 Ford Rd,,Canton,MI,48187,US,http://www.inlinevape.com/,7349277161,inlinevapecanton@gmail.com,2018-08-06,12/25/2019,,V,,Yes,,
Vape N Chase,8489 N Lilley Rd,,Canton,MI,48187,US,,7346672363,vapenchase@gmail.com,2018-09-05,3/6/2020,Yes,V,CBD,,,
Wild Bill's Tobacco,5820 N Sheldon Rd,,Canton,MI,48187,US,https://wildbillstobacco.com/locations/wild-bills-of-canton/,7346675016,feedback@wildbillstobacco.com,2022-01-27,1/27/2022,Yes,S,CBD,Yes,,
Caro Tobacco Outlet,524 N State St,,Caro,MI,48723,US,,9896720666,,2019-07-31,,,T,,,,
Freshwater Vapor,4116 17 Mile Rd NE,,Cedar Springs,MI,49319,US,https://www.freshwatervapor.com,6166960061,freshwatervapor@gmail.com,2018-08-06,1/13/2020,Yes,V,CBD,Yes,,
Hucks Corners/Purple Haze,2371 17 Mile Rd NE,,Cedar Springs,MI,49319,US,,6166960996,,2019-11-16,11/16/2019,,S,,,,
Wild Bill's Tobacco,25007 Van Dyke Ave,,Center Line,MI,48015,US,http://www.wildbillstobacco.com/,5867555499,help@wildbillstobacco.com,2018-09-30,,Yes,T,CBD,Yes,,
Wild Wild West Tobacco V,6535 M-66,,Charlevoix,MI,49720,US,http://wildwildwesttobacco5.com/,2314373100,,2019-09-17,,Yes,S,CBD,Yes,,
Puff Puff Smoke Shop,101 W Lovett St,,Charlotte,MI,48813,US,http://puff-puff-smoke-shop.business.site/,5179835151,,2019-11-16,,Yes,S,CBD,Yes,,
M59 Smokers,20856 Hall Rd,,Charter Twp of Clinton,MI,48038,US,,5864666110,,2019-11-16,,,S,,,,
Smoker's Club,1147 S Main St,,Chelsea,MI,48118,US,,7344757575,,2019-11-16,,,S,,,,
BDT Smoke Shops - Chesterfield,46916 Gratiot Ave,,Chesterfield,MI,48051,US,,5868407430,bdtchesterfield@gmail.com,2018-12-11,7/22/2019,Yes,H,CBD,Yes,,
Cheeba Hut Smoke Shop,50189 Gratiot Ave,,Chesterfield,MI,48051,US,http://www.cheebasmokeshopchesterfield.com/,5862135156,allenmoussa821@gmail.com,2018-10-29,,Yes,S,CBD,Yes,,
J & W Smoke Shop,31245 23 Mile Rd,,Chesterfield,MI,48047,US,,5865985414,,2019-12-10,,Yes,S,CBD,Yes,,
Mother Earth Natural Health,51313 Gratiot Ave,,Chesterfield,MI,48051,US,https://motherearthnaturalhealth.com/locations/chesterfield-michigan/,8662444223,motherearthnh@gmail.com,2021-07-24,,Yes,C,CBD,,,
RJ Vapes/Tobacco Town,47025 Gratiot Ave,,Chesterfield,MI,48051,US,http://rjvapestobaccotown.com/,5862310683,rjvapes21@gmail.com,2018-10-17,6/18/2021,,S,,,,
Smoker's World Inc.,27895 23 Mile Rd,,Chesterfield,MI,48051,US,,5869491555,smokerworldretail@gmail.com,2018-10-28,6/20/2020,Yes,S,CBD,Yes,,
Wild Bill's Tobacco,46518 Gratiot Ave,,Chesterfield,MI,48051,US,http://www.wildbillstobacco.com/,5867650808,help@wildbillstobacco.com,2019-09-19,9/19/2019,Yes,S,CBD,Yes,,
Rudy's Tobacco Shop,1418 N McEwan St Ste B,,Clare,MI,48617,US,,9893863513,,2019-11-16,11/16/2019,Yes,S,CBD,,,
Inline Vape,6461 Sashabaw Rd,,Clarkston,MI,48346,US,http://www.inlinevape.com/,2487076543,info@inlinevape.com,2018-08-06,12/25/2019,Yes,V,CBD,,,
Wild Bill's Tobacco,1220 W 14 Mile Rd,,Clawson,MI,48017,US,http://www.wildbillstobacco.com/,2485565223,help@wildbillstobacco.com,2018-09-30,,Yes,T,CBD,Yes,,
The Vapor Shoppe,42310 Hayes Rd,,Clinton Township,MI,48038,US,https://thevaporshoppeusa.com/,5868407400,thevaporshoppehayes@gmail.com,2018-09-21,,,V,,,,
The Vapor Shoppe Of Gratiot,37129 S Gratiot Ave,,Clinton Township,MI,48036,US,http://thevaporshoppeusa.com,5869488073,,2018-09-18,9/18/2018,Yes,V,CBD,Yes,,
Smoke Shop,36474 Groesbeck Hwy,,Clinton Twp,MI,48035,US,,5867920425,,2019-11-16,,,S,,Yes,,
Wild Bill's Tobacco,40077 S Groesbeck Hwy,,Clinton Twp,MI,48036,US,http://www.wildbillstobacco.com/,5866908148,help@wildbillstobacco.com,2018-10-25,1/27/2022,Yes,S,CBD,Yes,,
Wild Bill's Tobacco,42201 Garfield Rd,,Clinton Twp,MI,48038,US,https://wildbillstobacco.com,5863335721,feedback@wildbillstobacco.com,2022-01-27,1/27/2022,Yes,S,CBD,Yes,,
Super Tobacco,487 W Chicago St Ste B,,Coldwater,MI,49036,US,https://www.supertobaccomi.com/,5172797896,,2020-12-26,,Yes,S,CBD,,,
Wild Bill's Tobacco,835 E Chicago St Unit A,,Coldwater,MI,49036,US,https://www.wildbillstobacco.com/locations/wild-bills-of-coldwater/,5179241402,,2019-09-20,7/16/2021,Yes,S,CBD,,,
Coloma DVD,172 N Paw Paw St,,Coloma,MI,49038,US,http://colomadvd.com/,2692027037,colomadvd@gmail.com,2019-08-26,,,V,,,,
Select Smoke Shop,2583 Union Lake Rd,,Commerce Charter Twp,MI,48382,US,,2482424224,,2019-06-15,6/15/2019,Yes,S,CBD,Yes,,
Inline Vape,1809 Haggerty Rd,,Commerce Township,MI,48390,US,,2489568088,,2022-03-11,3/11/2022,Yes,V,CBD,Yes,,
Wild Bill's Tobacco,3050 Union Lake Rd,,Commerce Township,MI,48382,US,http://www.wildbillstobacco.com/,2483606992,help@wildbillstobacco.com,2018-10-25,2/25/2019,Yes,S,CBD,Yes,,
Joost Vapor,4640 W River Dr,,Comstock Park,MI,49321,US,https://joostvapor.com/,6169514870,customerservice@joostvapor.com,2014-09-07,2/17/2019,,V,,,,
Rise Smoke Shop Alpine Ave,3728 Alpine Ave NW,,Comstock Park,MI,49321,US,,6164275024,taskgetter031990@gmail.com,2019-07-10,7/10/2019,Yes,S,CBD,Yes,,
A & B Liquor and Tobacco Outlet,8463 Davison Rd Ste A,,Davison,MI,48423,US,,8102141885,,2019-07-14,,,T,,,,
Smokers Express of Davison,729 S State Rd,,Davison,MI,48423,US,,8106538715,,2018-11-20,,,S,,,,
Wild Bill's Tobacco,626 N State Rd,,Davison,MI,48423,US,https://wildbillstobacco.com/locations/wild-bills-of-davison/,8104129022,feedback@wildbillstobacco.com,2022-01-27,1/27/2022,Yes,S,CBD,Yes,,
Anotha 1 Hookah,23910 Carlysle St,,Dearborn,MI,48124,US,,3134069299,,2022-01-24,1/24/2022,,S,,,,
Cloud House,22227 Michigan Ave,,Dearborn,MI,48124,US,,3132285692,,2019-03-31,3/31/2019,,V,,,,
Cloud Nine Heads2Go,10621 W Warren Ave,,Dearborn,MI,48126,US,,3137159999,cloudnineheads2go@gmail.com,2022-03-08,3/8/2022,,T,,,,
Smokerz Depot,10405 Ford Rd,,Dearborn,MI,48126,US,,3132901300,,2022-02-01,2/1/2022,Yes,S,CBD,Yes,,
Vape Zone,14228 W Warren Ave,,Dearborn,MI,48126,US,,3137497259,,2019-05-31,,,V,,,,
VIP Smoke & Vape,7036 Schaefer Rd,,Dearborn,MI,48126,US,http://zeevape.com,3135854850,vipwholesalellc@gmail.com,2018-12-25,,Yes,S,CBD,Yes,,
VIP Smokers Inc,6800 Greenfield Rd,,Dearborn,MI,48126,US,,3135819966,,2018-09-05,3/6/2020,,S,,,,
Zaks All In 1 Smoke Shop,7940 Vernor Hwy,,Dearborn,MI,48120,US,,3135510221,,2020-08-14,,,S,,,,
Cloudhunterz Vapor,24151 W Warren St,,Dearborn Heights,MI,48127,US,http://www.cloudhunterz.com/,3138981899,cloudhunterzvapor@gmail.com,2014-11-11,2/17/2019,,V,,,,
Smokers Discount Outlet,3921 Pelham St,,Dearborn Heights,MI,48125,US,,3133594915,,2019-11-17,11/17/2019,,S,,,,
Tobacco Republic,27200 Cherry Hill Rd Ste B,,Dearborn Heights,MI,48127,US,,3139827848,,2019-05-24,,Yes,S,CBD,Yes,,
Detroit Smoke and Vape,4718 Anthony Wayne Dr Ste B,,Detroit,MI,48201,US,,3134628143,detroitsmokeandvape@gmail.com,2018-08-06,9/16/2019,Yes,S,CBD,Yes,,
Great Lakes Smoke Shop,16932 Meyers Rd,,Detroit,MI,48235,US,https://greatlakessmokeshop.com/,3136515242,greatlakessmokeshop@gmail.com,2022-03-21,3/21/2022,Yes,S,CBD,,,
Hollywood Tobacco,19501 W Warren Ave,,Detroit,MI,48228,US,,3134411801,,2019-06-15,,,T,,,,
House of Dank Glass and Tobacco Shop,3136 E 8 Mile Rd,,Detroit,MI,48234,US,,3138260414,,2020-08-14,,Yes,H,CBD,,,
I Love You CBD,22401 M-102,,Detroit,MI,48219,US,https://www.iloveyoucbd.com/,3136939421,iiloveyoucbd@gmail.com,2021-02-10,,Yes,C,CBD,,,
M K Smoke Shop,16155 W Warren Ave,,Detroit,MI,48228,US,,3135818095,,2019-06-16,,,S,,,,
Supreme Exotic Heads,6907 Greenfield Rd,,Detroit,MI,48228,US,,3137247100,,2022-02-14,2/14/2022,,T,,,,
Kloudz Smoke Shop,420 Albert Ave,,East Lansing,MI,48823,US,,5177080200,,2019-11-16,,Yes,S,CBD,Yes,,
Puff Puff Smoke Shop,301 MAC Ave Ste 106,,East Lansing,MI,48823,US,https://puff-puff-smoke-shop-vaporizer-store.business.site/,5177211919,,2019-11-16,,Yes,S,CBD,Yes,,
Wild Side Smoke Shop,1101 E Grand River Ave,,East Lansing,MI,48823,US,,5175804833,,2018-12-28,,Yes,H,CBD,Yes,,
Bay Party Store/Holy Smokes,718 E Bay St,,East Tawas,MI,48730,US,,9893622332,,2019-07-22,,,S,,,,
The Plum Pit,24953 Gratiot Ave,,Eastpointe,MI,48021,US,,5867731910,,2018-09-29,,,H,,,,
Wild Bill's Tobacco,19168 E 10 Mile Rd,,Eastpointe,MI,48021,US,http://www.wildbillstobacco.com/,5865532605,help@wildbillstobacco.com,2018-09-30,11/13/2018,Yes,T,CBD,Yes,,
Wild Bill's Tobacco,14966 E 10 Mile Rd,,Eastpointe,MI,48021,US,http://www.wildbillstobacco.com/,5867767916,help@wildbillstobacco.com,2018-09-30,,Yes,T,CBD,Yes,,
The Sidecarb Smoke Shop,26402 US-12,,Edwardsburg,MI,49112,US,https://www.mygromart.com,2694144385,brett@mygromart.com,2021-02-21,2/21/2021,,H,,,,
Vape & Smoke Express,69821 M-62 #9,,Edwardsburg,MI,49112,US,https://www.vapensmoke.com/,2694144152,info@vapensmoke.com,2018-08-06,4/15/2020,Yes,S,CBD,,,
Jayz Tobacco Outlet,426 Stephenson Ave,,Escanaba,MI,49829,US,http://jayztobaccooutlet.webs.com/,9062339066,jayztobaccooutlet@gmail.com,2019-11-16,,Yes,S,CBD,Yes,,
Nuggy's Glass,1709 Ludington St,,Escanaba,MI,49829,US,http://nuggysglass.com/,9064204444,nugshack@yahoo.com,2018-12-21,8/2/2021,Yes,H,CBD,Yes,,
Rustic Vapor,1314 Ludington St,,Escanaba,MI,49829,US,https://www.rusticvapor.com/,9062337797,rusticvapor@gmail.com,2018-09-29,,Yes,V,CBD,,,
The Healing Tree - Escanaba,1221 Ludington St,,Escanaba,MI,49829,US,https://thehealingtreegb.com,9062125700,thehealingtreegb@yahoo.com,2020-12-03,,Yes,C,CBD,,,
Wild Wild West Tobacco,1814 Ludington St,,Escanaba,MI,49829,US,https://www.wildwildwesttobacco.com/,9065537448,info@wildwildwesttobacco.com,2022-03-25,3/25/2022,,S,,,,
The Johnny Weekend Company,31632 Grand River Ave,,Farmington,MI,48336,US,http://www.johnnyweekend.com,2485362369,johnny_weekend@icloud.com,2018-09-29,,,V,,,,
The Smoke Don,34785 Grand River Ave,,Farmington,MI,48335,US,,2485796805,,2019-05-16,,,S,,Yes,,
VIP Smoke & Vape,33317 Grand River Ave,,Farmington,MI,48336,US,,2489576861,,2018-11-17,,Yes,S,CBD,Yes,,
Hookah Zone Tobacco Vape & Glass shop,29598 Orchard Lake Rd,,Farmington Hills,MI,48334,US,https://www.farmingtonhillssmokeshop.com/,2488625999,,2019-04-22,4/22/2019,,S,,,,
O Hookah Lounge/Mr. Vapor,27849 Orchard Lake Rd Ste B,,Farmington Hills,MI,48334,US,,2483249202,,2019-11-16,,,L,,,,
Smoke Relief,22320 Middlebelt Rd,,Farmington Hills,MI,48336,US,,2489578058,,2021-08-19,8/19/2021,Yes,S,CBD,Yes,,
Vape Smart,31166 Orchard Lake Rd,,Farmington Hills,MI,48334,US,,2487020655,,2018-09-05,3/6/2020,Yes,V,CBD,,,
Smoker's Depot,15266 Silver Pkwy,,Fenton,MI,48430,US,,8107140300,,2019-09-29,,Yes,S,CBD,,,
Smokers Palace,1509 N Leroy St,,Fenton,MI,48430,US,,8105198181,,2019-11-17,,,T,,,,
The Pipe Depot Fenton,4033 Owen Rd,,Fenton,MI,48430,US,,8102151122,,2018-09-29,3/4/2021,,S,,,,
BDT Smoke Shops - Ferndale,23420 Woodward Ave,,Ferndale,MI,48220,US,,2489518909,,2019-07-22,7/22/2019,Yes,H,CBD,Yes,,
Puff Factory,750 W 9 Mile Rd Ste 4,,Ferndale,MI,48220,US,http://www.pufffactoryusa.com/,2482067120,,2019-01-15,1/15/2019,,H,,Yes,,
Select Smoke Shop,1320 W Nine Mile Rd,,Ferndale,MI,48220,US,https://select-smoke-shop.business.site/,2488508523,select1320@gmail.com,2019-06-15,6/15/2019,Yes,S,CBD,Yes,,
Tha Head Shop Smoke Shop,737 E 9 Mile Rd,,Ferndale,MI,48220,US,http://www.thaheadshop.com/,2486770178,thaheadshop@yahoo.com,2018-09-29,,Yes,H,CBD,,,
The Vapor Shoppe,22326 Woodward Ave,,Ferndale,MI,48220,US,https://thevaporshoppeusa.com/,2489512771,support@vaporshoppeusa.com,2018-09-21,,Yes,V,CBD,,,
Wild Bill's Tobacco,270 W 9 Mile Rd,,Ferndale,MI,48220,US,http://www.wildbillstobacco.com/,2485427855,help@wildbillstobacco.com,2018-09-30,,Yes,T,CBD,Yes,,
Rock On Smokers,26902 Telegraph Rd,,Flat Rock,MI,48134,US,,7347827209,,2019-11-16,,,S,,,,
Wind Rivers Smoke Shop Head Shop,14918 Telegraph Rd,,Flat Rock,MI,48134,US,,7347825555,,2019-09-15,,,S,,,,
2 Steps Higher Head Shop,6004 Torrey Rd Ste I,,Flint,MI,48507,US,http://2stepshigher.com/,8106550032,2stepshigher@gmail.com,2018-07-25,7/30/2019,Yes,H,CBD,Yes,,
A Clean Cigarette,4084 Corunna Rd #B,,Flint,MI,48532,US,https://www.acleancigarette.com/,8104078049,,2015-09-09,2/15/2019,,V,,,,
Natural Stress Solutions CBD,6046 Fenton Rd,,Flint,MI,48507,US,https://naturalstresssolutions.com/,8107010888,cbd@naturalstresssolutions.com,2021-03-03,,Yes,C,CBD,,,
Paradise Express,3600 S Dort Hwy #25,,Flint,MI,48507,US,,8107430330,,2019-06-19,,,H,,,,
Sals Party Store,3026 Fenton Rd,,Flint,MI,48507,US,,8104719717,,2019-06-21,,,O,,,,
Smoker's Palace,3617 Corunna Rd,,Flint,MI,48532,US,,8104240742,,2019-11-17,,,S,,Yes,,
The Head Shop Plus Tobacco,3285 Van Slyke Rd,,Flint,MI,48507,US,,8108204135,,2019-10-30,2/24/2022,Yes,S,CBD,Yes,,
Wild Bill's Tobacco,4215 Miller Rd Ste C-16,,Flint,MI,48507,US,http://www.wildbillstobacco.com/,8102217619,help@wildbillstobacco.com,2018-08-20,4/28/2020,Yes,S,CBD,Yes,,
Wild Bill's Tobacco,4141 24th Ave,,Fort Gratiot,MI,48059,US,http://www.wildbillstobacco.com/,8103858900,help@wildbillstobacco.com,2018-09-30,,Yes,T,CBD,Yes,,
Smoke House,514 S Grand Ave,,Fowlerville,MI,48836,US,,5172237888,,2019-11-16,,,T,,,,
Puff Factory,16874 15 Mile Rd,,Fraser,MI,48026,US,http://pufffactoryusa.com/,5863438081,info@pufffactoryusa.com,2018-10-24,10/24/2018,Yes,S,CBD,,,
Smokey Joes Tobacco,16841 E 14 Mile Rd,,Fraser,MI,48026,US,http://www.smokeyjoestobacco.com,5862572122,gabenlamar@gmail.com,2019-07-22,,Yes,S,CBD,Yes,,
Wild Bill's Tobacco,31326 Groesbeck Hwy,,Fraser,MI,48026,US,http://www.wildbillstobacco.com/,5863438750,help@wildbillstobacco.com,2018-09-30,,Yes,T,CBD,Yes,,
CBD Store of Michigan,37 E Main St Ste G,,Fremont,MI,49412,US,http://www.cbdstoremi.com/,6162919558,rglupker@gmail.com,2020-06-28,3/28/2022,Yes,C,CBD,,,
Native Trails,1047 W Main St,,Fremont,MI,49412,US,,2319244874,nativetrailstobacco@gmail.com,2018-10-18,,Yes,S,CBD,,,
Wild Monkey Smoke Shop,420 N 3rd Ave,,Fruitport Charter Township,MI,49415,US,,2313666200,,2019-09-17,,Yes,S,CBD,Yes,,
Inland Vapors of Michigan,33447 Ford Rd,,Garden City,MI,48135,US,,7342374389,inlandvaporsmichigan@gmail.com,2018-08-06,12/25/2019,Yes,V,CBD,,,
Smoker's Depot,28829 Ford Rd,,Garden City,MI,48135,US,,7344257745,,2019-11-17,,,S,,,,
Smoker's Shop,27555 Warren Rd,,Garden City,MI,48135,US,,7344277071,,2019-05-16,,,S,,,,
Fantasies Smoke Shop,1249 W Main St,,Gaylord,MI,49735,US,http://fantasiessmokeshop.com,9894482828,info@fantasiessmokeshop.com,2018-11-24,,Yes,H,CBD,Yes,,
Wild Wild West Tobacco,604 W Main St Ste B,,Gaylord,MI,49735,US,http://wildwildwesttobacco.com/,9894482900,,2018-08-20,4/28/2020,Yes,S,CBD,Yes,,
Made By Hemp,904 Chicago Dr,,Georgetown Township,MI,49428,US,https://madebyhemp.com/,8448874367,support@madebyhemp.com,2019-08-14,,Yes,C,CBD,,,
Northern Michigan Tobacco,1025 N State St,,Gladwin,MI,48624,US,,9894267336,,2019-11-16,,Yes,S,CBD,,,
Tobacco Alley,935 State St,,Gladwin,MI,48624,US,http://www.tobaccoalleygladwin.com/,9892461020,tobaccoalleygladwin@gmail.com,2020-05-26,,,S,,,,
Smoker's Palace,2213 Hill Rd,,Grand Blanc,MI,48439,US,,8106953001,,2019-11-16,,Yes,S,CBD,,,
Ajj's Smoke n Stuff,601 S Beacon Blvd #111,,Grand Haven,MI,49417,US,,6166077332,ajjssns@gmail.com,2018-08-06,1/11/2020,Yes,V,CBD,Yes,,
Fully Worked Smoke & Vape Shop,1705 S Beacon Blvd Suite F,,Grand Haven,MI,49417,US,,6162403918,,2021-01-09,,Yes,H,CBD,,,
Joost Vapor,592 N Beacon Blvd,,Grand Haven,MI,49417,US,https://joostvapor.com/,6169511668,joostvapor@gmail.com,2018-08-06,12/26/2019,,V,,,,
616 Smoke & Vape Shop,15 Burton St SW,,Grand Rapids,MI,49507,US,http://www.616smokevapeshop.com/,6162264000,info@616smokevapeshop.com,2019-07-29,7/29/2019,Yes,S,CBD,,,
Admiral Discount Tobacco,1621 Leonard St NE #B,,Grand Rapids,MI,49505,US,,,,2019-07-16,,,T,,,,
Admiral Discount Tobacco,3927 28th St SE,,Grand Rapids,MI,49512,US,,6169770199,,2019-07-16,,,T,,,,
GR Cloud,2035 28th St SE Ste K,,Grand Rapids,MI,49508,US,http://www.smokersdiscountsgr.com,6162489809,shawn@smokersdiscountsgr.com,2018-08-06,9/21/2019,Yes,S,CBD,,,
Grand Rapids E Liquid,3959 28th St SE,,Grand Rapids,MI,49512,US,http://www.grandrapidseliquid.com/,6167191542,grandrapidseliquid@gmail.com,2018-09-24,,Yes,V,CBD,,,
Green Mitten,1188 Walker Ave NW,,Grand Rapids,MI,49504,US,https://www.green-mitten.com/,6168884110,danny@green-mitten.com,2020-08-13,,Yes,H,CBD,,,
Hyzer's Pro Disc Golf and Smoke Shop,4150 Lake Michigan Dr NW,,Grand Rapids,MI,49534,US,http://www.grandrapidsheadshop.com,6165700812,gethyzers@gmail.com,2018-12-28,12/28/2018,,H,,Yes,,
Joost Vapor,1215 Fuller Ave NE,,Grand Rapids,MI,49505,US,https://joostvapor.com/,6162953190,joostvapor@gmail.com,2018-08-06,12/26/2019,,V,,,,
Joost Vapor,6750 Kalamazoo Ave SE,,Grand Rapids,MI,49508,US,https://joostvapor.com/,6162595023,customerservice@joostvapor.com,2018-08-06,12/26/2019,,V,,,,
Joost Vapor,67 54th St SW,,Grand Rapids,MI,49548,US,https://joostvapor.com/,6168277020,customerservice@joostvapor.com,2018-08-06,1/14/2020,Yes,V,CBD,,,
Mister E's Vape Shop,632 Plymouth Ave NE,,Grand Rapids,MI,49505,US,https://www.mister-e-liquid.com/,6166080910,customerservice@mister-e-liquid.com,2018-09-08,7/16/2019,,V,,,,
Mister-E's Vape Shop,4934 Division Ave S,,Grand Rapids,MI,49548,US,https://mister-es.com/,6166446307,customerservice@mister-e-liquid.com,2018-09-13,8/25/2019,,V,,,,
Purple East,2221 Plainfield Ave #105,,Grand Rapids,MI,49504,US,,6165510591,purpleeastsince1974@gmail.com,2018-11-08,,Yes,H,CBD,Yes,,
Rise Smoke Shop,1229 Michigan St NE Ste B,,Grand Rapids,MI,49503,US,,6163899989,,2018-11-05,,Yes,S,CBD,Yes,,
Sacred Expressions,1415 Wealthy St SE Ste 100,,Grand Rapids,MI,49506,US,http://www.sacredexpressionsgr.com/,6162887504,sacredexpressionsgr@gmail.com,2018-11-25,11/25/2018,,H,,,,
Shakedown Street,670 Leonard St NW,,Grand Rapids,MI,49504,US,https://shakedownstreetgr.com/,6164580500,shakedownstreet1965@gmail.com,2018-10-27,,Yes,H,CBD,,,
Swap Meet J,350 28th St SE,,Grand Rapids,MI,49508,US,,6167062833,swapmeetj@gmail.com,2018-11-04,,,H,,,,
The Grassy Knoll,1407 Robinson Rd SE,,Grand Rapids,MI,49506,US,https://www.ohgrassyknoll.com/,6164193364,janettombre@ohgrassyknoll.com,2018-10-29,8/18/2019,Yes,C,CBD,,,
The Grassy Knoll - Woodland Mall,3159 28th St SE,,Grand Rapids,MI,49512,US,https://ohgrassyknoll.com/,6163333056,janettombre@ohgrassyknoll.com,2019-08-18,,Yes,C,CBD,,,
The Tobacco Shoppe,5204 Northland Dr NE,,Grand Rapids,MI,49525,US,http://thetobaccoshoppeinc.com/,6162598609,info@thetobaccoshoppeinc.com,2020-04-24,,,S,,,,
Tuttle's Select Cigars & Tobaccos,3835 28th St SE,,Grand Rapids,MI,49512,US,http://tuttlescigars.com/,6169426990,info@tuttlescigars.com,2019-07-16,,,T,,,,
West Side Quick Mart,1349 Alpine Ave NW,,Grand Rapids,MI,49504,US,,6166083308,,2018-12-08,,,S,,Yes,,
West Side Smoke Shop,712 Bridge St NW,,Grand Rapids,MI,49504,US,,6164588669,westsidesmoke1@gmail.com,2018-10-29,,Yes,S,CBD,,,
Wild Bill's Tobacco,6030 Kalamazoo Ave SW,,Grand Rapids,MI,49508,US,http://www.wildbillstobacco.com/,6168278830,help@wildbillstobacco.com,2018-10-25,2/25/2019,Yes,S,CBD,Yes,,
Wild Bill's Tobacco,5280 Northland Dr NE,,Grand Rapids,MI,49525,US,http://www.wildbillstobacco.com/,6162266958,help@wildbillstobacco.com,2018-10-25,10/25/2018,Yes,S,CBD,Yes,,
Wild Bill's Tobacco,2505 Alpine Ave NW Ste C,,Grand Rapids,MI,49544,US,http://www.wildbillstobacco.com/,6165513115,socialmedia@wildbillstobacco.com,2018-10-25,2/25/2019,Yes,S,CBD,Yes,,
Joost Vapor,3901 Chicago Dr SW,,Grandville,MI,49418,US,https://joostvapor.com/,6164391243,customerservice@joostmail.co,2018-08-06,12/26/2019,Yes,V,CBD,,,
Smokin' Bucks,1081 S I-75 Business Loop,,Grayling,MI,49738,US,,,,2019-11-17,6/3/2021,Yes,S,CBD,Yes,,
Burning Scent-Sations,8899 Peck Rd,,Greenville,MI,48838,US,,6162257000,,2018-11-21,11/21/2018,Yes,H,CBD,,,
Green Medicine Shop,500 N Lafayette St,,Greenville,MI,48838,US,https://www.thegreenmedicineshop.com/,6162322839,info@thegreenmedicineshop.com,2020-07-03,,Yes,C,CBD,,,
Simply CBD,226 S Lafayette St,,Greenville,MI,48838,US,,6168359420,,2021-01-04,,Yes,C,CBD,,,
Steaming Bull Vapors,701 S Greenville W Dr #15,,Greenville,MI,48838,US,,6168359025,,2019-10-20,,,V,,,,
Vaping Sensations,116 S Lafayette St,,Greenville,MI,48838,US,,6167126596,christina@vapingsensations.com,2015-02-21,2/17/2019,Yes,V,CBD,,,
Vapes On Pointe,18535 E Warren Ave,,Grosse Pointe,MI,48236,US,,5863290715,,2019-05-31,,,S,,,,
EZ Smoke Shop,3104 Caniff St,,Hamtramck,MI,48212,US,,3138183628,,2018-08-06,9/16/2019,,S,,,,
S&K Discount Smoker Outlet,9709 Joseph Campau Ave,,Hamtramck,MI,48212,US,,3138711928,,2022-04-01,4/1/2022,Yes,S,CBD,,,
Sunset Hookah,9240 Conant St,,Hamtramck,MI,48212,US,https://sunsethookah.com/,3138710555,,2022-03-17,3/17/2022,Yes,T,CBD,,,
Generation Vape,324 Quincy St,,Hancock,MI,49930,US,https://genvapor.business.site/,9062319154,,2019-04-16,,,V,,,,
Smokers Only,19532 Kelly Rd,,Harper Woods,MI,48225,US,,3138398396,,2019-11-16,,,S,,,,
Hirollers Tobacco,3061 N Clare Ave,,Harrison,MI,48625,US,,9895393839,,2020-08-15,,,S,,,,
Wild Bill's Tobacco,26180 Crocker Blvd,,Harrison Township,MI,48045,US,http://www.wildbillstobacco.com/,5864666116,help@wildbillstobacco.com,2018-10-25,2/25/2019,Yes,S,CBD,Yes,,
Joost Vapor,1450 W M 43 Hwy Ste 3,,Hastings,MI,49058,US,https://joostvapor.com/,2698043677,customerservice@joostvapor.com,2018-08-06,12/26/2019,,V,,,,
Smokey Mountain Tobacco 2,124 E State St,,Hastings,MI,49058,US,https://smokeymountaintobacco2.com/,2699454959,smthastings@gmail.com,2019-11-17,11/17/2019,Yes,S,CBD,,,
BDT Smoke Shops - Hazel Park,21640 John R Rd,,Hazel Park,MI,48030,US,,2485426110,info@bdtheadshops.com,2018-12-11,12/11/2018,,H,,Yes,,
Puffs Smoke & Vape,24059 Dequindre Rd,,Hazel Park,MI,48030,US,,2484147540,,2021-11-24,11/24/2021,Yes,S,CBD,Yes,,
Wild Bill's Tobacco,22832 John R Rd,,Hazel Park,MI,48030,US,http://www.wildbillstobacco.com/,2485442422,help@wildbillstobacco.com,2018-09-30,,Yes,T,CBD,Yes,,
Smokers Depot of Highland,2862 E Highland Rd,,Highland Charter Twp,MI,48356,US,https://smokers-depot-of-highland.business.site/,2488896159,smokersdepothighland@gmail.com,2019-11-17,,,S,,,,
Mr. Vapor,2946 E Highland Rd,,Highland Twp,MI,48356,US,http://mrvaporstore.com/,2487146672,info@mrvaporstore.com,2018-09-29,6/17/2019,,V,,,,
J.R. Smoke Shop and More,2928 W Carleton Rd,,Hillsdale,MI,49242,US,,5174377665,,2019-11-16,6/19/2021,Yes,S,CBD,,,
Admiral Discount Tobacco,65 Douglas Ave #7,,Holland,MI,49424,US,,6163949754,,2019-07-16,,,T,,,,
Admiral Discount Tobacco,1111 Washington Ave #B,,Holland,MI,49423,US,,6163552954,,2019-07-16,,,T,,,,
Deuce's Wild Smoke Shop,12059 Felch St Ste 420,,Holland,MI,49424,US,,2317204427,,2019-01-16,,,H,,,,
Joost Vapor,3006 W Shore Dr Ste 30,,Holland,MI,49424,US,https://joostvapor.com/,6166666369,customerservice@joostvapor.com,2018-08-06,12/26/2019,,V,,,,
Kalamazoo Vapor - Holland,12465 James St Ste 3,,Holland,MI,49424,US,https://kalamazoovaporshop.com/,6163777373,customerservice@kalamazoovaporshop.com,2018-08-06,6/11/2021,Yes,V,CBD,,,
Orange,321 Douglas Ave,,Holland,MI,49424,US,,6163550202,,2019-01-15,,,H,,,,
The CBD Store,280 N River Ave,,Holland,MI,49424,US,https://hiiacbdwater.com/,6163777959,sales@high-h2o.com,2020-12-19,,Yes,C,CBD,,,
Torched,587 E 8th St Ste 50,,Holland,MI,49423,US,https://buyamericanglass.com/,6167968669,torched-art-studio@live.com,2019-01-15,1/15/2019,Yes,H,CBD,,,
Wild Wild West Tobacco,520 Butternut Dr Ste 7,,Holland,MI,49424,US,https://www.wildwildwesttobacco.com/,6167968663,info@wildwildwesttobacco.com,2022-03-25,3/25/2022,,S,,,,
Y NOT CBD,11975 E Lakewood Blvd Ste 8,,Holland,MI,49424,US,https://www.ynotcbdmi.com/,6167968383,ynotcbdllc@gmail.com,2020-12-05,,Yes,C,CBD,,,
Wild Bill's Tobacco,15201 N Holly Rd,,Holly,MI,48442,US,http://www.wildbillstobacco.com/,2483288100,help@wildbillstobacco.com,2018-09-30,,Yes,T,CBD,Yes,,
906 Vapor,321 Shelden Ave,,Houghton,MI,49931,US,http://www.906vapor.com/,9065237008,906vapor@gmail.com,2014-09-21,4/16/2019,,V,,,,
H&H Fireworks,8979 W Houghton Lake Dr,,Houghton Lake,MI,48629,US,http://hifireworksmichigan.com,9893660126,hhfireworks@yahoo.com,2018-10-18,,,V,,,,
Moose Jooce North,9091 W Lake City Rd Ste F,,Houghton Lake,MI,48629,US,https://www.moosejooce.com/,9895442141,,2018-10-24,,Yes,V,CBD,,,
Northern Michigan Tobacco,3087 W Houghton Lake Dr Ste 2,,Houghton Lake,MI,48629,US,,9893667772,,2019-11-16,,Yes,S,CBD,,,
Howard City Liquor,214 Ensley St,,Howard City,MI,49329,US,,2319376770,howardcityliquor@gmail.com,2020-08-13,,,O,,,,
Inline Vape Howell,4689 E Grand River Ave,,Howell,MI,48843,US,http://www.inlinevape.com/,5175188547,info@inlinevape.com,2018-08-06,12/25/2019,,V,,,,
Mr. Vapor,3180 E Grand River Ave,,Howell,MI,48843,US,http://mrvaporstore.com/,5173766610,info@mrvaporstore.com,2018-09-29,11/16/2019,,V,,,,
Smoker's Depot Hartland,10051 E Highland Rd,,Howell,MI,48843,US,,8106324000,smokersdepotofhartland@gmail.com,2019-09-29,,,S,,,,
Smokers Depot,1508 Lawson Dr,,Howell,MI,48843,US,https://smokersdepot.net/,5175401243,,2018-11-02,,,S,,,,
Smokers Depot,1235 E Grand River Ave,,Howell,MI,48843,US,http://smokersdepot.homestead.com/,5175462646,smokersdepothowell@gmail.com,2019-01-15,,,S,,,,
Jolt Vapor,5654 Balsam Dr Ste 200,,Hudsonville,MI,49426,US,https://joltvapor.com/,6163088300,cam@joltvapor.com,2018-09-19,,,V,,,,
Smokers Palace,586 S Cedar St,,Imlay City,MI,48444,US,,8107240766,,2019-11-17,,Yes,T,CBD,,,
The Station,25940 Michigan Ave,,Inkster,MI,48141,US,,3135617969,,2018-10-26,,,H,,,,
Smokey Mountain Tobacco Plus,2991 S State Rd,,Ionia,MI,48846,US,,6165229070,,2018-11-01,,Yes,S,CBD,,,
Da Vape Escape,W8065 S US-2,,Iron Mountain,MI,49801,US,https://davapeescape.com/,9068281371,davapeescape@gmail.com,2014-09-26,2/17/2019,Yes,V,CBD,,,
Jayz Tobacco Outlet,1300 Carpenter Ave,,Iron Mountain,MI,49801,US,http://jayztobaccooutlet.webs.com/,9067799555,jayztobaccooutlet@gmail.com,2019-11-16,,Yes,S,CBD,Yes,,
Rustic Vapor,1045 Country Ln,,Ishpeming,MI,49849,US,https://www.rusticvapor.com/,9062042110,rusticvapor@gmail.com,2018-09-29,,Yes,V,CBD,,,
C K Barrymores Inc,140 N Mechanic St,,Jackson,MI,49201,US,http://www.ckbarrymores.com/,5177898487,posterboy@ckbarrymores.com,2019-06-13,6/13/2019,Yes,H,CBD,Yes,,
Corona Smoke Shop,305 N W Ave,,Jackson,MI,49201,US,http://coronasmokeshop.com/,5177821772,coronasmokeshop@gmail.com,2019-09-01,,,S,,,,
Smokin',2200 E Michigan Ave,,Jackson,MI,49202,US,,5179376677,,2019-11-17,,,S,,,,
Wild Bill's Tobacco,1131 Boardman Rd,,Jackson,MI,49202,US,http://www.wildbillstobacco.com/,5179625870,help@wildbillstobacco.com,2018-10-25,7/12/2020,Yes,S,CBD,Yes,,
Wild Bill's Tobacco,802 W Ganson St,,Jackson,MI,49202,US,https://www.wildbillstobacco.com/locations/wild-bills-of-jackson-2/,5174354070,,2020-07-12,7/16/2021,Yes,S,CBD,,,
The Cbd Store,401 Baldwin St,,Jenison,MI,49428,US,https://hiiacbdwater.com,6165912292,,2020-12-19,,Yes,C,CBD,,,
Wild Bill's Tobacco,308 Baldwin St,,Jenison,MI,49428,US,http://www.wildbillstobacco.com/,6166084471,,2019-09-19,9/19/2019,Yes,S,CBD,Yes,,
Heads Sup,437 W Crosstown Pkwy,,Kalamazoo,MI,49001,US,,2695989277,headssupllc@gmail.com,2018-08-14,2/10/2020,Yes,H,CBD,,,
Hometown Vapor,2339 Lake St,,Kalamazoo,MI,49048,US,http://www.hometownvapor.com/,2694598442,hometownvapor@gmail.com,2018-08-06,12/25/2019,Yes,V,CBD,,,
Kalamazoo Vapor - West Main,5041 W Main St,,Kalamazoo,MI,49009,US,https://kalamazoovaporshop.com/,2697436138,customerservice@kalamazoovaporshop.com,2018-08-06,12/27/2019,Yes,V,CBD,,,
Mad Over Vape & Smoke,2721 W Michigan Ave,,Kalamazoo,MI,49006,US,http://madovervr.business.site/,2694599949,,2018-08-06,6/11/2019,Yes,V,CBD,Yes,,
Mo's Glass Onion,1820 W Main St,,Kalamazoo,MI,49006,US,http://mosglassonion.com,2693731632,moglassonion@gmail.com,2018-12-16,,Yes,H,CBD,,,
Otter's Oasis Kalamazoo Smoke & Vapor Shop,2728 W Michigan Ave,,Kalamazoo,MI,49006,US,,2694926595,fleethenattack@gmail.com,2018-09-29,,,S,,,,
Premier Hemp Co.,500 W Crosstown Pkwy,,Kalamazoo,MI,49008,US,https://www.premierhempcompany.com/,8554208100,info@premierhempcompany.com,2021-02-09,,Yes,C,CBD,,,
Puff N' Stuff,824 S Westnedge Ave,,Kalamazoo,MI,49008,US,https://www.facebook.com/puffnstuffmi,2695321909,puffnstuffmi@live.com,2018-09-29,,,S,,,,
Smoke Hut,3020 Portage St,,Kalamazoo,MI,49001,US,,2698882400,,2019-07-19,,,S,,,,
The Tobacco Shoppe,1825 W Main St,,Kalamazoo,MI,49006,US,https://www.thetobaccoshoppeinc.com/,2693822700,,2018-09-29,,Yes,T,CBD,,,
The Tobacco Shoppe,4428 S Westnedge Ave,,Kalamazoo,MI,49008,US,https://www.thetobaccoshoppeinc.com/,2693435190,,2018-09-29,,,T,,,,
TreeHousse Vape & Smoke,4120 S Burdick St,,Kalamazoo,MI,49001,US,,2695991126,,2022-03-30,3/30/2022,Yes,V,CBD,,,
TreeHousse Vape & Smoke - Parkview Ave,2032 Parkview Ave,,Kalamazoo,MI,49008,US,,2697751321,,2022-03-30,3/30/2022,Yes,V,CBD,Yes,,
Wild Bill's Tobacco,4428 W Main St,,Kalamazoo,MI,49006,US,http://www.wildbillstobacco.com/,2694591411,help@wildbillstobacco.com,2018-09-30,,,T,,Yes,,
Wild Bill's Tobacco,5905 Gull Rd,,Kalamazoo,MI,49048,US,http://www.wildbillstobacco.com/,2694591274,help@wildbillstobacco.com,2018-09-30,,,T,,Yes,,
Wild Side Smoke Shop,2909 Howard St,,Kalamazoo,MI,49006,US,,2694591310,,2019-01-16,,Yes,H,CBD,Yes,,
Nature's Choice Glass Works & More,312 S Cedar St,,Kalkaska,MI,49646,US,https://www.natureschoiceglassworks.com/,2313846562,natureschoice348@gmail.com,2019-11-16,2/4/2020,Yes,H,CBD,Yes,,
US 131 Smoke Shop and Boutique,5830 US-131 N,,Kalkaska,MI,49646,US,,2314213430,,2020-07-02,,Yes,S,CBD,Yes,,
The Twisted Monkey,5522 Division Ave S,,Kentwood,MI,49548,US,http://www.thetwistedmonkey.com,6168816969,thetwistedmonkey@hotmail.com,2018-11-24,,,H,,,,
Moose Jooce LLC,8953 Lake Station Ave,,Lake,MI,48632,US,https://www.moosejooce.com/,9895442141,kimberlymanor@gmail.com,2018-10-16,10/16/2018,Yes,V,CBD,,,
Express Tobacco Vapor & Liqour Outlet,704 S Lapeer Rd,,Lake Orion,MI,48362,US,,2488140686,,2019-10-28,10/28/2019,Yes,S,CBD,Yes,,
Tobacco Gallery,185 N Park Blvd,,Lake Orion,MI,48362,US,https://thetobaccogallery.com/,2486936677,tobaccogallerylo@outlook.com,2020-07-06,,Yes,S,CBD,,,
Delta Wellness CBD Boutique,610 S Waverly Rd,,Lansing,MI,48917,US,https://deltawellnesscbd.com/,5175361558,contact@deltawellnesscbd.com,2020-12-20,,Yes,C,CBD,,,
Mr. Vapor,5031 S Cedar St,,Lansing,MI,48911,US,,5172035124,,2015-05-18,2/1/2019,,V,,,,
Nature's Kyoor,4218 W Saginaw Hwy Ste B,,Lansing,MI,48917,US,https://natureskyoor.com/,5179280053,info@natureskyoor.com,2021-03-04,,Yes,C,CBD,,,
Puff Puff Smoke Shop,5912 S Cedar St,,Lansing,MI,48911,US,,5177211990,,2019-11-16,,Yes,S,CBD,Yes,,
Su Casa Boutique,1041 N Cedar St,,Lansing,MI,48906,US,https://www.sucasaboutique.com/,5174879090,sucasajewelers@comcast.net,2018-11-25,,,H,,,,
Super Tobacco 2,6209 West Saginaw Hwy Ste C,,Lansing,MI,48917,US,https://www.supertobaccomi.com/,5179771096,supertobacco2@gmail.com,2020-12-26,,Yes,S,CBD,,,
The Haven Smoke Shop,5225 S Cedar St,,Lansing,MI,48911,US,http://thehavensmokeshop.com/,5179936494,thehavensmokeshop@yahoo.com,2018-08-14,2/10/2020,Yes,S,CBD,Yes,,
The Haven Smoke Shop,3205 W Saginaw St,,Lansing,MI,48917,US,http://thehavensmokeshop.com/,5179936494,thehavensmokeshop@yahoo.com,2018-08-14,2/10/2020,Yes,S,CBD,Yes,,
Wild Bill's Tobacco,4213 S Cedar St,,Lansing,MI,48910,US,http://www.wildbillstobacco.com/,5172720155,help@wildbillstobacco.com,2018-09-30,,Yes,T,CBD,,,
Wild Bill's Tobacco,5023 W Saginaw Hwy,,Lansing,MI,48917,US,http://www.wildbillstobacco.com/,5176791200,help@wildbillstobacco.com,2018-09-30,,Yes,T,CBD,Yes,,
Wild Bill's Tobacco,3020 E Saginaw St,,Lansing,MI,48912,US,http://www.wildbillstobacco.com/,5174832200,socialmedia@wildbillstobacco.com,2018-09-30,,Yes,T,CBD,Yes,,
Smokers Palace,1045 Summit Dr,,Lapeer,MI,48446,US,,8106642020,,2019-11-17,,,S,,,,
The Pipe Depot,1280 Imlay City Rd,,Lapeer,MI,48446,US,,8107287015,,2018-11-01,,,H,,,,
Amora Wellness & Gifts,65 3rd St Ste A,,Laurium,MI,49913,US,,9069345052,amorawellness@att.net,2020-11-17,11/17/2020,Yes,O,CBD,,,
The Haven Smoke Shop,112 S Main St,,Leslie,MI,49251,US,http://thehavensmokeshop.com/,5175899200,thehavensmokeshop@yahoo.com,2018-08-14,2/10/2020,Yes,S,CBD,Yes,,
585 Tobacco Boulevard,585 Southfield Rd,,Lincoln Park,MI,48146,US,https://585-tobacco.business.site/,3133897030,,2019-07-13,,,S,,,,
Anotha 1 Hookah 2,3466 Dix Hwy,,Lincoln Park,MI,48146,US,,3139144901,,2022-01-24,1/24/2022,,S,,,,
Cali Smokes Tobacco Vape & Glass Shop,1320 Dix Hwy,,Lincoln Park,MI,48146,US,https://shopcalismokes.com/,3134064538,,2022-02-28,2/28/2022,Yes,S,CBD,Yes,,
Highway 420 Smoke Shop,1480 Southfield Rd,,Lincoln Park,MI,48146,US,,3137037771,,2019-11-26,,Yes,S,CBD,Yes,,
Lincoln Park Smokers,1121 Southfield Rd,,Lincoln Park,MI,48146,US,,3133573719,,2021-03-16,,Yes,S,CBD,,,
20 After 4 Novelties And More,19622 Middlebelt Rd,,Livonia,MI,48152,US,https://20-after-four-novelties-and-more.business.site/,2489876233,twentyafterfour@yahoo.com,2018-10-23,,Yes,S,CBD,,,
The Smoke Shop,33463 W Seven Mile Rd,,Livonia,MI,48152,US,,2489874159,,2018-11-03,,Yes,S,CBD,Yes,,
Townhouse Cigar & Vapor - Livonia,16729 Middlebelt Rd,,Livonia,MI,48154,US,https://townhousecigar.com/,7345132622,hello@townhousecigar.com,2018-09-21,,,T,,,,
VIP Smoke & Vape,34375 Plymouth Rd,,Livonia,MI,48150,US,,7342660540,vipwholesalellc@gmail.com,2018-09-05,3/25/2022,Yes,S,CBD,Yes,,
Wild Bill's Tobacco,30989 5 Mile Rd,,Livonia,MI,48154,US,http://www.wildbillstobacco.com/,7347444760,help@wildbillstobacco.com,2018-09-30,,Yes,T,CBD,Yes,,
Wild Bill's Tobacco,19584 Middlebelt Rd,,Livonia,MI,48152,US,http://www.wildbillstobacco.com/,2489876880,help@wildbillstobacco.com,2018-09-30,,Yes,T,CBD,Yes,,
Wild Side Smoke Shop,29227 6 Mile Rd,,Livonia,MI,48152,US,,7348557023,,2022-01-27,1/27/2022,Yes,S,CBD,Yes,,
Joost Vapor,11635 Fulton St E,,Lowell,MI,49331,US,https://joostvapor.com/,6163195103,customerservice@joostvapor.com,2018-08-06,12/26/2019,,V,,,,
Nature Vaper,98 E Main St,,Lowell,MI,49331,US,https://www.facebook.com/naturevaper.lowell,6169871194,info@naturevaper.com,2014-09-01,11/12/2018,,V,,,,
AGS Something Different,103 S James St,,Ludington,MI,49431,US,,2314804472,sandrakessel@hotmail.com,2018-12-11,,Yes,H,CBD,Yes,,
E-Cig Outlet,5890 US-10,,Ludington,MI,49431,US,https://www.e-cigoutlet.net/,2314254318,e-cigoutlet@comcast.net,2018-10-21,10/21/2018,Yes,V,CBD,,,
Wild Bill's Tobacco,46874 Romeo Plank Rd,,Macomb,MI,48044,US,http://www.wildbillstobacco.com/,5862266300,help@wildbillstobacco.com,2018-10-25,10/25/2018,Yes,S,CBD,Yes,,
Vape Super Center Macomb,16540 21 Mile Rd,,Macomb Township,MI,48044,US,,5862624366,,2018-09-21,,,V,,,,
Smokers Planet,1495 W 14 Mile Rd,,Madison Heights,MI,48071,US,,2482915885,,2021-11-23,11/23/2021,,S,,,,
Wild Bill's Tobacco,160 W 12 Mile Rd,,Madison Heights,MI,48331,US,http://www.wildbillstobacco.com/,2484147007,help@wildbillstobacco.com,2018-09-30,,Yes,T,CBD,Yes,,
All Thingz Green,122 E Main St,,Manchester,MI,48158,US,https://www.allthingzgreen.com/,7343201939,sherry@allthingzgreen.com,2020-11-17,8/14/2021,Yes,C,CBD,,,
OHMen Vape Shop,378 River St,,Manistee,MI,49660,US,https://www.ohmenvapeshop.com/,2318874230,ohmenvape@gmail.com,2018-09-29,,,V,,,,
Surroundings Inc.,423 River St,,Manistee,MI,49660,US,,2317230637,,2019-10-23,,,T,,,,
Westside Tobacco & More,317 Deer St,,Manistique,MI,49854,US,,9063412024,,2019-09-23,,Yes,S,CBD,Yes,,
Jayz Tobacco Outlet,1015 N 3rd St,,Marquette,MI,49855,US,http://jayztobaccooutlet.webs.com/,9062257744,jayztobaccooutlet@gmail.com,2019-11-16,,Yes,S,CBD,Yes,,
Northern Lights Glass,415 N 3rd St,,Marquette,MI,49855,US,https://northern-lights-glass.business.site/,9062355403,northernlightsglass@gmail.com,2018-09-29,,Yes,H,CBD,,,
Rustic Vapor,1021 W Washington St Ste C,,Marquette,MI,49855,US,https://www.rusticvapor.com/,9062732082,rusticvapor@gmail.com,2018-09-30,,Yes,V,CBD,,,
Super Tobacco 3,843 W Michigan Ave,,Marshall,MI,49068,US,https://www.supertobaccomi.com/,2695584075,supertobacco3@gmail.com,2020-12-26,,Yes,S,CBD,,,
Marysville Smoke Shop,2870 Gratiot Blvd,,Marysville,MI,48040,US,,8108244954,marysvillesmokeshop420@gmail.com,2020-08-14,,Yes,S,CBD,Yes,,
American Smokers,18320 Allen Rd,,Melvindale,MI,48122,US,,3133832111,amsmokers12@gmail.com,2019-07-17,,,S,,,,
Smoker's Hut Shop & Vape,18623 Allen Rd,,Melvindale,MI,48122,US,,3133817210,,2019-11-16,11/16/2019,Yes,S,CBD,,,
Holy Smokes Menominee,180 1st St,,Menominee,MI,49858,US,,9067926024,holysmokesgb@yahoo.com,2021-02-06,,Yes,S,CBD,Yes,,
Jayz Tobacco Outlet,524 10th Ave,,Menominee,MI,49858,US,http://jayztobaccooutlet.webs.com/,9068631684,jayztobaccooutlet@gmail.com,2019-11-16,,Yes,S,CBD,Yes,,
S & K Smoke Shop,434 10th Ave,,Menominee,MI,49858,US,,9068638617,,2019-11-16,,Yes,S,CBD,,,
The Peace Pipe,4053 S Lapeer Rd Ste G,,Metamora,MI,48455,US,http://peacepipeshop.com,8106788788,peaccepipe705@att.net,2018-10-29,,,H,,,,
Smoke City,4546 Page Ave,,Michigan Center,MI,49254,US,http://www.smokecitymichigan.com/,5177489002,,2019-11-16,,Yes,S,CBD,Yes,,
A Clean Cloud,4955 Eastman Ave,,Midland,MI,48640,US,,9898355477,,2015-09-09,1/6/2021,,V,,,,
Billy's Tobacco Inc,314 S Saginaw Rd,,Midland,MI,48640,US,http://billystobacco.com,9896312931,,2018-10-14,,,T,,,,
Cig Free Vape Shop,417 S Saginaw Rd,,Midland,MI,48640,US,,9899480566,,2019-03-26,,,V,,,,
Craft Hemp Company,134 W Main St,,Midland,MI,48640,US,https://www.crafthempcompany.com/,9894868380,info@crafthempcompany.com,2020-12-18,12/18/2020,Yes,C,CBD,,,
The Smoke Shop,209 W Wackerly St,,Midland,MI,48640,US,,9894861878,,2019-10-31,10/31/2019,Yes,S,CBD,Yes,,
Wild Bill’s Tobacco,2018 N Saginaw Rd,,Midland,MI,48640,US,https://wildbillstobacco.com/locations/wild-bills-of-midland/,9894863848,feedback@wildbillstobacco.com,2022-01-27,1/27/2022,Yes,S,CBD,Yes,,
Smokes N Stuff,529B W Main St,,Milan,MI,48160,US,https://smokesnstuff.com/,7346287908,smokesnstuff734@gmail.com,2022-03-07,3/7/2022,Yes,S,CBD,Yes,,
Wild Bill's Tobacco,610 Highland Ave,,Milford,MI,49321,US,http://www.wildbillstobacco.com/,2487149654,help@wildbillstobacco.com,2018-10-25,2/25/2019,Yes,S,CBD,Yes,,
Ausable River Tobacco,202 E 9th St,,Mio,MI,48647,US,http://www.ausablerivertobacco.com/,9898268444,,2019-07-20,,,T,,,,
Hemp Angel Products,1381 E Hurd Rd,,Monroe,MI,48162,US,https://www.hempangelproducts.com/,7347555525,info@hempangelproducts.com,2021-01-24,,Yes,C,CBD,,,
Loonar Station - Monroe,524 N Telegraph Rd,,Monroe,MI,48162,US,http://www.loonarstation.com/,7346391553,,2018-11-02,,Yes,H,CBD,,,
Smokes N Stuff,1313 N Telegraph Rd,,Monroe,MI,48162,US,https://smokesnstuff.com/,7342413880,smokesnstuff734@gmail.com,2019-11-17,3/7/2022,Yes,S,CBD,Yes,,
Tobacco Town Vape & More,539 N Telegraph Rd,,Monroe,MI,48162,US,http://www.tobaccotownllc.com/,7342445316,sale@tobaccotown1.com,2018-09-30,5/9/2022,Yes,T,CBD,Yes,,
Vape Escape,2062 S Custer Rd,,Monroe,MI,48161,US,https://www.vapeescape.com/,7342404800,support@vapeescape.com,2018-09-30,9/25/2019,,V,,,,
Vapor Matrix Vape Shop,302 N Telegraph Rd,,Monroe,MI,48162,US,,7342246444,,2018-09-05,3/6/2020,Yes,V,CBD,,,
Wild Bill's Tobacco,2076 N Telegraph Rd,,Monroe,MI,48162,US,http://www.wildbillstobacco.com/,7346391977,,2018-08-20,4/28/2020,Yes,S,CBD,Yes,,
Sour Apple,1229 N Mission St,,Mount Pleasant,MI,48858,US,,9897721717,sourapplesmokeshop@gmail.com,2018-11-25,1/18/2020,Yes,H,CBD,,,
Vaped Ape Vapor Shop,1620 S Mission St Ste C,,Mount Pleasant,MI,48858,US,http://www.vapedapevapor.com/,9899445480,vapedapevaporshop@gmail.com,2018-09-05,3/6/2020,,V,,,,
Wild Side Smoke Shop,1218 S Mission St,,Mount Pleasant,MI,48858,US,,9893178316,,2019-01-16,,Yes,H,CBD,Yes,,
Heads Up Boutique Pipe Shop,50 New St,,Mt Clemens,MI,48043,US,,5864682294,,2019-11-16,11/16/2019,,H,,,,
Livity Rasta,299 Cass Ave,,Mt Clemens,MI,48043,US,,5863390754,livityrastasales@gmail.com,2021-03-19,,Yes,H,CBD,,,
The Smoke Shop of Mt. Morris,8005 N Dort Hwy,,Mt Morris,MI,48458,US,,8106860640,,2018-11-24,,,S,,,,
Billy's Tobacco Inc,1506 W High St,,Mt Pleasant,MI,48858,US,http://billystobacco.com,9894956009,billlystobacco@gmail.com,2018-10-14,10/14/2018,,T,,,,
Inline Vape of Mt Pleasant,1014 S Mission St,,Mt Pleasant,MI,48858,US,http://www.inlinevape.com/,9893178288,,2018-08-06,12/25/2019,Yes,S,CBD,,,
J Murray & Co.,706 E Broadway St,,Mt Pleasant,MI,48858,US,https://www.jmurrayandco.com/,9897737566,jmurray@jmurrayllc.com,2020-08-14,,,T,,,,
Wild Bill's Tobacco,100 S Mission St,,Mt. Pleasant,MI,48858,US,http://www.wildbillstobacco.com/,9897758536,help@wildbillstobacco.com,2018-09-30,,Yes,T,CBD,Yes,,
Wild Bill's Tobacco,2444 W Hill Rd,,Mundy Township,MI,48507,US,http://www.wildbillstobacco.com/,8102384441,help@wildbillstobacco.com,2018-09-30,,Yes,T,CBD,Yes,,
Dragon's Nest,223 E Superior St,,Munising,MI,49862,US,http://www.lakesuperiorsdragonsnest.com/,9063871125,lsdragonsnest@gmail.com,2019-08-24,,Yes,H,CBD,,,
3rd Base Smoke Shop,793 W Laketon Ave,,Muskegon,MI,49441,US,,2317227707,3rdbasesmokeshop@gmail.com,2015-09-14,10/12/2018,Yes,S,CBD,Yes,,
Admiral Discount Tobacco,1930 E Apple Ave #B,,Muskegon,MI,49442,US,,2317674720,,2019-07-16,,,T,,,,
Admiral Discount Tobacco,2695 Henry St #C,,Muskegon,MI,49441,US,,2317557316,,2019-07-16,,,T,,,,
E-Cig Outlet,1788 E Apple Ave Ste A,,Muskegon,MI,49442,US,https://e-cigoutlet.net/,2317668210,e-cigoutlet@comcast.net,2018-10-18,2/18/2019,Yes,V,CBD,,,
Insani -T's,2330 Henry St,,Muskegon,MI,49441,US,,2317596161,,2019-12-10,,,O,,,,
Lakeshore Vapors,1046 E Sternberg Rd,,Muskegon,MI,49444,US,https://lakeshorevapors.org/,2317479705,,2018-08-06,12/28/2019,Yes,V,CBD,Yes,,
Mr Vaper,1887 Holton Rd Ste G,,Muskegon,MI,49445,US,http://mrvaper-com.3dcartstores.com/,2317668316,,2018-09-29,,,V,,,,
Psycle Sam's Heady Glass,1865 Henry St Ste 3,,Muskegon,MI,49441,US,http://www.psyclesamsglass.com,2315710096,psyclesamsglass@gmail.com,2018-11-17,,Yes,H,CBD,,,
The Vapor Club,3115 Henry St,,Muskegon,MI,49441,US,,2318558273,,2018-09-21,,,V,,,,
West Side Smoke Shop,2211 E Apple Ave,,Muskegon,MI,49442,US,https://west-side-smoke-shop.business.site/,2313758700,westsidesmoke2@gmail.com,2018-08-20,2/18/2020,,S,,Yes,,
Wild Bills Tobacco,2745 Henry St,,Muskegon,MI,49441,US,http://www.wildbillstobacco.com/,2313755647,help@wildbillstobacco.com,2018-08-20,4/28/2020,Yes,S,CBD,Yes,,
Glass Garden,35213 23 Mile Rd,,New Baltimore,MI,48047,US,https://glass-gardens.business.site/,5863398672,glassgardensdk@gmail.com,2018-12-28,6/14/2019,Yes,S,CBD,Yes,,
Mother Earth Natural Health,59057 Gratiot Ave,,New Haven,MI,48048,US,http://www.motherearthnaturalhealth.com,8662444,motherearthnh@gmail.com,2018-11-02,4/10/2020,Yes,H,CBD,,,
Wild Bill's Tobacco,30436 Milford Rd,,New Hudson,MI,48165,US,http://www.wildbillstobacco.com/,2484462900,help@wildbillstobacco.com,2018-08-20,4/28/2020,Yes,S,CBD,Yes,,
Indian River Tobacco Traders,8235 Mason Dr Ste G,,Newaygo,MI,49337,US,https://www.indianrivertobacco.com,2316524500,info@irttsales.com,2018-10-22,,Yes,S,CBD,Yes,,
Another Birds Eye View,2714 S 11th St,,Niles,MI,49120,US,https://shopbirdseyeview.com/pages/home/1,2696874539,birdseyeview12@comcast.net,2018-06-08,10/13/2018,,S,,,,
Ecig-Works Niles,2436 S 11th St #B,,Niles,MI,49120,US,https://www.ecig-works.com/,5746077868,juicemafia@gmail.com,2018-08-06,1/13/2020,Yes,V,CBD,,,
Golden Glow CBD Wellness Center,1046 Bell Rd,,Niles,MI,49120,US,,5747031636,goldenglowglassandcanvas@gmail.com,2018-11-02,11/23/2019,Yes,C,CBD,,,
Juice Mafia,2436 S 11th St,,Niles,MI,49120,US,http://www.juicemafia.com/,5744858073,juicemafia@gmail.com,2019-11-16,,Yes,V,CBD,,,
Mister-E's Vape Shop,30 E Main St,,Niles,MI,49120,US,https://www.mister-e-liquid.com/mister-es-niles/,2695916990,customerservice@mister-e-liquid.com,2018-09-29,,,V,,,,
Wild Bill's Tobacco,2726 S 11th St,,Niles,MI,49120,US,https://wildbillstobacco.com/locations/wild-bills-of-niles/,2692624977,feedback@wildbillstobacco.com,2022-01-27,1/27/2022,Yes,S,CBD,Yes,,
A One Smoke Shop Inc,30680 Beck Rd,,Novi,MI,48377,US,,2486689208,,2019-07-14,,,S,,,,
Inline Vape Novi,25875 Novi Rd,,Novi,MI,48375,US,http://www.inlinevape.com/,2483082130,info@inlinevape.com,2018-08-06,12/25/2019,Yes,V,CBD,,,
Old West Tobacco,45029 W Pontiac Trail,,Novi,MI,48377,US,,2488594453,oldwesttobacco@yahoo.com,2019-05-05,5/5/2019,,S,,,,
Townhouse Cigar & Vapor - Novi,39877 Grand River Ave,,Novi,MI,48375,US,https://townhousecigar.com/,2484734485,hello@townhousecigar.com,2018-09-21,,,T,,,,
OP Hookah 2 Go,15401 W Nine Mile Rd,,Oak Park,MI,48237,US,,2489638843,,2021-02-15,,Yes,S,CBD,,,
Mister E's Vape Shop,1745 W Grand River Ave,,Okemos,MI,48864,US,https://www.mister-e-liquid.com/,5176790101,customerservice@mister-e-liquid.com,2018-09-13,11/16/2019,,V,,,,
The Smoke Shop,301 S State St,,Oscoda Twp,MI,48750,US,,9895693800,oscodasmokeshop@yahoo.com,2019-11-16,11/16/2019,Yes,S,CBD,Yes,,
Vienna Mini Mart,9515 E Vienna Rd,,Otisville,MI,48463,US,,8106316735,,2018-12-22,,,S,,,,
A Clean Cigarette,1700 E Main St,,Owosso,MI,48867,US,https://www.acleancigarette.com/,9897202244,,2015-09-09,2/15/2019,,V,,,,
Rolling Smokes,201 W Main St,,Owosso,MI,48867,US,,9897204488,,2019-11-16,,,T,,,,
The Tobacco Shoppe,1975 E Main St,,Owosso,MI,48867,US,https://www.thetobaccoshoppeinc.com/,9894724552,info@thetobaccoshoppeinc.com,2020-04-23,4/23/2020,Yes,S,CBD,,,
Wild Bill's Tobacco,1201 E M 21,,Owosso,MI,48867,US,http://www.wildbillstobacco.com/,9897250110,,2018-08-20,4/28/2020,Yes,S,CBD,Yes,,
Wild Bill's Tobacco,196 S Washington St,,Oxford,MI,48371,US,http://www.wildbillstobacco.com/,2489693780,help@wildbillstobacco.com,2018-10-25,10/25/2018,,S,,Yes,,
Deus Juice Vapor Shop,238 E Michigan Ave,,Paw Paw,MI,49079,US,,2693591113,deusjuice@gmail.com,2018-08-14,1/27/2019,,V,,,,
Pipe Dreams Tobacco,219 E Michigan Ave,,Paw Paw,MI,49079,US,http://pipedreamstobacco.com,2694150256,,2018-10-28,9/17/2020,Yes,S,CBD,,,
Grand Traverse Vapor,1143 N US-31,,Petoskey,MI,49770,US,,2316228386,eric@gtvapor.com,2014-09-30,11/16/2019,,V,,,,
Purely CBD Petoskey,310 Howard St,,Petoskey,MI,49770,US,https://www.purelycbd.net/,2317532900,petoskey@thepurelycbd.com,2020-11-05,,Yes,C,CBD,,,
Wild Wild West Tobacco III,207 W Mitchell St,,Petoskey,MI,49770,US,http://wildwildwesttobacco3.com/,2318819666,,2018-08-20,9/17/2019,Yes,S,CBD,Yes,,
Wild Bill's Tobacco,9682 Chilson Rd,,Pinckney,MI,48169,US,http://www.wildbillstobacco.com/,8102316700,help@wildbillstobacco.com,2018-09-30,,,T,,Yes,,
Wild Bill's Tobacco,406 Oaks Crossing,,Plainwell,MI,49080,US,https://wildbillstobacco.com/locations/wild-bills-tobacco/,2692251078,feedback@wildbillstobacco.com,2022-01-27,1/27/2022,Yes,S,CBD,Yes,,
Detroit Vapor Shop,640 Starkweather St,,Plymouth,MI,48170,US,,7347386343,,2018-06-24,4/6/2019,Yes,V,CBD,,,
Smokers Only,585 S Main St,,Plymouth,MI,48170,US,,7344535644,,2018-11-21,6/24/2019,,S,,,,
Smokers Way,15410 N Haggerty Rd,,Plymouth,MI,48170,US,,7344204500,,2019-11-17,,Yes,S,CBD,,,
Your CBD Store,467 Forest Ave,,Plymouth,MI,48170,US,https://cbdrx4u.com,7349273021,plymouth596@cbdrx4u.com,2020-12-06,,Yes,C,CBD,,,
Rush Tobacco,506 Telegraph Rd,,Pontiac,MI,48341,US,,9479990809,,2019-11-17,,Yes,S,CBD,Yes,,
SYKO Tobacco and Vapor Outlet,310 S Telegraph Rd,,Pontiac,MI,48341,US,https://syko-tobacco-vapor-outlet.business.site/,2489342940,lakeoriontlv@gmail.com,2019-11-17,11/17/2019,Yes,S,CBD,Yes,,
Clark's of Port Huron,1035 Lapeer Ave,,Port Huron,MI,48060,US,https://clark-of-port-huron-exxonmobil.business.site/,8109859520,,2020-08-13,8/14/2021,Yes,O,CBD,Yes,,
Mr. Vapor,2832 Pine Grove Ave,,Port Huron,MI,48060,US,,8109375749,socialmedia@wildbillstobacco.com,2014-10-09,2/14/2019,,V,,,,
Tobacco Outlet USA,1122 10th St,,Port Huron,MI,48060,US,,8109895901,,2020-07-14,,,S,,,,
Pure Tobacco Supplies,8318 Portage Rd,,Portage,MI,49002,US,,2693275808,,2020-08-15,,Yes,T,CBD,,,
TreeHousse Vape & Smoke - Center Ave,2044 W Centre Ave,,Portage,MI,49024,US,,2694432014,,2022-03-30,3/30/2022,Yes,V,CBD,Yes,,
Wild Bill's Tobacco,5226 S Westnedge Ave,,Portage,MI,49002,US,http://www.wildbillstobacco.com/,2694598570,help@wildbillstobacco.com,2018-09-30,,Yes,T,CBD,Yes,,
Puff & Stuff,2111 E Greenwood Rd,,Prescott,MI,48756,US,,9892961233,,2019-11-16,,,T,,,,
Puff Factory,15136 Inkster Rd,,Redford Twp,MI,48239,US,,3132553011,smokercastleredford@gmail.com,2018-08-14,11/12/2018,,H,,,,
Wild Bill's Tobacco,67145 Gratiot Ave,,Richmond,MI,48062,US,http://www.wildbillstobacco.com/,5864301374,help@wildbillstobacco.com,2018-09-30,,,T,,,,
Tobacco Town,17108 Fort St,,Riverview,MI,48193,US,http://tobaccotownlounge.business.site/,7342463460,,2018-09-21,,,T,,,,
Inline Vape Rochester,2076 Auburn Rd,,Rochester Hills,MI,48309,US,http://www.inlinevape.com/,2482891353,info@inlinevape.com,2018-08-06,12/25/2019,Yes,V,CBD,,,
Wild Bill's Tobacco,1416 Walton Blvd,,Rochester Hills,MI,48309,US,http://www.wildbillstobacco.com/,2486508026,help@wildbillstobacco.com,2018-09-30,,,T,,Yes,,
Cloud 9 Smoke Shop,4667 14 Mile Rd NE,,Rockford,MI,49341,US,,6166963347,,2018-11-24,8/26/2019,Yes,H,CBD,Yes,,
Rockford Hemp Company,43 E Bridge St NE,,Rockford,MI,49341,US,https://rockfordhemp.com/,6168840179,,2019-08-17,,Yes,C,CBD,,,
Wild Wild West Tobacco,400 E Division St Ste 2,,Rockford,MI,49341,US,https://www.wildwildwesttobacco.com/,6168845955,info@wildwildwesttobacco.com,2022-02-25,2/25/2022,Yes,S,CBD,Yes,,
Wild Wild West Tobacco,146 S 3rd St,,Rogers City,MI,49779,US,https://www.wildwildwesttobacco.com/,,info@wildwildwesttobacco.com,2021-10-10,10/10/2021,,T,,,,
Discount Tobacco,19176 Telegraph Rd,,Romulus,MI,48174,US,https://www.discount-tobacco.com/,7349922546,,2022-04-01,4/1/2022,,S,,,,
BDT Smoke Shops - Roseville,27419 Gratiot Ave,,Roseville,MI,48066,US,,5867765233,,2018-12-11,12/11/2018,,H,,Yes,,
Good Time Super Smoke Shop,27360 Gratiot Ave,,Roseville,MI,48066,US,https://goodtimesupersmokeshop.com/,5863438542,contact@goodtimesupersmokeshop.com,2018-12-28,2/1/2022,Yes,S,CBD,,,
Hurricane Vape,17728 Frazho Rd,,Roseville,MI,48066,US,,5868712022,hurricanesamir@gmail.com,2019-11-14,1/30/2020,Yes,V,CBD,Yes,,
Smokers Alley,27738 Gratiot Ave,,Roseville,MI,48066,US,http://www.smokersalleyroseville.com/,5864458010,smokersalley@live.com,2018-09-29,3/28/2020,Yes,S,CBD,Yes,,
Smokers Planet Tobacco,31060 Gratiot Ave,,Roseville,MI,48066,US,,5862851076,,2022-04-11,4/11/2022,Yes,S,CBD,,,
Smokin Bear Tobacco & Vape,16970 E 13 Mile Rd Ste E,,Roseville,MI,48066,US,,5868722165,,2018-09-29,,Yes,T,CBD,,,
The Road Show,28500 Gratiot Ave,,Roseville,MI,48066,US,,5867797623,info@theroadshowinc.com,2018-11-24,,,H,,,,
Wild Bill's Tobacco,18655 E 10 Mile Rd,,Roseville,MI,48066,US,http://www.wildbillstobacco.com/,5867723999,help@wildbillstobacco.com,2018-09-30,,,T,,Yes,,
Michigan Grow Supply,7669 S Michigan Ave,,Rothbury,MI,49452,US,https://michigangrowsupply.com/,7083076608,anna@michigangrowsupply.com,2019-11-04,,Yes,H,CBD,,,
Great Lakes CBD Oils and Creams,2530 Crooks Rd Suite 3,,Royal Oak,MI,48073,US,https://greatlakescbdoils.com/,2488043425,info@greatlakescbdoils.com,2021-01-14,,Yes,C,CBD,,,
Inline Vape of Royal Oak,30345 Woodward Ave,,Royal Oak,MI,48073,US,http://www.inlinevape.com/,2485565860,info@inlinevape.com,2018-08-06,12/25/2019,,V,,,,
Mother Earth Natural Health,32206 Woodward Ave,,Royal Oak,MI,48073,US,http://www.motherearthnaturalhealth.com,2482067476,motherearthnh@gmail.com,2020-01-26,4/10/2020,Yes,C,CBD,,,
Vape Hut,3311 Rochester Rd,,Royal Oak,MI,48073,US,,2484390494,vapehut248@gmail.com,2021-11-24,11/24/2021,Yes,V,CBD,Yes,,
Kalamazoo Vapor,3037 Bay Plaza Dr,,Saginaw,MI,48604,US,https://kalamazoovaporshop.com/,9894016939,customerservice@kalamazoovaporshop.com,2018-08-06,12/27/2019,Yes,V,CBD,,,
Smokeville,2060 N Center Rd,,Saginaw,MI,48603,US,,9893212702,,2019-05-17,,,S,,Yes,,
Tobacco & Vape,4040 Bay Rd,,Saginaw,MI,48603,US,,9894011887,,2018-09-29,,,T,,,,
Tobacco King,7397 Gratiot Rd,,Saginaw,MI,48609,US,,9894015204,,2019-12-14,12/14/2019,Yes,S,CBD,,,
Twisted House Of Glass,6342 Bay Rd,,Saginaw,MI,48604,US,http://www.twistedhog.com,9898947833,info@twistedhog.com,2019-04-13,,Yes,H,CBD,Yes,,
Ethereum Smoke Shop,521 E Michigan Ave,,Saline,MI,48176,US,,7349447147,,2022-02-01,2/1/2022,Yes,S,CBD,Yes,,
Puff Puff Smoke Shop,964 E Michigan Ave,,Saline,MI,48176,US,,7343162691,,2019-11-16,,Yes,S,CBD,Yes,,
Smokers Cove,462 Sanilac Rd,,Sandusky,MI,48471,US,,8106484351,,2019-11-17,,Yes,S,CBD,Yes,,
Tobacco Alley Too,2655 N Meridian Rd Ste 4,,Sanford,MI,48657,US,https://www.tobaccoalleytoo.com/,9896872200,,2019-12-06,12/6/2019,Yes,S,CBD,,,
Ozone of the North,214 Ashmun St,,Sault Sainte Marie,MI,49783,US,http://ozoneofthenorth.com,9062539466,,2018-12-12,,Yes,H,CBD,,,
Charcoal House,4011 Auburn Rd,,Shelby charter Township,MI,48317,US,,5868844781,,2021-11-03,11/3/2021,Yes,S,CBD,,,
Exhale Hookah And Vape Shop,2290 Auburn Rd,,Shelby Charter Township,MI,48317,US,,5864883503,,2018-08-06,1/13/2020,,V,,,,
Wildtree Smoke Shop,47056 Dequindre Rd,,Shelby Charter Township,MI,48317,US,https://www.smokeshoputica.com/,5868844719,,2018-08-20,2/18/2020,Yes,S,CBD,Yes,,
Woodstock Vape & Glass Gallery,46699 Van Dyke Ave,,Shelby Charter Township,MI,48317,US,https://www.woodstockvapeandglass.com/,5867310556,ddabish1015@yahoo.com,2018-08-20,2/18/2020,Yes,S,CBD,Yes,,
Blowing Hookah Supplies,49141 Schoenherr Rd,,Shelby Township,MI,48315,US,,5864881182,allennajar@yahoo.com,2022-02-07,2/7/2022,,T,,,,
Mother Earth Natural Health,47403 Van Dyke,,Shelby Township,MI,48317,US,http://www.motherearthnaturalhealth.com,5867994976,motherearthnh@gmail.com,2020-01-26,4/10/2020,Yes,C,CBD,,,
The Tobacco Shoppe,48561 Van Dyke Rd,,Shelby Township,MI,48317,US,http://thetobaccoshoppeinc.com/,5862624255,shelby@thetobaccoshoppeinc.com,2018-11-24,,,S,,,,
The Vapor Shoppe,55190 Van Dyke Ave,,Shelby Township,MI,48316,US,https://thevaporshoppeusa.com/,5862071089,support@vaporshoppeusa.com,2018-09-21,,,V,,,,
Wild Bill's Tobacco,49101 Van Dyke Ave,,Shelby Township,MI,48317,US,http://www.wildbillstobacco.com/,5867266676,help@wildbillstobacco.com,2018-10-25,2/25/2019,Yes,S,CBD,Yes,,
Renegade Vapor Company,1210 Phoenix St Ste 12,,South Haven,MI,49090,US,,2693326152,renegadevapor@gmail.com,2019-11-04,,Yes,V,CBD,Yes,,
Mr. Vapor,22452 Pontiac Trl,,South Lyon,MI,48178,US,http://mrvaporstore.com/,2487827717,info@mrvaporstore.com,2018-01-12,1/21/2019,Yes,V,CBD,,,
Breeze Tobacco & Hookah Shop,26064 W 12 Mile Rd,,Southfield,MI,48034,US,,2483276137,breezetobacco@gmail.com,2018-12-24,,,S,,Yes,,
Smokers Only,15560 W 12 Mile Rd,,Southfield,MI,48076,US,,2482813466,,2019-06-24,,Yes,S,CBD,Yes,,
Fresh Tobacco And Vape Shop,13363 Dix Toledo Rd,,Southgate,MI,48195,US,,7342469322,,2018-08-06,9/17/2019,Yes,S,CBD,Yes,,
My Relief Health CBD Store,19180 Eureka Rd,,Southgate,MI,48195,US,https://myreliefhealth.com/,7347858970,customerservice@myreliefhealth.com,2021-03-08,,Yes,C,CBD,,,
Puff Puff 2 Smoke Shop,16080 Eureka Rd,,Southgate,MI,48195,US,,7342462416,,2019-11-16,11/16/2019,,S,,Yes,,
Tobacco Stop,13568 Eureka Rd,,Southgate,MI,48195,US,,7342812972,,2019-11-17,,,T,,,,
Wild Bill's Tobacco,15200 Eureka Rd,,Southgate,MI,48195,US,http://www.wildbillstobacco.com/,7342883645,help@wildbillstobacco.com,2018-09-30,,,T,,Yes,,
Simply Wright,19088 174th Ave Ste A,,Spring Lake,MI,49456,US,,6167958141,,2019-11-16,11/16/2019,Yes,H,CBD,,,
Thumb Coast CBD,201 N Riverside Ave Ste D6,,St Clair,MI,48079,US,https://thumbcoastcbd.com/,8103284523,info@thumbcoastcbd.com,2020-12-08,,Yes,C,CBD,,,
Big Daddy Shop,31359 Harper Ave,,St Clair Shores,MI,48082,US,,5862933395,,2019-07-24,,,T,,,,
Inline Vape St. Clair Shores,22010 Harper Ave,,St Clair Shores,MI,48080,US,http://www.inlinevape.com/,5862986252,info@inlinevape.com,2018-08-06,12/25/2019,,V,,,,
Up N Smoke,28703 Harper Ave,,St Clair Shores,MI,48081,US,http://upnsmoke.business.site/,5868722754,,2019-10-17,,,S,,,,
Vape Supercenter St. Clair Shores,31394 Harper Ave,,St Clair Shores,MI,48082,US,,5868595755,,2018-09-05,3/6/2020,Yes,V,CBD,Yes,,
Vape & Smoke Stevensville,4080 Red Arrow Hwy,,St. Joseph,MI,49085,US,https://www.vapensmoke.com/,2692817411,info@vapensmoke.com,2018-08-06,4/15/2020,Yes,S,CBD,,,
Brothers Vape And Hookah Shop,4192 15 Mile Rd,,Sterling Heights,MI,48310,US,http://brothers-vape-and-hookah-shop.business.site/,5868836221,,2019-07-29,,,V,,,,
CJ's Smokers Shop,37899 Mound Rd,,Sterling Heights,MI,48310,US,,5867951338,,2019-07-30,,,T,,,,
Cloud 9 Hookah Shop,37164 Dequindre Rd,,Sterling Heights,MI,48310,US,,5867227709,cloud9hookahshop@yahoo.com,2021-11-05,11/5/2021,,S,,,,
Inhale Hookah and Vape Shop,11500 E 15 Mile Rd,,Sterling Heights,MI,48312,US,,5862722400,,2021-11-22,11/22/2021,,T,,,,
Mood Hookah Smoke Shop,36920 Ryan Rd,,Sterling Heights,MI,48310,US,,5869995555,,2021-11-11,11/11/2021,,T,,,,
Puff & Pass Hookah & Vape Shop,38916 Dequindre Rd,,Sterling Heights,MI,48310,US,,5867227516,,2019-05-07,,,V,,,,
Purely CBD - Sterling Heights,14420 15 Mile Rd,,Sterling Heights,MI,48312,US,https://www.purelycbd.net/,5866935139,info@holisticchoiceoils.com,2020-11-05,,Yes,C,CBD,,,
Smokers Den,42930 Schoenherr Rd,,Sterling Heights,MI,48313,US,,5865667300,densmokers@gmail.com,2021-11-20,11/20/2021,,S,,,,
Starbuzz Hookah & Tobacco,4086 17 Mile Rd,,Sterling Heights,MI,48310,US,,5868837674,,2019-10-19,,,T,,Yes,,
Sterling Tobacco Vape & Glass,13456 15 Mile Rd,,Sterling Heights,MI,48312,US,https://sterling-tobacco-vape-glass.business.site/,5868839812,,2019-06-24,,Yes,S,CBD,Yes,,
VIP Smoke and Vape,34714 Van Dyke Ave,,Sterling Heights,MI,48312,US,,5868837825,,2021-11-24,11/24/2021,,S,,Yes,,
Wild Bill's Tobacco,43089 Van Dyke Ave,,Sterling Heights,MI,48314,US,http://www.wildbillstobacco.com/,5869974030,help@wildbillstobacco.com,2018-09-30,,,T,,Yes,,
Wild Bill's Tobacco,1394 S Centerville Rd,,Sturgis,MI,49091,US,http://www.wildbillstobacco.com/,2695037304,help@wildbillstobacco.com,2018-09-30,,Yes,T,CBD,,,
Smokers Palace,9010 Miller Rd Unit D,,Swartz Creek,MI,48473,US,http://smokerspalace.business.site/,8106306423,smokerspalace9061@gmail.com,2019-11-17,11/17/2019,,S,,,,
Wild Bill's Tobacco,2540 Orchard Lake Rd,,Sylvan Lake,MI,48320,US,http://www.wildbillstobacco.com/,5172720155,help@wildbillstobacco.com,2018-09-30,,,T,,Yes,,
AAA Smokers Tobacco Inc,22318 Goddard Rd,,Taylor,MI,48180,US,,3132952015,,2020-08-15,,Yes,S,CBD,Yes,,
Boss Tobacco,7850 Telegraph Rd,,Taylor,MI,48180,US,,3135589075,,2018-10-15,,Yes,T,CBD,Yes,,
Chico's Smoke Shop,10900 Beech Daly Rd,,Taylor,MI,48180,US,,3132991599,,2019-08-05,,,S,,,,
Cloud Smoker,25821 Van Born Rd,,Taylor,MI,48180,US,,3132951400,,2022-03-08,3/8/2022,,S,,,,
Metro Vapor Plus,21216 Ecorse Rd,,Taylor,MI,48180,US,http://www.metrovaporplus.com/,3134008671,metrovaporplus@gmail.com,2014-09-01,2/1/2019,,V,,,,
Smokeshop & Vape Unlimited,21128 Ecorse Rd,,Taylor,MI,48180,US,https://smokeshop-vape-unlimited.business.site/,3133830686,,2019-05-17,,,S,,,,
Taylor Smoke & Vape,10263 Telegraph Rd,,Taylor,MI,48180,US,,3137224520,taylorsmokeandvape@gmail.com,2022-05-10,5/10/2022,Yes,S,CBD,Yes,,
Tobacco Palace,22515 Ecorse Rd,,Taylor,MI,48180,US,https://shoptobaccopalace.com/,3134365717,,2020-03-09,,Yes,S,CBD,Yes,,
Tobacco River,24074 Goddard Rd,,Taylor,MI,48180,US,,3132915922,,2022-05-10,5/10/2022,,T,,,,
Tobacco Zone,1414 W Chicago Blvd,,Tecumseh,MI,49286,US,,5174236800,,2020-02-06,,,T,,,,
Himalaya Vape,7350 Jackman Rd Ste B,,Temperance,MI,48182,US,,7342247009,himalayavape@bex.net,2015-08-09,2/2/2019,Yes,V,CBD,,,
Loonar Station,6656 Lewis Ave,,Temperance,MI,48182,US,http://www.loonarstation.com,4197201222,,2019-01-08,,Yes,H,CBD,,,
Wild Bill's Tobacco,749 S US-131,,Three Rivers,MI,49031,US,http://www.wildbillstobacco.com/,2692444444,help@wildbillstobacco.com,2018-09-30,,,T,,Yes,,
3 Doors Down,1990 US-31 Ste B,,Traverse City,MI,49686,US,http://www.3doorsdownheadshop.com/,2314219091,tera@3doorsdownheadshops.com,2018-12-21,7/13/2019,Yes,H,CBD,Yes,,
Admiral Discount Tobacco,744 Munson Ave,,Traverse City,MI,49686,US,,2319469312,,2019-07-16,,,T,,,,
Blue In The Face,136 E Front St,,Traverse City,MI,49684,US,,2319336151,,2018-08-14,2/10/2020,Yes,H,CBD,Yes,,
Grand Traverse Vapor,867 US-31 S,,Traverse City,MI,49685,US,https://www.gtvapor.com/,2319432111,eric@gtvapor.com,2014-09-30,5/14/2019,,V,,,,
Grand Traverse Vapor,1121 E 8th St,,Traverse City,MI,49686,US,https://www.gtvapor.com/,2319431288,tcnorth@gtvapor.com,2014-09-30,5/14/2019,,V,,,,
Illusions Smoke Shop,1329 W South Airport Rd,,Traverse City,MI,49686,US,,2314219494,illusionssmoke@yahoo.com,2018-12-28,,Yes,H,CBD,Yes,,
OHMen Vape Shop,1525 S Division St Ste 109,,Traverse City,MI,49684,US,https://www.ohmenvapeshop.com/,2316425373,ohmenvape@gmail.com,2018-09-29,,Yes,V,CBD,,,
Purely CBD - Traverse City,1112 E Front St,,Traverse City,MI,49686,US,https://www.purelycbd.net/,2314211070,traversecity@thepurelycbd.com,2020-11-06,,Yes,C,CBD,,,
R & S Tobacco Shop,299 US-31 S,,Traverse City,MI,49685,US,,2319434366,,2019-11-16,,,S,,,,
The Laughing Buddha,514 E Front St,,Traverse City,MI,49686,US,http://thelaughingbuddha.co/,2319431125,info@thelaughingbuddha.co,2018-11-24,,,S,,,,
Wild Wild West Tobacco,903 US-31,,Traverse City,MI,49685,US,https://www.wildwildwesttobacco.com/,2312524645,info@wildwildwesttobacco.com,2022-02-25,2/25/2022,Yes,S,CBD,Yes,,
Loonar Station,3951 West Rd,,Trenton,MI,48183,US,https://www.loonarstation.com/,7346921299,shepard@loonarstation.com,2018-08-06,3/19/2021,Yes,H,CBD,Yes,,
Smoker House,3100 Van Horn Rd,,Trenton,MI,48183,US,,7343628002,,2021-01-05,,Yes,S,CBD,Yes,,
The Vapor Shoppe,3299 Rochester Rd,,Troy,MI,48083,US,https://thevaporshoppeusa.com/,2484577400,support@vaporshoppeusa.com,2018-09-21,,Yes,V,CBD,,,
The Vapor Shoppe,1462 W Maple Rd,,Troy,MI,48084,US,https://thevaporshoppeusa.com/,2484804365,support@vaporshoppeusa.com,2018-09-21,,,V,,,,
The Vapor Shoppe,2899 E Big Beaver Rd,,Troy,MI,48083,US,https://thevaporshoppeusa.com/,2488172332,support@vaporshoppeusa.com,2018-09-21,,,V,,,,
Troy Smokers,186 W Maple Rd,,Troy,MI,48084,US,,2482442911,,2019-11-03,,,S,,,,
Vape Super Center Troy,6449 Rochester Rd,,Troy,MI,48045,US,https://www.vscstore.com/,2488176968,matt@vapesupercenter.com,2018-09-22,,Yes,V,CBD,,,
Wild Bill's Tobacco,5044 Rochester Rd,,Troy,MI,48085,US,http://www.wildbillstobacco.com/,2485288018,help@wildbillstobacco.com,2018-10-25,11/13/2018,,S,,Yes,,
BDT Smoke Shops - Utica,7770 Auburn Rd,,Utica,MI,48317,US,,5865803429,,2019-07-22,7/22/2019,Yes,H,CBD,Yes,,
Haze Tobacco & Vape Shop,45520 Van Dyke Ave,,Utica,MI,48317,US,,5867315005,,2021-01-22,,Yes,S,CBD,Yes,,
Inline Vape Utica,45579 Mound Rd,,Utica,MI,48317,US,http://www.inlinevape.com/,5865803510,info@inlinevape.com,2018-08-06,12/25/2019,Yes,S,CBD,,,
Al's Smoke Shop,10808 Belleville Rd,,Van Buren Charter Township,MI,48111,US,,7346975374,,2018-06-08,10/12/2018,,S,,,,
Vape & Smoke Kalamazoo,3717 Westnedge Ave,,Vape & Smoke Kalamazoo,MI,49008,US,https://www.vapensmoke.com/,2698882524,info@vapensmoke.com,2018-08-06,12/15/2018,,V,,Yes,,
Townhouse Cigar & Vapor - Clarkston,6684 Dixie Hwy,,Village of Clarkston,MI,48346,US,https://townhousecigar.com/,2486207177,hello@townhousecigar.com,2018-09-21,,,T,,,,
Joost Vapor,2200 Alpine Ave NW,,Walker,MI,49544,US,https://joostvapor.com/,6162581384,customerservice@joostvapor.com,2018-05-30,6/18/2019,,V,,,,
Joost Vapor,4515 Lake Michigan Dr,,Walker,MI,49534,US,https://joostvapor.com/,6162781104,customerservice@joostvapor.com,2018-05-30,12/26/2019,,V,,,,
Green Dr. CBD,105 Liberty St,,Walled Lake,MI,48390,US,https://greendrcbd.com/,2486588266,kmechigian96@gmail.com,2021-01-16,,Yes,C,CBD,,,
Wild Bill's Tobacco,1148 E West Maple Rd,,Walled Lake,MI,48390,US,http://www.wildbillstobacco.com/,2489269266,help@wildbillstobacco.com,2018-09-30,,,T,,Yes,,
Wixom Smokers Club,47418 W Pontiac Trail,,Walled Lake,MI,48390,US,,2486689100,,2019-09-10,9/10/2019,,S,,Yes,,
Abe's Tobacco,13770 E 12 Mile Rd,,Warren,MI,48088,US,,5863628404,,2018-06-29,10/12/2018,,T,,,,
Dank Shop Smoke & Vape Supply,23250 Sherwood Ave,,Warren,MI,48091,US,https://dankshop.com/,8882240965,info@dankshop.com,2019-04-03,,Yes,S,CBD,,,
Drip Vape & Smoke,32812 Ryan Rd,,Warren,MI,48092,US,,5868836960,,2020-03-06,3/6/2020,Yes,S,CBD,,,
Hoover Tobacco,26125 Hoover Rd,,Warren,MI,48089,US,,5867556344,,2019-11-16,11/16/2019,,S,,,,
Inhale Hookah and Vape Shop,30760 Ryan Rd,,Warren,MI,48092,US,,5863935816,,2019-04-26,,,V,,,,
J & W Smoke Shop,7525 E 9 Mile Rd,,Warren,MI,48091,US,,5867584126,,2018-08-06,12/10/2019,,S,,,,
Ryan Tobacco,22870 Ryan Rd,,Warren,MI,48092,US,,5867575188,,2019-10-24,,,T,,,,
Smoke-N-More,21433 Schoenherr Rd,,Warren,MI,48089,US,,5867788202,,2019-11-16,,,S,,Yes,,
Smokers Alley Warren,27209 Van Dyke Ave Ste B,,Warren,MI,48093,US,https://www.smokersalleywarren.com/,5864865089,smokersalley@live.com,2021-11-20,11/20/2021,Yes,S,CBD,Yes,,
Vapors Outlet,27175 Van Dyke Ave,,Warren,MI,48093,US,,5866199396,vaporsoutlet1@gmail.com,2018-08-20,2/18/2020,Yes,V,CBD,,,
Wild Bill's Tobacco,5733 E 12 Mile Rd,,Warren,MI,48092,US,http://www.wildbillstobacco.com/,5865730555,help@wildbillstobacco.com,2018-09-30,,,T,,Yes,,
Wild Bill's Tobacco,11491 E 13 Mile Rd,,Warren,MI,48093,US,http://www.wildbillstobacco.com/,5867950117,help@wildbillstobacco.com,2018-09-30,,,T,,Yes,,
Wild Bill's Tobacco,31900 Ryan Road,,Warren,MI,48092,US,http://www.wildbillstobacco.com/,5869833777,help@wildbillstobacco.com,2018-09-30,,,T,,Yes,,
Tobacco Village,66144 Van Dyke Rd,,Washington,MI,48095,US,,5863360340,,2020-02-19,,Yes,S,CBD,Yes,,
3 Doors Down,5326 Dixie Hwy,,Waterford,MI,48329,US,http://www.3doorsdownheadshop.com,2486183554,info3doorsdown@gmail.com,2018-12-23,12/23/2018,Yes,H,CBD,Yes,,
DIY Vapor Supply,2571 Dixie Hwy,,Waterford,MI,48328,US,https://www.diyvaporsupply.com/,2485582002,info@diyvaporsupply.com,2014-09-21,4/6/2019,,V,,,,
The Smoke Shoppe,7938 Cooley Lake Rd Ste 100E,,Waterford,MI,48327,US,,2483634844,,2019-11-01,,,S,,,,
Wild Bill's Tobacco,5150 Highland Rd,,Waterford,MI,48329,US,http://www.wildbillstobacco.com/,2486744880,help@wildbillstobacco.com,2018-09-30,,,T,,Yes,,
Wild Bill's Tobacco,4227 Highland Rd,,Waterford,MI,48328,US,http://www.wildbillstobacco.com/,2483093664,help@wildbillstobacco.com,2018-09-30,,,T,,Yes,,
Waterford Glass & Vape,3579 Pontiac Lake Rd,,Waterford Township,MI,48328,US,https://www.vapeshopwaterfordtownship.com/,2484997438,,2022-03-25,3/25/2022,Yes,V,CBD,Yes,,
Wild Bill's Tobacco,5623 Dixie Hwy,,Waterford Township,MI,48329,US,http://www.wildbillstobacco.com/,2484616578,help@wildbillstobacco.com,2018-09-30,,,T,,Yes,,
Glass House Vape & Smoke Shop,3424 Highland Rd,,Waterford Twp,MI,48328,US,http://www.glasshousesmokeshop.com/,2482217337,glasshousesmokeshop02@gmail.com,2018-08-06,9/18/2019,Yes,H,CBD,Yes,,
Marlan's Miracles CBD Store,967 W Huron St,,Waterford Twp,MI,48328,US,https://marlansmiracles.com/,8886600383,info@marlansmiracles.com,2021-03-17,,Yes,C,CBD,,,
Sweet Leaf Glass,203 Clark St,,Wayland,MI,49348,US,,2693971515,sweetleafglassllc@gmail.com,2019-01-15,3/2/2020,Yes,H,CBD,,,
Save More Tobacco Store,136 S 5th St,,West Branch,MI,48661,US,,9897012500,savemoretobacco@yahoo.com,2019-11-16,11/16/2019,Yes,S,CBD,Yes,,
Tobacco Alley,514 E Houghton Ave,,West Branch,MI,48661,US,http://www.tobaccoalleywestbranch.com/,9893439720,,2020-05-26,,,S,,,,
City Smoker,240 N Wayne Rd,,Westland,MI,48185,US,,7347270403,,2019-08-28,,,S,,Yes,,
Just Vapors,1115 S Wayne Rd,,Westland,MI,48186,US,http://www.just-vapors.com/,7343312057,justvapors1163@gmail.com,2014-10-07,2/14/2019,,V,,,,
Metro Smokers & Vape Center,8155 N Middlebelt Rd,,Westland,MI,48185,US,http://www.metrosmokersshop.com/,7342667008,saifnajjar1@gmail.com,2018-08-06,5/16/2019,Yes,S,CBD,Yes,,
Podz Cloudz and Coffee,35672 Warren Rd,,Westland,MI,48185,US,,7347623215,lpatton55@att.net,2020-03-06,,,V,,,,
Pure High 420,38970 Cherry Hill Rd,,Westland,MI,48185,US,,7344101290,mipurehigh420@gmail.com,2021-02-09,2/9/2021,Yes,C,CBD,,,
Tobacco Plus Vape Shop,1643 S Merriman Rd,,Westland,MI,48186,US,,7346414184,,2018-09-21,,,S,,,,
Western Tobacco,7349 Middlebelt Rd,,Westland,MI,48185,US,https://www.westerntobacco.com/,7342663677,,2018-08-20,2/24/2022,Yes,S,CBD,Yes,,
Wild Bill's Tobacco,35501 Ford Rd,,Westland,MI,48185,US,http://www.wildbillstobacco.com/,7348958041,help@wildbillstobacco.com,2018-09-30,,,T,,Yes,,
Woodstock Tobacco & Vape,8296 N Merriman Rd,,Westland,MI,48185,US,https://woodstocktobacco.business.site/,7349566029,,2018-10-29,6/7/2019,Yes,S,CBD,,,
White Cloud Tobacco,107 S Charles St,,White Cloud,MI,49349,US,,2316890693,whitecloudtobacco2017@gmail.com,2019-09-22,,,S,,,,
Torch Tobacco,9278 Highland Rd #5,,White Lake,MI,48386,US,,2487797534,torchtobaccowlake@gmail.com,2020-08-15,,Yes,S,CBD,Yes,,
Wild Wild West Tobacco II,5778 US-31,,Williamsburg,MI,49690,US,http://wildwildwesttobacco.com/,2312524400,,2018-08-20,9/17/2019,Yes,S,CBD,Yes,,
Wild Bill's Tobacco,19430 West Rd,,Woodhaven,MI,48183,US,,7343013243,feedback@wildbillstobacco.com,2022-02-24,3/25/2022,Yes,S,CBD,,,
Breathe Vape Lounge,2934 Biddle Ave,,Wyandotte,MI,48192,US,http://www.breathevapelounge.com,7349990560,breathevapelounge@gmail.com,2018-06-14,6/26/2019,Yes,V,CBD,,,
Kemos Tobacco & More Inc.,888 Ford Ave,,Wyandotte,MI,48192,US,,7342844860,,2019-11-16,,,S,,,,
New Generation Boutique,3333 Fort St,,Wyandotte,MI,48192,US,,7342855638,,2018-09-29,,,H,,,,
Puff Danny's Glass Boutique,3383 Fort St,,Wyandotte,MI,48192,US,,7342843211,,2018-11-06,,,H,,,,
Vape Hut Kratom CBD,2331 Eureka Rd,,Wyandotte,MI,48192,US,,7343097043,,2020-12-13,,Yes,V,CBD,Yes,,
Wyandotte Tobacco,326 Eureka Rd,,Wyandotte,MI,48192,US,,7344077781,,2022-02-25,2/25/2022,Yes,S,CBD,Yes,,
Doctor E Cigarettes,5021 Division Ave S,,Wyoming,MI,49548,US,http://drecigarettesmi.com/,6165318200,mdw3434@gmail.com,2018-10-21,,Yes,V,CBD,,,
Indian River Tobacco Traders,608 28th St SW Ste C,,Wyoming,MI,49509,US,http://www.indianrivertobacco.com/,6162493999,tristan@irttsales.com,2019-11-16,11/16/2019,Yes,T,CBD,,,
Purple Haze,800 28th St SW,,Wyoming,MI,49509,US,http://purplehazewyoming@hotmail.com,6162147149,,2019-11-16,11/16/2019,Yes,S,CBD,Yes,,
The Tobacco Shoppe of Wyoming,1820 28th St SW,,Wyoming,MI,49519,US,http://www.thetobaccoshoppeinc.com/,6162883903,info@thetobaccoshoppeinc.com,2020-04-24,,,S,,,,
Vapejoose,1021 28th St SW,,Wyoming,MI,49509,US,https://www.vapejoose.com/,6162174785,hello@vapejoose.com,2018-09-30,11/16/2019,Yes,V,CBD,Yes,,
Wild Bill's Tobacco,1633 28th St,,Wyoming,MI,49519,US,https://wildbillstobacco.com/,6168054817,feedback@wildbillstobacco.com,2022-02-24,3/16/2022,Yes,S,CBD,,,
Ace Vapors,1514 Washtenaw Ave,,Ypsilanti,MI,48197,US,,7349457121,,2018-06-08,6/21/2019,,V,,,,
Redwood Empire MI,101 W Michigan Ave,,Ypsilanti,MI,48197,US,,7343403422,,2019-04-26,5/15/2019,,V,,,,
Smoker's World Inc.,3644 Carpenter Rd,,Ypsilanti,MI,48197,US,http://smokersworldinc.com/,7344364387,,2018-09-29,,Yes,S,CBD,,,
Smokers Express,1799 Washtenaw Ave,,Ypsilanti,MI,48197,US,,7344809632,,2019-11-17,11/17/2019,,T,,,,
Smokey Smokes,1870 Whittaker Rd,,Ypsilanti,MI,48197,US,,7344809606,,2019-10-08,,,S,,,,
The Elevation Station,9 S Washington St,,Ypsilanti,MI,48197,US,https://www.elevationstationypsi.com/,7348790970,elevationypsi@gmail.com,2019-10-29,,Yes,C,CBD,,,
Washtenaw Liquor Store And Vape Shop,1519 Washtenaw Rd,,Ypsilanti,MI,48197,US,,7344801010,,2018-08-20,2/18/2020,,V,,Yes,,
Wild Bill's Tobacco,2995 Washtenaw Ave,,Ypsilanti,MI,48197,US,http://www.wildbillstobacco.com/,7345725711,help@wildbillstobacco.com,2018-09-30,,,T,,Yes,,
Wild Side Smoke Shop,1082 N Huron River Dr,,Ypsilanti,MI,48197,US,,7345475832,,2022-01-27,1/27/2022,Yes,S,CBD,Yes,,