Shop Name,Address 1,Address 2,City,State/Province,Zip/Postcode,Country,Website,Phone,Email,Added,Updated,CBD,Biz Type,MJ,Kratom,Buyer name ,Title 
Huny-B,402 Main St,,Arkadelphia,AR,71923,US,https://huny-b.com/,8702606981,info@huny-b.com,2021-02-09,,Yes,C,CBD,,,
Tobacco Outlet of Arkadelphia,107 S 26th St,,Arkadelphia,AR,71923,US,,8702452213,,2019-10-31,,Yes,T,CBD,,,
Tobacco World,2400 Pine St #980,,Arkadelphia,AR,71923,US,,5017572223,,2021-10-23,,Yes,T,CBD,,,
Vape City,2905 Pine St,,Arkadelphia,AR,71923,US,,5013212021,ecell02@yahoo.com,2019-05-09,,Yes,V,CBD,,,
Tobacco Town,903 N Church St,,Atkins,AR,72823,US,,4796411087,,2020-02-28,2020-02-28,,T,,,,
Up In Smoke Tobacco Store,3053 AR-367,,Austin,AR,72007,US,,5012866051,,2019-10-17,,Yes,S,CBD,,,
Tobacco SuperStore,2700 AR-367,,Bald Knob,AR,72010,US,http://tobaccosuper.com/,5017246212,,2020-03-01,,Yes,T,CBD,,,
1-Stop Tobacco Shop,650 Lawrence St,,Batesville,AR,72501,US,,8703070764,facebook@1stoptobacco.com,2019-07-12,,,T,,,,
Smokes Tobacco Warehouse #7,2285 Harrison St,,Batesville,AR,72501,US,,8709552066,,2020-01-13,2021-07-14,Yes,T,CBD,,,
Vapor Maven,13 Eagle Mountain Blvd,,Batesville,AR,72501,US,,8705698190,,2019-09-24,2019-09-25,Yes,V,CBD,,,
Alford Tobacco,1400 W Dewitt Henry Dr,,Beebe,AR,72012,US,,5018823321,,2018-06-09,2018-10-12,,T,,,,
Vapor Maven,1910 W Dewitt Henry Dr,,Beebe,AR,72012,US,https://www.vapormaven.com/,5012329591,vapormaven@gmail.com,2018-01-10,2019-01-21,Yes,V,CBD,,,
CBD of Bella Vista,3401 Bella Vista Way,,Bella Vista,AR,72714,US,,2282387573,rich@richwilens.com,2020-11-27,,Yes,C,CBD,,,
Tobacco Mart 2,1024 Military Rd,,Benton,AR,72015,US,,5017784850,,2020-07-13,,Yes,S,CBD,,,
Tobacco SuperStore,1201 Military Rd #4,,Benton,AR,72015,US,https://tobaccosuper.com/main/,5017761100,,2018-08-06,2019-12-10,Yes,T,CBD,,,
Vapor Stop,1016 Military Rd,,Benton,AR,72015,US,https://www.vaporstop.com/,5018606101,,2018-08-06,2020-01-08,Yes,V,CBD,,,
Vapor World Benton,1205 Military Rd Ste C,,Benton,AR,72015,US,http://vaporworldcentralark.com/,5013164048,vaporworldlittlerock@gmail.com,2018-08-06,2020-01-09,Yes,V,CBD,,,
Wonderland,2124 Military Rd Ste B,,Benton,AR,72015,US,https://wonderlandbenton.business.site/,5015756266,,2021-10-22,,,S,,,,
CBD Plus USA - Bentonville,1001 SW Regional Airport Blvd Ste 5,,Bentonville,AR,72712,US,https://cbdplususa.com/,83342237580200,,2019-08-14,,Yes,C,CBD,,,
Lit Premium Smoking Supplies,1200 SE 14th St Ste 4,,Bentonville,AR,72712,US,https://www.litsmokingsupplies.com/,4793640074,litsmokingsupplies@gmail.com,2021-03-18,,Yes,S,CBD,,,
Purely Natural CBD,1406 S Walton Blvd Ste 6,,Bentonville,AR,72712,US,https://purelynaturalonline.com/,4795537024,purelynaturalcbd@gmail.com,2021-02-05,2021-02-05,Yes,C,CBD,,,
Smooth Vapes,1406 S Walton Blvd Ste 15,,Bentonville,AR,72712,US,http://www.smooth-vapes.com/,4792685700,smoothvapes@gmail.com,2018-08-06,2020-01-01,Yes,V,CBD,,,
Vapor World - Bentonville,100 SW 14th St,,Bentonville,AR,72712,US,http://www.vaporworldstore.com/,4795537979,info@vaporworldstore.com,2019-10-02,,Yes,V,CBD,,,
Tobacco Outlet,310 S Main St #A,,Berryville,AR,72616,US,,8704234333,,2020-07-14,,Yes,S,CBD,,,
Vapor Maven,928 W Trimble Ave Ste C1,,Berryville,AR,72616,US,https://vapormaven.com,8705052049,,2020-12-13,,Yes,V,CBD,,,
Blytheville Tobacco,1021 E Main St,,Blytheville,AR,72315,US,,8708388248,,2019-11-06,,,T,,,,
Chuckin' Clouds Vape Lounge,825 E Main St Ste J,,Blytheville,AR,72315,US,https://www.chuckinclouds.com/,8702785390,,2018-08-06,2020-01-12,Yes,V,CBD,,,
J & J Discount Tobacco Shop,330 E Main St,,Booneville,AR,72927,US,,4796753047,,2019-12-12,,,T,,,,
Henard 1 Stop Tobacco Shop,1215 N Main St,,Brinkley,AR,72021,US,,8707342378,,2019-12-08,,Yes,T,CBD,,,
Emerald's Triangle,11131 US-49 Unit 1,,Brookland,AR,72417,US,https://www.emeralds-triangle.com/,8707618422,info@shamansreach.com,2018-08-06,2019-09-16,Yes,H,CBD,,,
All-In Vapors,6221 AR-5 Ste 1,,Bryant,AR,72022,US,https://www.facebook.com/allin.vapors/,5018473211,allinvapors@att.net,2018-06-09,2019-03-12,,V,,,,
Serenity Vapes,3116 Horizon Dr,,Bryant,AR,72022,US,,5018470088,serenityvapes123@yahoo.com,2018-08-06,2020-01-01,Yes,V,CBD,,,
Tobacco Shack,1800 N Reynolds Rd #2,,Bryant,AR,72022,US,,5018473522,,2020-04-28,,,T,,,,
Vapor World + CBD Bryant,5313 AR-5 Ste 330,,Bryant,AR,72022,US,http://vaporworldcentralark.com/,5012130336,vaporworldlittlerock@gmail.com,2018-08-07,2020-01-22,Yes,V,CBD,,,
Alford Tobacco Store,521 W Main St #A,,Cabot,AR,72023,US,,5019413179,,2018-07-24,2019-05-17,,T,,,,
Bad Boyz Vaporz,521 W Main St Ste B,,Cabot,AR,72023,US,https://badboyzvaporz.com/ageverify,5019413510,,2018-06-09,2019-06-21,,V,,,,
Drippers Vape Shop - Cabot,1435 S Pine St,,Cabot,AR,72023,US,http://drippersvapeshop.com/,5012866068,drippersvapeshop@gmail.com,2018-01-10,2019-02-01,Yes,V,CBD,,,
One Stop Tobacco Shop,1423 S 2nd St,,Cabot,AR,72023,US,,5019413617,,2020-02-01,2020-02-01,Yes,S,CBD,,,
The CBD Store at Cabot,10721 AR-5,,Cabot,AR,72023,US,,5016056701,cbdorganiks@gmail.com,2020-12-19,,Yes,C,CBD,,,
Vmart,3052 S 2nd St,,Cabot,AR,72023,US,,5014226666,,2021-10-23,,,O,,,,
Willy's Vapor Cafe,2051 W Main St Ste B,,Cabot,AR,72023,US,,5013391648,,2018-08-06,2019-09-15,,V,,,,
Fairview Tobacco Warehouse,1085 Fairview Rd SW #6434,,Camden,AR,71701,US,https://fairview-tobacco-wearhouse.business.site/,8704544455,,2021-01-02,2021-01-02,Yes,S,CBD,,,
High Notes,113 Garden Oaks Dr,,Camden,AR,71701,US,,8708187881,highnoteshemp@gmail.com,2022-02-07,2022-02-07,Yes,C,CBD,,,
Starfire Studio Glass,972 W Washington St,,Camden,AR,71701,US,,8703123869,,2018-11-17,2019-02-01,Yes,H,CBD,,,
The Vapor Shop,220 Garden Oaks Dr SW,,Camden,AR,71701,US,https://www.thevaporshopar.com/,8708364513,,2018-09-28,2019-11-03,Yes,V,CBD,,,
Tobacco Station USA,100 Garden Oaks Dr SW,,Camden,AR,71701,US,http://tobacco-station-usa.business.site/,8708371011,,2020-02-28,,,T,,,,
Tobacco SuperStore,940 Cash Rd SW,,Camden,AR,71701,US,https://tobaccosuper.com/main/,8708371699,,2018-08-06,2019-12-10,Yes,T,CBD,,,
Tobacco Superstore,203 N Court St,,Carlisle,AR,72024,US,http://tobaccosuper.com/,8705529215,,2020-03-02,,,T,,,,
Happy Daze,421 W Centerton Blvd,,Centerton,AR,72719,US,,4792244546,happydazenwa@yahoo.com,2018-11-02,,Yes,H,CBD,,,
Tobacco Outlet,506 S Crawford St,,Clarksville,AR,72830,US,,4797547074,,2019-11-29,,,T,,,,
Tobacco Town Clarksville,211 S Rogers St,,Clarksville,AR,72830,US,,4797050688,,2020-02-28,,Yes,T,CBD,,,
Vapor Maven Clarksville,1229 Market St,,Clarksville,AR,72830,US,https://www.vapormaven.com/,4797051225,vapormaven@gmail.com,2018-01-10,2019-01-21,Yes,V,CBD,,,
Lake Vapors,1303 US-65 Ste 1,,Clinton,AR,72031,US,,5017458699,,2019-12-28,2019-12-28,Yes,V,CBD,,,
Tobacco World,119 Ingram St,,Clinton,AR,72031,US,,5017457680,,2020-02-19,2020-02-19,,T,,,,
Crazy J's,2625 Donaghey Ave Ste #110,,Conway,AR,72032,US,,5012058596,crazyjconway@yahoo.com,2018-08-06,2021-10-20,Yes,S,CBD,,,
Oak St Tobacco Express,511 Oak St,,Conway,AR,72032,US,https://oak-st-tobacco-express.business.site/,5015046919,,2021-04-30,,,T,,,,
Righteous Remedies,1205 Front St,,Conway,AR,72032,US,http://www.shoprighteousremedies.com,5013586290,righteousremedies@outlook.com,2020-07-16,,Yes,C,CBD,,,
That 70's Store,404 US-65 N,,Conway,AR,72032,US,http://www.that70sstore.com/,5015483500,that70sstore@alliancecable.net,2018-12-23,2020-04-16,Yes,H,CBD,,,
Tobacco Corner Plus - Donaghey,2665 Donaghey Ave #109,,Conway,AR,72032,US,,5014509985,,2020-03-14,2022-01-27,Yes,S,CBD,,,
Tobacco SuperStore,800 Walnut St #A,,Conway,AR,72032,US,https://tobaccosuper.com/main/,5013279293,,2018-08-06,2019-12-10,Yes,T,CBD,,,
Tobacco Warehouse,1825 E Oak St #108,,Conway,AR,72032,US,,5013272567,,2020-02-19,,,T,,,,
Vape City Arkansas,813 W Oak St #1,,Conway,AR,72032,US,http://www.vapecityarkansas.com/,5014998288,orders@centralvapesupply.com,2018-08-06,2020-01-05,Yes,V,CBD,,,
Vapor World - Conway,895 W Oak St Ste A,,Conway,AR,72032,US,http://www.vaporworldstore.com/,5019326483,info@vaporworldstore.com,2019-10-02,,,V,,,,
Vapor-Riffic,705 Club Ln Ste 104,,Conway,AR,72034,US,,5012052169,info@vapor-riffic.com,2018-08-06,2020-01-09,,V,,,,
Tobacco SuperStore,100 E 9th Ave,,Crossett,AR,71635,US,https://tobaccosuper.com/main/,8703043559,,2018-08-06,2019-12-10,Yes,T,CBD,,,
Tobacco SuperStore,620 Union St,,Dardanelle,AR,72834,US,http://tobaccosuper.com/,4792295385,,2020-03-01,,,T,,,,
LeCig Electronic Cigarettes,810 W Collin Raye Dr,,De Queen,AR,71832,US,https://lecig.com/,8705251440,,2018-09-30,,,V,,,,
Tobacco SuperStore,352 US-65,,Dumas,AR,71639,US,https://tobaccosuper.com/main/,8703822817,,2018-08-06,2018-11-13,Yes,T,CBD,,,
At Ease Essentials,209 E Main St,,El Dorado,AR,71730,US,https://ateaseessentials.ecwid.com/,8703107058,aeandecbd@gmail.com,2020-11-18,,Yes,C,CBD,,,
Drippers Vape Shop,709 N West Ave,,El Dorado,AR,71730,US,https://dripperscbd.com/,8706398111,drippersvapeshop@gmail.com,2020-12-02,,Yes,V,CBD,,,
Stay Glassy Smoke Shop,1505 Champagnolle Rd,,El Dorado,AR,71730,US,,8708668170,stayglassy1@gmail.com,2018-08-07,2020-03-06,Yes,H,CBD,Yes,,
The Vapor Shop,702 N West Ave,,El Dorado,AR,71730,US,https://www.thevaporshopar.com/,8708640029,kmoore130@msn.com,2018-08-06,2020-01-02,,V,,,,
Vapor Maven,2001 N Center St Ste D,,Elkins,AR,72727,US,https://vapormaven.com,4792403033,,2020-12-13,,Yes,V,CBD,,,
Fain's Herbacy,99 Spring St,,Eureka Springs,AR,72632,US,https://fainsherbacy.com/,4792535687,jim@fainsherbacy.com,2021-01-02,,Yes,O,CBD,Yes,,
Loud Smoke Supply,95 Spring St,,Eureka Springs,AR,72632,US,https://supplyloud.com/,4793636787,sales@supplyloud.com,2019-12-19,2019-12-19,Yes,S,CBD,,,
Vapor Maven,53 N Main St,,Eureka Springs,AR,72632,US,,4793636040,,2020-12-13,2021-10-23,Yes,V,CBD,,,
Hemp Life,95 S Southwinds Rd Ste 7,,Farmington,AR,72730,US,http://www.hemplifeus.com/,4797996753,hemplifeworld@gmail.com,2021-01-26,,Yes,C,CBD,,,
Andys Smoke Shop,2332 N College Ave,,Fayetteville,AR,72703,US,http://www.andyssmokeshop.com/,4792874454,jsmithwick479@gmail.com,2018-08-06,2019-08-06,Yes,H,CBD,,,
CBD American Shaman,509 W Spring St Ste 225,,Fayetteville,AR,72701,US,https://cbdamericanshaman.com/,4793875484,hello@ascbdkava.com,2019-11-11,,Yes,C,CBD,,,
Crazy Js,1004 N Garland Ave,,Fayetteville,AR,72701,US,,4793168448,crazyjfay@gmail.com,2019-01-03,2021-10-20,Yes,S,CBD,,,
Glass Smoke Boutique,46 E Township St,,Fayetteville,AR,72703,US,https://www.glasssmokeboutique.com/,4794456600,glass.smokeboutique@gmail.com,2019-01-16,2019-01-16,Yes,H,CBD,,,
Lit Premium Smoking Supplies,3980 W Wedington Dr Ste 17,,Fayetteville,AR,72704,US,https://www.litsmokingsupplies.com/,4794446452,litsmokingsupplies@gmail.com,2020-01-04,2020-01-04,Yes,S,CBD,,,
Mr. Smoke,1618 N College Ave,,Fayetteville,AR,72703,US,,4799353071,mr.smokecollege@gmail.com,2021-06-07,,,S,,,,
Ohmies Vape And Glass Emporium,2518 W Martin Luther King Jr Blvd,,Fayetteville,AR,72701,US,,8506123110,ohmiesemporium@gmail.com,2018-10-29,,,S,,,,
The Glass Station,434 N College Ave Ste C,,Fayetteville,AR,72701,US,http://www.theglassstation.net/,4799353388,glasstation@gmail.com,2019-01-15,2019-01-15,Yes,H,CBD,,,
Tobacco Outlet,1109 S School Ave,,Fayetteville,AR,72701,US,,4794449496,,2020-07-13,,,T,,,,
Tobacco Superstore,1137 M.L.K. Jr Blvd,,Fayetteville,AR,72701,US,http://tobaccosuper.com/,4794448056,,2020-02-25,,Yes,T,CBD,,,
Tobacco Superstore,2722 N College Ave,,Fayetteville,AR,72703,US,http://tobaccosuper.com/,4794434525,,2020-02-26,,Yes,S,CBD,,,
Vapor Maven,3323 W Wedington Dr,,Fayetteville,AR,72704,US,https://www.vapormaven.com/,4794456466,vapormaven@gmail.com,2018-08-06,2020-01-08,Yes,V,CBD,,,
Vapor Maven,419 N College Ave,,Fayetteville,AR,72701,US,https://www.vapormaven.com/,4799354490,vapormaven@gmail.com,2018-01-10,2019-01-21,Yes,V,CBD,,,
Vapor Maven,2630 E Citizens Dr Ste 1,,Fayetteville,AR,72703,US,,4793137600,vapormaven@gmail.com,2018-01-10,2021-10-23,Yes,V,CBD,,,
Vapor Maven,4366 M.L.K. Jr Blvd,,Fayetteville,AR,72704,US,https://www.vapormaven.com/,4798566530,vapormaven@gmail.com,2018-01-10,2019-01-21,Yes,V,CBD,,,
Tobacco Outlet,201 E Main St,,Flippin,AR,72634,US,,8704532421,,2020-07-14,,,T,,,,
Tobacco SuperStore #05,1116 W 4th St,,Fordyce,AR,71742,US,http://tobaccosuper.com/,8703528597,,2020-01-13,,Yes,S,CBD,,,
Tobacco SuperStore,1067 N Washington St,,Forrest City,AR,72335,US,https://tobaccosuper.com/main/,8706336681,,2018-08-06,2019-12-09,Yes,T,CBD,,,
VaporWize,2315 N Washington St,,Forrest City,AR,72335,US,,8702705200,,2021-10-23,,Yes,V,CBD,,,
33 CBD Supply,2801 Old Greenwood Rd Ste 11,,Fort Smith,AR,72903,US,https://33cbdsupply.com/,4792421024,admin@33supply.net,2020-11-14,,Yes,C,CBD,,,
Best Smoke Shop,2814 N 50th St,,Fort Smith,AR,72904,US,,4794343525,,2019-07-24,,Yes,S,CBD,,,
Cloud 9 Fort Smith,2805 Rogers Ave,,Fort Smith,AR,72901,US,https://fortsmithsmokeshop.com/,4798885893,cloud9fortsmith11@yahoo.com,2020-12-02,,Yes,S,CBD,,,
Discount Tobacco,3438 Midland Blvd,,Fort Smith,AR,72904,US,,4797832696,,2019-10-03,,,T,,,,
Discount Tobacco,9001 Rogers Ave Ste B,,Fort Smith,AR,72903,US,,4794845948,,2019-11-03,,,S,,,,
Discount Tobacco,2000 Rogers Ave,,Fort Smith,AR,72901,US,,4794947740,,2019-09-18,,,T,,,,
MMT Smoke Shop,8209 Rogers Ave Ste E,,Fort Smith,AR,72903,US,http://www.mmtsmokeshop.com/,4795738215,,2019-11-25,,Yes,S,CBD,,,
The Shop Tattoo Glass & Gifts,1101 N C St,,Fort Smith,AR,72901,US,,4794342111,,2021-10-21,2021-10-21,,O,,,,
The Vapor Station,2500 S Zero St Ste J,,Fort Smith,AR,72901,US,,4792263105,,2018-09-19,2019-11-03,Yes,V,CBD,,,
Vapor World Fort Smith,4118 Rogers Ave,,Fort Smith,AR,72903,US,https://www.vaporworldstore.com/,4793089110,info@vaporworldstore.com,2018-08-06,2020-01-09,Yes,V,CBD,,,
Quicker Liquors/Puff & Stuff,11489 US-62 E,,Green Forest,AR,72638,US,,8704372553,,2018-11-21,,,S,,,,
Tobacco SuperStore #75,304 E Main St,,Green Forest,AR,72638,US,http://tobaccosuper.com/,8704385244,,2020-01-15,,,T,,,,
Drippers Vape Shop,168 US-65,,Greenbrier,AR,72058,US,http://drippersvapeshop.com/,5016797777,drippersvapeshop@gmail.com,2018-01-10,2019-09-09,Yes,V,CBD,,,
Greenbrier Discount Tobacco,8 S Broadview St #A,,Greenbrier,AR,72058,US,,5016797187,,2019-11-20,,,T,,,,
Hwy 65 Tobacco Super Shop,655 US-65,,Greenbrier,AR,72058,US,,5015810021,,2021-04-30,,Yes,S,CBD,,,
Tobacco SuperStore,910 W Center St Ste A,,Greenwood,AR,72936,US,http://tobaccosuper.com/,4799960972,,2020-03-01,,,T,,,,
Vapor Maven,626 W Center St,,Greenwood,AR,72936,US,https://vapormaven.com,4799969990,,2020-12-13,,Yes,V,CBD,,,
Puff-N-Snuff Too,8155 Edgemont Rd,,Greers Ferry,AR,72067,US,,,,2020-02-19,,,T,,,,
Tobacco World,8155 Edgemont Rd,,Greers Ferry,AR,72067,US,,5018258256,,2021-10-22,2021-10-22,,T,,,,
J & C Discount Tobacco,1140 S Main St,,Hamburg,AR,71646,US,,8708538025,,2021-04-13,,,T,,,,
Tobacco SuperStore,211 E Jackson St,,Harrisburg,AR,72432,US,http://tobaccosuper.com/,8705783118,,2020-02-26,,Yes,T,CBD,,,
Ohmies Vape and Glass Emporium #4,809 US-62,,Harrison,AR,72601,US,https://ohmiesemporium.com/,8707418152,,2019-09-28,,,V,,,,
The Flippin Hippie,125 Industrial Park Rd,,Harrison,AR,72601,US,,8702046848,,2018-11-02,,Yes,H,CBD,,,
Vapor Maven,1428 Hwy 62-65 Ste H1,,Harrison,AR,72601,US,https://vapormaven.com,8707435560,,2020-12-13,,Yes,V,CBD,,,
Tobacco SuperStore,100 S Hazen Ave,,Hazen,AR,72064,US,http://tobaccosuper.com/,8702553550,,2020-03-01,,,T,,,,
501 Vapes,203 Tulaka Blvd #A,,Heber Springs,AR,72543,US,https://501vapes.com,15012704155,customer@501vapes.com,2020-11-15,,Yes,V,CBD,,,
Heber Springs Discount Tobacco,2210 AR-25 Bypass,,Heber Springs,AR,72543,US,,5013626288,,2019-11-28,,Yes,S,CBD,,,
Tobacco Superstore,1100 AR-25 Bypass Ste A,,Heber Springs,AR,72543,US,http://tobaccosuper.com/,5012060252,,2020-03-01,,Yes,T,CBD,,,
Spring River Tobacco Plus,2475 US-62 #412,,Highland,AR,72542,US,,8709555095,,2021-10-20,,,T,,,,
Tobacco Station USA,200 N Hervey St,,Hope,AR,71801,US,,8707225603,,2019-10-29,,,S,,,,
Tobacco SuperStore #91,1009 N Hervey St,,Hope,AR,71801,US,https://tobaccosuper.com/main/stores/tobacco-superstore-91/,8707221934,,2018-08-06,2021-10-23,Yes,T,CBD,,,
Drippers Vape Shop,913 Malvern Ave Ste A,,Hot Springs,AR,71901,US,http://drippersvapeshop.com/,5017014134,drippersvapeshop@gmail.com,2018-01-10,2019-02-01,Yes,V,CBD,,,
Hot Springs Hemp Company,238 Central Ave,,Hot Springs,AR,71901,US,https://hotspringshempco.com/,5017014004,hotspringshempco@gmail.com,2021-02-08,,Yes,C,CBD,,,
LeCig,1609 Albert Pike Rd,,Hot Springs,AR,71913,US,https://lecig.com/,5016253363,info@lecig.com,2018-08-06,2019-12-28,Yes,V,CBD,,,
Southern Vapor,3339 Central Ave Ste D,,Hot Springs,AR,71913,US,,5016171013,,2014-09-14,2019-01-29,,V,,,,
Tobacco Outlet,5737 Central Ave H,,Hot Springs,AR,71913,US,,5015200099,,2020-07-14,,,S,,,,
Tobacco Outlet,1212 Airport Rd,,Hot Springs,AR,71913,US,,5017675076,,2020-07-13,,,T,,,,
Tobacco SuperStore,2912 Central Ave,,Hot Springs,AR,71913,US,https://tobaccosuper.com/main/,5016242120,,2018-08-06,2019-12-10,Yes,T,CBD,,,
Tobacco SuperStore,410 Airport Rd Ste C,,Hot Springs,AR,71913,US,https://tobaccosuper.com/main/,5016242126,,2018-08-06,2019-12-10,Yes,T,CBD,,,
Tobacco Town Hot Springs,649 E Grand Ave,,Hot Springs,AR,71901,US,,5016232355,,2020-02-28,,,S,,,,
Vapor Cloud Hot Springs,3907 Central Ave Ste A,,Hot Springs,AR,71913,US,,5016250121,vaporcloud.hotsprings@gmail.com,2019-10-14,,Yes,V,CBD,,,
Vapor Stop,1924 Albert Pike Rd,,Hot Springs,AR,71913,US,https://www.vaporstop.com/,5016226882,customerservice@vaporstop.com,2018-08-06,2020-01-08,Yes,V,CBD,,,
Vapor World & CBD Hot Springs,625 Albert Pike Rd Ste C,,Hot Springs,AR,71913,US,http://www.vaporworldcentralark.com,5016099158,supreetmomi@hotmail.com,2018-08-07,2020-01-22,Yes,V,CBD,,,
Vaporstop,3814 Central Ave Ste B,,Hot Springs,AR,71913,US,https://www.vaporstop.com/,5014634304,customerservice@vaporstop.com,2015-11-23,2019-06-03,Yes,V,CBD,,,
Wonderland,5917 Central Ave,,Hot Springs,AR,71913,US,https://wonderlandhotsprings.business.site/,5015200720,,2018-08-06,2019-12-12,,S,,,,
Your CBD Store,231 Central Ave Ste B,,Hot Springs,AR,71901,US,https://cbdrx4u.com/find-us/arkansas/hot-springs,5015458316,hotsprings0140@cbdrx4u.com,2021-06-02,,Yes,C,CBD,,,
Churchill's Fine Cigars & Gifts,633 E Grand Avenue,,Hot Springs National Park,AR,71901,US,,5016232866,wemette@gmail.com,2021-10-23,2021-10-23,,T,,,,
Wonderland,507 Mountain Pine Rd,,Hot Springs National Park,AR,71913,US,,5017672900,,2018-08-06,2019-12-12,Yes,S,CBD,,,
Tobacco SuperStore #79,3589 AR-7,,Hot Springs Village,AR,71909,US,http://tobaccosuper.com/,5016099181,,2020-01-15,,Yes,T,CBD,,,
Your CBD Store,4656 N State Hwy 7 Ste A,,Hot Springs Village,AR,71909,US,https://cbdrx4u.com,5015458316,hsv472@cbdrx4u.com,2020-12-07,,Yes,C,CBD,,,
Tobacco SuperStore #06,809 NW Texas St,,Hoxie,AR,72433,US,http://tobaccosuper.com/,8708867337,,2020-01-13,,Yes,T,CBD,,,
Tobacco World,202 N Parrott Dr,,Huntsville,AR,72740,US,,4797386620,,2020-02-25,,,T,,,,
Tobacco Superstore,511 W Main St,,Jacksonville,AR,72076,US,https://tobaccosuper.com/main/,5019821306,,2018-08-06,2019-12-09,Yes,T,CBD,,,
Tobacco World,14509 AR-107,,Jacksonville,AR,72076,US,,5018338433,,2019-12-18,,,T,,,,
Vape City Arkansas,2050 John Harden Dr Ste G,,Jacksonville,AR,72076,US,http://www.vapecityarkansas.com/,5014577876,vapecity.jacksonville@gmail.com,2018-08-06,2020-01-05,Yes,V,CBD,,,
Vapor World Jacksonville,140 John Harden Dr Ste 7,,Jacksonville,AR,72076,US,https://vaporworldar.com/,5019834712,,2020-07-20,2021-04-13,Yes,V,CBD,,,
Atmos Vapor Lounge,2016 Wilkins Ave,,Jonesboro,AR,72401,US,,8709336347,,2018-10-28,2018-11-04,Yes,S,CBD,,,
Chuckin' Clouds,2621 E Nettleton Ave,,Jonesboro,AR,72401,US,http://www.chuckinclouds.com,8702061158,,2018-10-18,2019-03-12,,V,,,,
Gee St Drive Thru Tobacco Store,504 S Gee St,,Jonesboro,AR,72401,US,,8702686528,,2019-11-14,2019-11-14,,T,,,,
Jonesboro CBD and Wellness by 5 Star Nutrition,2203 Red Wolf Blvd Ste B,,Jonesboro,AR,72401,US,https://5starnutritionusa.com/,8703332569,jonesboro@5starnutritionusa.com,2020-11-12,2020-11-12,Yes,C,CBD,,,
Razor Vapes,1810 E Highland Dr Ste K,,Jonesboro,AR,72401,US,https://razor-vapes.com/,8702067824,playeroneguitar@yahoo.com,2018-08-06,2020-01-01,,V,,,,
Tobacco SuperStore,1214 E Johnson Ave,,Jonesboro,AR,72401,US,https://tobaccosuper.com/,8709356313,,2018-08-06,2019-12-09,Yes,T,CBD,,,
Tobacco SuperStore,2717 S Caraway Rd,,Jonesboro,AR,72401,US,https://tobaccosuper.com/main/,8709353739,,2018-08-06,2019-12-10,Yes,T,CBD,,,
Tobacco SuperStore,3502 E Nettleton Ave #A,,Jonesboro,AR,72401,US,https://tobaccosuper.com/main/,8709351199,,2018-08-06,2019-12-10,Yes,T,CBD,,,
Tobacco SuperStore,405 Southwest Dr,,Jonesboro,AR,72401,US,https://tobaccosuper.com/main/,8709353208,,2018-08-06,2019-12-10,Yes,T,CBD,,,
Tobacco Warehouse,1009 S Gee St,,Jonesboro,AR,72401,US,,8709720911,,2020-02-19,,,T,,,,
Vapor Maven,1841 E Highland Dr Ste C,,Jonesboro,AR,72401,US,https://www.vapormaven.com/,18705206493,vapormaven@gmail.com,2018-08-06,2019-01-21,Yes,V,CBD,,,
Vapor Maven,2704 Alexander Dr Ste H,,Jonesboro,AR,72401,US,https://www.vapormaven.com/,8705206487,vapormaven@gmail.com,2018-01-10,2019-01-21,Yes,V,CBD,,,
Vapor Maven,2304 E Johnson Ave Ste C,,Jonesboro,AR,72401,US,https://www.vapormaven.com/,8705206490,vapormaven@gmail.com,2018-01-10,2019-01-21,,V,,,,
Vapor Six 27,1513 Market Place Dr,,Jonesboro,AR,72401,US,,8702736559,vaporsix27@gmail.com,2018-09-30,,Yes,V,CBD,,,
Becs Puff N' Stuff,348 CW RD Ste E,,Judsonia,AR,72081,US,http://becspuffnstuff.com/,5017293001,becspuffnstuff@outlook.com,2019-12-25,,Yes,S,CBD,,,
Habits,612 W Searcy St,,Kensett,AR,72082,US,http://becspuffnstuff.com/,5017421344,,2019-12-25,,Yes,S,CBD,,,
Spa City Cannabis,2914 Central Ave,,Lake Hamilton,AR,71913,US,https://www.spaccc.com/,5017017203,spacitycc@gmail.com,2020-07-10,,Yes,C,CBD,,,
Tobacco SuperStore,625 US-82,,Lake Village,AR,71653,US,https://tobaccosuper.com/,8702654920,,2018-08-06,2019-12-09,Yes,T,CBD,,,
Abby Road,1400 S University Ave Ste J,,Little Rock,AR,72205,US,https://www.abbyroadlr.com/,5016146400,horatiofigg@abbyroadlr.com,2018-10-25,2018-10-25,Yes,H,CBD,,,
Good Earth Organics,8300 Stagecoach Rd #200,,Little Rock,AR,72210,US,https://goodearthorganics.business.site/,5013989868,geocbdoils@gmail.com,2021-01-13,,Yes,C,CBD,,,
Green Cross Naturals,400 N Bowman Rd #31,,Little Rock,AR,72211,US,https://greencrossnaturals.com/,5017471460,greencrossnaturals@gmail.com,2021-01-15,,Yes,C,CBD,,,
Healing Hemp Of Arkansas,8210 Cantrell Rd,,Little Rock,AR,72227,US,https://healinghempofarkansas.com/,5013135243,info@healinghempofarkansas.com,2020-07-04,,Yes,C,CBD,,,
Heights Apothecary & Hemp Co.,5711 Kavanaugh Blvd,,Little Rock,AR,72207,US,https://heightsapothecaryandhemp.com/,5017471516,info@heightsapothecaryandhemp.com,2021-01-23,,Yes,C,CBD,,,
Joseph Discount Store,1624 S University Ave,,Little Rock,AR,72204,US,,5013531438,josephdiscountstore@gmail.com,2021-02-11,,Yes,S,CBD,,,
MJS Smoke Shop,20603 Arch St,,Little Rock,AR,72206,US,https://mjs-smoke-shop.business.site/,,,2020-01-10,,,T,,,,
Mr. Smoke,303 S Bowman Rd Ste 306,,Little Rock,AR,72211,US,,5014201976,mrsmokeonline@gmail.com,2021-03-10,,Yes,S,CBD,,,
Rogue Vapers,315 N Bowman Rd #3,,Little Rock,AR,72211,US,http://www.roguevapers.com/,4795674257,roguevaper@yahoo.com,2018-08-06,2020-01-01,,V,,,,
Smitty's Smoke Shop,11601 N Rodney Parham Rd Ste 4,,Little Rock,AR,72212,US,https://smittysmokeshop.com/,5017471698,contact@smittysmokeshop.com,2021-01-10,,Yes,S,CBD,,,
The Parthenon,6221 Colonel Glenn Rd Ste 1,,Little Rock,AR,72204,US,https://www.littlerockparthenon.com/,5015655000,zeus@littlerockparthenon.com,2018-08-06,2021-10-21,Yes,S,CBD,,,
The Vapor Connection,11601 W Markham St,,Little Rock,AR,72211,US,https://the-vapor-connection.com/,5019169733,ecig@the-vapor-connection.com,2018-09-30,,Yes,V,CBD,,,
Tobacco Outlet,1508 S University Ave,,Little Rock,AR,72204,US,,5013197579,,2020-07-06,,Yes,T,CBD,,,
Tobacco Outlet,12400 Arch St #A,,Little Rock,AR,72206,US,,5018884525,,2020-07-13,,Yes,S,CBD,,,
Tobacco SuperStore,8414 Geyer Springs Rd #2,,Little Rock,AR,72209,US,https://tobaccosuper.com/main/,5015680234,,2018-08-06,2019-12-10,Yes,T,CBD,,,
Tobacco SuperStore,9501 N Rodney Parham Rd,,Little Rock,AR,72227,US,https://tobaccosuper.com/main/,5012247353,,2018-08-06,2019-12-10,Yes,T,CBD,,,
Toddy Vape And Smoke Shop,14001 Cantrell Rd,,Little Rock,AR,72223,US,https://www.toddysmokeshop.com/,5019162634,toddysmokeshop@gmail.com,2021-10-22,2021-10-22,Yes,S,CBD,,,
Vapor Stop,1401 S University Ave,,Little Rock,AR,72204,US,https://www.vaporstop.com/,5015085180,customerservice@vaporstop.com,2018-08-06,2020-01-08,Yes,V,CBD,,,
Vapor World,9108 N Rodney Parham Rd Ste 304,,Little Rock,AR,72205,US,https://www.vaporworldcentralark.com/,5018123264,vaporworldlittlerock@gmail.com,2018-08-06,2020-01-08,Yes,V,CBD,,,
Vick’s Vape and Glass,45 Fannie Ln Ste 103,,Lonoke,AR,72086,US,https://vicksvape.com/,5016766997,vicksvape@yahoo.com,2021-04-13,,,V,,,,
Vapor Maven,106 N Bloomington St Ste V,,Lowell,AR,72745,US,https://www.vapormaven.com/,4793477584,vapormaven@gmail.com,2018-01-10,2019-02-01,Yes,V,CBD,,,
At Ease Essentials,2044 N Jackson,,Magnolia,AR,71753,US,https://at-ease-essentials-em.business.site/,8709044745,,2020-11-18,,Yes,C,CBD,,,
The Vapor Shop,509 E Main St,,Magnolia,AR,71753,US,https://www.thevaporshopar.com/,8705622918,,2018-09-28,,,V,,,,
Tobacco SuperStore,1100 E Main St,,Magnolia,AR,71753,US,https://tobaccosuper.com/main/,8702348959,,2018-08-06,2019-12-10,Yes,T,CBD,,,
Central Vape Shop,1721 Martin Luther King Blvd Unit X,,Malvern,AR,72104,US,,5012291331,,2021-10-23,,,V,,,,
Chuckin' Clouds Vape Shop,303 Bancario Rd Ste 10,,Marion,AR,72364,US,https://www.chuckinclouds.com/,8706351019,,2019-03-26,,,V,,,,
Abby Road Maumelle,9807 Maumelle Blvd,,Maumelle,AR,72113,US,,5014008358,,2020-11-15,,Yes,H,CBD,,,
Tobacco SuperStore,700 Edgewood Dr,,Maumelle,AR,72113,US,https://tobaccosuper.com/main/,5018510432,,2018-08-06,2019-12-10,Yes,T,CBD,,,
Tobacco Superstore,210 E Main St,,Melbourne,AR,72556,US,https://www.tobaccosuper.com/,8703687270,,2019-12-17,2020-01-15,Yes,T,CBD,,,
Tobacco SuperStore,518 US-71,,Mena,AR,71953,US,https://tobaccosuper.com/main/,4794373737,,2018-08-06,2019-12-10,Yes,T,CBD,,,
Paul's Smoke Shop,512 W Gaines St,,Monticello,AR,71655,US,,8704604774,,2020-02-03,,Yes,S,CBD,,,
Tobacco SuperStore,460 US-425,,Monticello,AR,71655,US,http://tobaccosuper.com/,8703673992,,2020-03-02,,,T,,,,
Tobacco Corner Plus,319 E Broadway St,,Morrilton,AR,72110,US,,5019771312,tobaccocorner2019@outlook.com,2020-06-11,,Yes,T,CBD,,,
Tobacco Town,1512 E Harding St,,Morrilton,AR,72110,US,,,,2020-03-01,,,T,,,,
The Flippin Hippie,916 Hwy 62 E,,Mountain Home,AR,72653,US,,8707015010,flippinhippie@gmail.com,2018-12-22,2020-07-18,Yes,H,CBD,,,
Tobacco Station USA,203 Hwy 62 E,,Mountain Home,AR,72653,US,https://tobaccostation203.business.site/,8704252701,,2019-12-04,,Yes,S,CBD,,,
Vapor Maven Mountain Home,2568 Hwy 62 E,,Mountain Home,AR,72653,US,https://www.vapormaven.com/,8704922228,vapormaven@gmail.com,2018-01-10,2019-01-21,Yes,V,CBD,,,
LeCig,105 W Shepherd St,,Nashville,AR,71852,US,https://lecig.com/,8708453886,info@lecig.com,2018-08-06,2019-12-28,Yes,V,CBD,,,
Tobacco SuperStore #86,401 S Main St,,Nashville,AR,71852,US,http://tobaccosuper.com/,8704519240,,2020-01-15,,Yes,T,CBD,,,
Tobacco SuperStore,2000 Malcolm Ave,,Newport,AR,72112,US,https://tobaccosuper.com/main/,8705236268,,2018-08-06,2019-12-09,Yes,T,CBD,,,
Abby Road North,5302 Macarthur Dr,,North Little Rock,AR,72118,US,,5017717766,abbyroadnorth@gmail.com,2018-10-25,2018-11-11,Yes,H,CBD,,,
Bungalow Bills,22 Remount Rd,,North Little Rock,AR,72118,US,,5018122061,,2019-07-29,,,H,,,,
CBD Origin,3718 John F Kennedy Blvd,,North Little Rock,AR,72116,US,,5014544783,cbdoriginar@gmail.com,2020-11-12,,Yes,C,CBD,,,
Mr. Smoke,4530 E McCain Blvd Ste B,,North Little Rock,AR,72117,US,https://mrsmoke-nlr.business.site/,5012463280,mrsmokenlr@gmail.com,2021-10-21,,Yes,S,CBD,,,
Razor Vapes,4623 E McCain Blvd,,North Little Rock,AR,72117,US,https://razor-vapes.com/,5013530679,,2018-08-06,2019-12-31,,V,,,,
Rogue Vapers,2917 Lakewood Village Dr,,North Little Rock,AR,72116,US,http://www.roguevapers.com/,5014201792,roguevapers2@yahoo.com,2018-08-06,2020-01-01,,V,,,,
Tobacco Outlet,4615 E Broadway St,,North Little Rock,AR,72117,US,,5019457229,,2019-11-29,,,T,,,,
Tobacco SuperStore,4604 John F Kennedy Blvd #10,,North Little Rock,AR,72116,US,https://tobaccosuper.com/,5017710415,,2018-08-06,2019-12-09,Yes,T,CBD,,,
Tobacco SuperStore,3807 Camp Robinson Rd,,North Little Rock,AR,72118,US,https://tobaccosuper.com/main/,5017583225,,2018-08-06,2019-12-10,Yes,T,CBD,,,
Vapor World,4710 John F Kennedy Blvd,,North Little Rock,AR,72116,US,http://www.vaporworldcentralark.com/,5012465926,vaporworldlr@gmail.com,2018-08-06,2020-01-08,Yes,V,CBD,,,
Wild Things,18715 MacArthur Dr Ste 2,,North Little Rock,AR,72106,US,https://realbudcamo.com/,5018030666,,2018-12-22,,Yes,H,CBD,,,
Tobacco SuperStore,1260 W Keiser Ave,,Osceola,AR,72370,US,https://tobaccosuper.com/main/,8706220151,,2018-08-06,2019-12-10,Yes,T,CBD,,,
Tobacco Town,321 N 3rd St,,Ozark,AR,72949,US,,4796674952,,2020-03-01,,,T,,,,
Chuckin' Clouds,211 N 23rd St Ste 2,,Paragould,AR,72450,US,http://howtoopenavapeshop.com/,8704503954,smartbombmarketing@gmail.com,2018-10-16,2018-10-16,Yes,V,CBD,,,
Tobacco Superstore,2700 W Kingshighway #1,,Paragould,AR,72450,US,https://www.tobaccosuper.com/,8702398589,,2020-02-26,,Yes,S,CBD,,,
Tobacco SuperStore #78,517 E Kings Hwy,,Paragould,AR,72450,US,http://tobaccosuper.com/,8702362296,,2020-01-15,,,T,,,,
Vapor Maven,1015 Linwood Dr Unit 8,,Paragould,AR,72450,US,https://www.vapormaven.com/,8705738003,vapormaven@gmail.com,2018-01-10,2022-01-12,Yes,V,CBD,,,
Tobacco Town,1205 E Walnut St,,Paris,AR,72855,US,,4799632556,,2020-03-01,,Yes,T,CBD,,,
B's Vape And Glass,141 N Curtis Ave,,Pea Ridge,AR,72751,US,https://bs-vape-and-glass.business.site/,9188016064,bsvapeandglass@gmail.com,2020-06-19,,Yes,V,CBD,,,
Tobacco World,190 S Curtis Ave,,Pea Ridge,AR,72751,US,,4797213733,,2019-12-18,,,T,,,,
Tobacco Corner,413 Fourche Ave,,Perryville,AR,72126,US,,5018892005,,2021-04-13,,Yes,T,CBD,,,
Record Rack,2801 S Olive St #36A,,Pine Bluff,AR,71603,US,,8705365089,recordrack2801@aol.com,2020-07-16,,Yes,O,CBD,,,
The Hut Gift Shop,608 S Cherry St,,Pine Bluff,AR,71601,US,,8705364475,,2019-12-13,,Yes,H,CBD,,,
Tobacco Outlet,3800 S Camden Rd #3,,Pine Bluff,AR,71603,US,,8708791925,,2020-07-14,,,T,,,,
Tobacco SuperStore,1512 US-67 Ste H,,Pocahontas,AR,72455,US,http://tobaccosuper.com/,8708929710,,2020-03-01,,Yes,S,CBD,,,
Tobacco SuperStore,1744 US-62,,Pocahontas,AR,72455,US,http://tobaccosuper.com/,8708921174,,2020-03-02,,Yes,T,CBD,,,
Tobacco SuperStore,301 W 1st St N,,Prescott,AR,71857,US,https://tobaccosuper.com/main/,8708871020,,2018-08-06,2019-12-10,Yes,T,CBD,,,
Tobacco World,29 College St,,Quitman,AR,72131,US,,5015893533,,2020-02-19,,Yes,T,CBD,,,
Andy's Smoke Shop,102 N 24th St #1,,Rogers,AR,72756,US,https://www.andyssmokeshop.com/,4792020917,jsmithwick479@gmail.com,2018-09-18,,Yes,S,CBD,,,
CBD American Shaman of Rogers,4500 W Walnut St Ste 9,,Rogers,AR,72756,US,https://479shamancbd.com/,4793726552,479shamancbd@gmail.com,2019-11-08,,Yes,C,CBD,,,
Happy Daze,2704 W Walnut St,,Rogers,AR,72756,US,,4793726138,markyounk@happydazesmokeshop.net,2018-11-24,,Yes,H,CBD,,,
Hippie World,2030 W Elm St,,Rogers,AR,72758,US,,4793726079,hippieworld20@gmail.com,2021-04-13,,Yes,S,CBD,,,
Maritzas,400 S 8th St Ste C,,Rogers,AR,72756,US,,4796338533,service@maritzas.com,2018-11-14,,Yes,H,CBD,,,
Miss Ds CBD & Hemp Shop,1500 W Walnut St,,Rogers,AR,72756,US,http://www.missdscbd.com,4793724555,missdscbd@gmail.com,2019-04-28,2020-12-16,Yes,S,CBD,,,
The Velvet Vapor,4404 W Walnut St Ste 15,,Rogers,AR,72756,US,http://thevelvetvapor.com/,4799037115,thevelvetvapor@gmail.com,2018-08-06,2020-01-03,Yes,V,CBD,,,
Tobacco Outlet,1307 W Walnut St,,Rogers,AR,72756,US,,4799860747,,2020-07-14,,,S,,,,
Vapor World Rogers,105 S 21st St Ste C,,Rogers,AR,72758,US,,4798996277,,2018-08-06,2020-01-09,Yes,V,CBD,,,
Rogue Vapers,909 E Main St,,Russellville,AR,72801,US,http://www.roguevapers.com/,4792195103,roguevaper@yahoo.com,2018-08-06,2020-01-01,,V,,,,
The Atomic Squid,1410 East Main Street,,Russellville,AR,72801,US,,4799683337,,2018-11-24,2018-11-24,,H,,,,
Tobacco Town,115 E Parkway Dr,,Russellville,AR,72801,US,,4799683006,,2021-10-22,,,T,,,,
Tobacco Town Russellville,200 E 4th St,,Russellville,AR,72801,US,,4799676431,,2020-02-25,2020-02-25,Yes,T,CBD,,,
Tobacco Town Russellville East,1710 E Main St,,Russellville,AR,72801,US,,4799671310,,2020-02-25,,,T,,,,
Vape City Arkansas,101 E Parkway Dr,,Russellville,AR,72801,US,http://www.vapecityarkansas.com/,4794988228,orders@centralvapesupply.com,2018-08-06,2020-01-05,Yes,V,CBD,,,
Vapor + CBD,2005 N Arkansas Ave Ste 3,,Russellville,AR,72802,US,,4792195437,,2020-11-12,2020-12-01,Yes,V,CBD,,,
Vapor World,103 Weir Rd,,Russellville,AR,72802,US,,4794980909,,2018-08-06,2020-01-09,Yes,V,CBD,,,
Discount Pipes Tobacco & Vape,2211 E Race Ave,,Searcy,AR,72143,US,,5012034017,discountptv@mail.com,2019-09-21,2021-04-13,Yes,S,CBD,,,
King Tobacco,1310 W Pleasure Ave,,Searcy,AR,72143,US,,5012034199,,2019-12-04,,,S,,,,
Rogue Vapers Searcy,2029 E Race Ave,,Searcy,AR,72143,US,https://roguevaperssearcy.com/,5015933929,searcyrogue@gmail.com,2017-12-26,2019-01-31,Yes,V,CBD,,,
Sara's Smoke Shop,811 S Main St Ste D,,Searcy,AR,72143,US,,,saras.smokeshop@gmail.com,2021-03-20,2021-08-14,Yes,S,CBD,,,
Tobacco Superstore,2712 E Race Ave,,Searcy,AR,72143,US,https://tobaccosuper.com/,5012685535,,2018-08-06,2019-12-09,Yes,T,CBD,,,
Tobacco SuperStore,1501 W Pleasure Ave,,Searcy,AR,72143,US,https://tobaccosuper.com/main/,5012790990,,2018-08-06,2019-12-10,Yes,T,CBD,,,
Vapor Maven Searcy,3534 E Race Ave,,Searcy,AR,72143,US,https://www.vapormaven.com/,15012070137,vapormaven@gmail.com,2018-01-10,2019-01-21,Yes,V,CBD,,,
Tobacco SuperStore,800 W Center St,,Sheridan,AR,72150,US,http://tobaccosuper.com/,8709428000,,2020-03-02,,,T,,,,
13 Peaks Trading Company,8000 Hwy 107 Ste 8,,Sherwood,AR,72120,US,http://www.13peakstrading.com,5014340226,jon@13peakstrading.com,2021-03-27,,,H,,,,
CBD Vapor Planet,3301 E Kiehl Ave,,Sherwood,AR,72120,US,https://www.cbdvaporplanet.com/contact-us,5018196022,dwjohnson0621@gmail.com,2021-10-22,2021-10-22,Yes,H,CBD,,,
PayLess Tobacco & Vape,250 W Kiehl Ave #C,,Sherwood,AR,72120,US,,5018355451,,2020-02-03,2020-02-03,Yes,T,CBD,,,
Tobacco Outlet,3901 E Kiehl Ave #F,,Sherwood,AR,72120,US,,5018339383,,2020-07-14,,,S,,,,
"Your CBD Store - Sherwood, AR",9714 AR-107,,Sherwood,AR,72120,US,https://cbdrx4u.com/,5018647400,,2019-09-10,2019-09-10,Yes,C,CBD,,,
Ohmies Vape And Glass Emporium #5,1123 Hwy 412 West,,Siloam Springs,AR,72761,US,https://ohmiesemporium.com/,4793731854,,2021-02-21,,Yes,V,CBD,,,
Vapor Maven,1225 W US-412,,Siloam Springs,AR,72761,US,,4793731955,vapormaven@gmail.com,2016-03-08,2021-10-23,Yes,V,CBD,,,
Andy's Smoke Shop,2940 W Sunset Ave Unit B1,,Springdale,AR,72762,US,http://andyssmokeshop.com/,4793652205,jsmithwick479@gmail.com,2019-07-18,2019-07-18,Yes,S,CBD,,,
Ozark Glass & Novelty,1039 S Gutensohn Rd Ste B,,Springdale,AR,72762,US,http://ozarkglass.com,4797561205,info@ozarkglass.com,2019-01-08,,Yes,H,CBD,,,
Ozarks Vaporium,2111 S Old Missouri Rd Ste B,,Springdale,AR,72764,US,,4792760639,ozarksvaporium@gmail.com,2018-09-30,,,V,,,,
Tobacco Outlet,800 S Thompson St Ste D,,Springdale,AR,72764,US,,4797500221,,2019-12-17,,,T,,,,
Tobacco Outlet of Springdale 2,623 E Robinson Ave,,Springdale,AR,72764,US,,4798727369,,2019-12-04,,Yes,S,CBD,,,
Vapor Maven,1602 E Robinson Ave Ste J,,Springdale,AR,72764,US,,4793472449,vapormaven@gmail.com,2018-01-10,2021-10-23,Yes,V,CBD,,,
XL Vapors,1039 S Gutensohn Rd Ste A,,Springdale,AR,72762,US,https://www.xlvapors.com/,4797561205,xlvaporar@gmail.com,2018-08-06,2020-01-11,Yes,V,CBD,,,
Tobacco SuperStore #73,209 S Lincoln Ave,,Star City,AR,71667,US,http://tobaccosuper.com/,8706284660,,2019-12-17,,,T,,,,
Willie's Oasis,14070 Strong Hwy,,Strong,AR,71765,US,https://willies-oasis.business.site/,8707972042,,2021-10-23,,Yes,O,CBD,,,
Tobacco Superstore,2111 S Main St,,Stuttgart,AR,72160,US,http://tobaccosuper.com/,8706734353,,2020-02-26,,,T,,,,
State Line Carton Station,2410 N State Line Ave,,Texarkana,AR,71854,US,,8707747781,,2020-04-06,2020-04-06,,T,,,,
Tobacco Station USA,3202 Jefferson Ave,,Texarkana,AR,71854,US,http://website-6955821425571387946111-tobaccoshop.business.site/,8707732580,,2020-03-14,,Yes,S,CBD,,,
Ozark Mountain Hemp,513 Main St,,Van Buren,AR,72956,US,https://ozarkmountainhemp.wixsite.com/hemp,4796895300,,2020-07-15,2020-07-15,Yes,C,CBD,,,
Tobacco Mart,1408 Fayetteville Rd #B,,Van Buren,AR,72956,US,,4794748253,,2020-01-16,,,S,,,,
Tobacco SuperStore,2515 Alma Hwy,,Van Buren,AR,72956,US,https://tobaccosuper.com/main/,4794742304,,2018-08-06,2019-12-10,Yes,T,CBD,,,
Vapor Station,109 Sandstone Dr,,Van Buren,AR,72956,US,https://www.vaporstation.com/,4792626818,help@vaporstation.com,2018-08-06,2020-01-08,Yes,V,CBD,,,
Tobacco SuperStore #81,1067 W 2nd St,,Waldron,AR,72958,US,http://tobaccosuper.com/,4796372888,,2020-01-15,,Yes,T,CBD,,,
Tobacco Superstore,209 N Martin St,,Warren,AR,71671,US,http://tobaccosuper.com/,8702262220,,2020-03-04,,,T,,,,
Tobacco SuperStore,300 W Service Rd #3,,West Memphis,AR,72301,US,https://tobaccosuper.com/main/,8707356887,,2018-08-06,2019-12-10,Yes,T,CBD,,,
VaporWize,1705 N Missouri St,,West Memphis,AR,72301,US,http://www.vaporwize.com/,8703944438,vaporwize@gmail.com,2019-09-30,,Yes,V,CBD,,,
Mad Wizard Vape Shop,6210 Dollarway Rd Ste 2B,,White Hall,AR,71602,US,http://www.themadwizard.com,5012002707,techlordz@yahoo.com,2018-10-18,2018-10-18,,V,,,,
Paul's Discount Tobacco,5902 Dollarway Rd,,White Hall,AR,71602,US,,8702479034,,2020-02-03,,,T,,,,
Woodland Smoke Shop,7197 Sheridan Rd Ste 103,,White Hall,AR,71602,US,,8702473516,,2019-09-17,,,S,,,,
Southern Rock Tobacco Shop,201 US-62,,Yellville,AR,72687,US,,8704497665,anna@southernrocktobaccoshop.com,2019-06-24,,,T,,,,